Issuer;Customer;Card;License plate No;Transactiondate;Product INV;Quantity;Gross CC;VAT;Voucher;Mileage;Corrected mileage;Additional info;Supply country;Site Town;Product DEL;Unitprice;Amount;Discount;Surcharge;VAT;Suppliercurrency;Invoice No;Invoice date;Invoiced?;VAT2010;State;Supplier;Cost 1;Cost 2;Reference No;Recordtype;Amount other;is listprice ?;Approval code;Date to;Final Trx.;LPI
710111;107258;341;BG 1563 - NE;2025-10-16 11:52:00;ED MAXXMOTION;26.78;5,701.50;950.25;00138354;0;0;                  ;SR;RUMA;ED MAXXMOTION;212.901;5,701.50;0.00;0.00;950.25;RSD;8915400359;2025-10-31;YES;NO;217;OMV-RS;;;;D;0.00;No;715216;2025-10-16;1;
710111;107258;341;BG 1563 - NE;2025-10-22 11:03:00;OMV EVRO DIZEL;50.01;9,301.86;1,550.31;00068529;0;0;                  ;SR;JURIJA GAGARINA;OMV EVRO DIZEL;186.000;9,301.86;0.00;0.00;1,550.31;RSD;8915400359;2025-10-31;YES;NO;217;OMV-RS;;;;D;9,601.90;Yes;710324;2025-10-22;1;
710111;107258;341;BG 1563 - NE;2025-10-28 09:58:00;OMV EVRO DIZEL;58.30;10,931.25;1,821.87;00082045;0;0;                  ;SR;BUBANJ POTOK;OMV EVRO DIZEL;187.500;10,931.25;0.00;0.00;1,821.87;RSD;8915400359;2025-10-31;YES;NO;217;OMV-RS;;;;D;11,251.90;Yes;795904;2025-10-28;1;
710111;107258;341;BG 1563 - NE;2025-10-29 08:58:00;OMV EVRO DIZEL;31.62;5,928.75;988.12;00171206;0;0;                  ;SR;LAPOVO JUG;OMV EVRO DIZEL;187.500;5,928.75;0.00;0.00;988.12;RSD;8915400359;2025-10-31;YES;NO;217;OMV-RS;;;;D;6,102.70;Yes;785843;2025-10-29;1;
710111;107258;341;BG 1563 - NE;2025-11-07 13:13:00;ED MAXXMOTION;48.56;9,998.50;1,666.42;00146179;0;0;                  ;SR;ADA CIGANLIJA;ED MAXXMOTION;205.900;9,998.50;0.00;0.00;1,666.42;RSD;8915402843;2025-11-15;YES;NO;217;OMV-RS;;;;D;0.00;No;731337;2025-11-07;1;
710111;107258;341;BG 1563 - NE;2025-11-14 16:53:00;ED MAXXMOTION;47.42;10,000.90;1,666.82;00145806;0;0;                  ;SR;ADA CIGANLIJA;ED MAXXMOTION;210.900;10,000.90;0.00;0.00;1,666.82;RSD;8915402843;2025-11-15;YES;NO;217;OMV-RS;;;;D;0.00;No;765332;2025-11-14;1;
710111;107258;341;BG 1563 - NE;2025-11-19 09:01:00;OMV EVRO DIZEL;50.92;10,031.24;1,671.87;00084020;0;0;                  ;SR;ZAJECAR;OMV EVRO DIZEL;197.000;10,031.24;0.00;0.00;1,671.87;RSD;8915405535;2025-11-30;YES;NO;117;OMV-RS;;;;D;10,234.92;Yes;790110;2025-11-19;1;
710111;107258;341;BG 1563 - NE;2025-12-03 09:26:00;OMV EVRO DIZEL;46.16;9,093.52;1,515.59;00103664;0;0;                  ;SR;BOLJEVAC;OMV EVRO DIZEL;197.000;9,093.52;0.00;0.00;1,515.59;RSD;8915408077;2025-12-15;YES;NO;117;OMV-RS;;;;D;9,278.16;Yes;792646;2025-12-03;1;
710111;107258;341;BG 1563 - NE;2025-12-25 11:48:00;OMV EVRO DIZEL;51.01;9,666.40;1,611.07;00091163;0;0;                  ;SR;JURIJA GAGARINA;OMV EVRO DIZEL;189.500;9,666.40;0.00;0.00;1,611.07;RSD;8915410794;2025-12-31;YES;NO;217;OMV-RS;;;;D;9,997.96;Yes;714812;2025-12-25;1;
710111;107258;341;BG 1563 - NE;2026-01-28 11:12:00;OMV EVRO DIZEL;55.83;10,412.30;1,735.38;00016547;0;0;                  ;SR;KRNJACA;OMV EVRO DIZEL;186.500;10,412.30;0.00;0.00;1,735.38;RSD;8916354637;2026-01-31;YES;NO;217;OMV-RS;;;;D;10,775.19;Yes;711303;2026-01-28;1;
710111;107258;341;BG 1563 - NE;2026-03-09 11:29:00;EDMAXXM ZIMSKI;56.52;12,824.39;2,137.40;00233311;0;0;                  ;SR;OBILAZNICA 1;EDMAXXM ZIMSKI;226.900;12,824.39;0.00;0.00;2,137.40;RSD;8916363465;2026-03-15;YES;NO;217;OMV-RS;;;;D;0.00;No;712915;2026-03-09;1;
710111;107258;341;BG 1563 - NE;2026-03-13 09:39:00;ED MAXXMOTION;57.22;12,468.24;2,078.04;00204827;0;0;                  ;SR;ADA CIGANLIJA;ED MAXXMOTION;217.900;12,468.24;0.00;0.00;2,078.04;RSD;8916366460;2026-03-31;YES;NO;217;OMV-RS;;;;D;0.00;No;793934;2026-03-13;1;
710111;107258;341;BG 1563 - NE;2026-04-18 09:11:00;OMV EVRO DIZEL;48.43;10,509.31;1,751.55;00168851;0;0;                  ;SR;KNEZEVAC;OMV EVRO DIZEL;217.000;10,509.31;0.00;0.00;1,751.55;RSD;8916372386;2026-04-30;YES;NO;217;OMV-RS;;;;D;10,509.31;Yes;791108;2026-04-18;1;
710111;107258;341;BG 1563 - NE;2026-04-20 10:56:00;OMV EVRO DIZEL;24.18;5,247.06;874.51;00126949;0;0;                  ;SR;RUMA;OMV EVRO DIZEL;217.000;5,247.06;0.00;0.00;874.51;RSD;8916372386;2026-04-30;YES;NO;217;OMV-RS;;;;D;5,247.06;Yes;705613;2026-04-20;1;
710111;107258;341;BG 1563 - NE;2026-04-27 11:11:00;OMV EVRO DIZEL;54.57;11,950.83;1,991.80;00229722;150697;150697;                  ;SR;JURIJA GAGARINA;OMV EVRO DIZEL;219.000;11,950.83;0.00;0.00;1,991.80;RSD;8916372386;2026-04-30;YES;NO;217;OMV-RS;;;;D;11,950.83;Yes;711151;2026-04-27;1;
710111;107258;341;BG 1563 - NE;2026-05-06 12:17:00;OMV EVRO DIZEL;55.05;12,166.05;2,027.67;00172258;0;0;                  ;SR;LAPOVO SEVER;OMV EVRO DIZEL;221.000;12,166.05;0.00;0.00;2,027.67;RSD;8916375402;2026-05-15;YES;NO;217;OMV-RS;;;;D;12,166.05;Yes;721744;2026-05-06;1;
710111;107258;341;BG 1563 - NE;2026-05-12 09:58:00;OMV EVRO DIZEL;52.05;11,607.15;1,934.52;00280792;0;0;                  ;SR;BORSKA;OMV EVRO DIZEL;223.000;11,607.15;0.00;0.00;1,934.52;RSD;8916375402;2026-05-15;YES;NO;217;OMV-RS;;;;D;11,607.15;Yes;795842;2026-05-12;1;
710111;107258;341;BG 1563 - NE;2026-05-27 08:38:00;OMV EVRO DIZEL;49.36;10,933.24;1,822.21;00021376;0;0;                  ;SR;RUMA;OMV EVRO DIZEL;221.500;10,933.24;0.00;0.00;1,822.21;RSD;8916378386;2026-05-31;YES;NO;217;OMV-RS;;;;D;11,106.00;Yes;783828;2026-05-27;1;
710111;107258;341;BG 1563 - NE;2026-06-01 07:49:00;OMV EVRO DIZEL;54.62;11,934.47;1,989.08;00050931;0;0;                  ;SR;BUBANJ POTOK;OMV EVRO DIZEL;218.500;11,934.47;0.00;0.00;1,989.08;RSD;8916381034;2026-06-15;YES;NO;217;OMV-RS;;;;D;12,125.64;Yes;774953;2026-06-01;1;
710111;107258;341;BG 1563 - NE;2026-06-09 08:01:00;OMV EVRO DIZEL;54.28;11,833.04;1,972.17;00158782;0;0;                  ;SR;BUBANJ POTOK;OMV EVRO DIZEL;218.000;11,833.04;0.00;0.00;1,972.17;RSD;8916381034;2026-06-15;YES;NO;217;OMV-RS;;;;D;12,050.16;Yes;780126;2026-06-09;1;
710111;107258;341;BG 1563 - NE;2026-06-17 09:33:00;OMV EVRO DIZEL;37.57;8,077.55;1,346.26;00065482;0;0;                  ;SR;LAPOVO JUG;OMV EVRO DIZEL;215.000;8,077.55;0.00;0.00;1,346.26;RSD;8916383263;2026-06-21;YES;NO;217;OMV-RS;;;;D;8,265.40;Yes;793723;2026-06-17;1;
710111;107258;341;BG 1563 - NE;2026-06-24 08:56:00;OMV EVRO DIZEL;56.87;11,999.57;1,999.93;00164325;0;0;                  ;SR;BUBANJ POTOK;OMV EVRO DIZEL;211.000;11,999.57;0.00;0.00;1,999.93;RSD;8916386380;2026-06-28;YES;NO;217;OMV-RS;;;;D;12,340.79;Yes;785705;2026-06-24;1;
710111;107258;341;BG 1563 - NE;2026-06-30 11:47:00;OMV EVRO DIZEL;58.75;12,337.50;2,056.25;00069306;0;0;                  ;SR;LAPOVO SEVER;OMV EVRO DIZEL;210.000;12,337.50;0.00;0.00;2,056.25;RSD;8916388629;2026-06-30;YES;NO;217;OMV-RS;;;;D;12,748.75;Yes;714803;2026-06-30;1;
710111;107258;341;BG 1563 - NE;2026-07-24 17:12:00;OMV EVRO DIZEL;50.38;11,133.98;1,855.66;00116539;0;0;                  ;SR;BESKA 1;OMV EVRO DIZEL;221.000;11,133.98;0.00;0.00;1,855.66;RSD;;;NO;NO;217;OMV-RS;;;;D;11,285.12;Yes;771238;2026-07-24;1;
710111;107258;440;BG 2348 - TN;2025-11-03 17:11:00;ED MAXXMOTION;44.50;9,429.60;1,571.60;00084615;72700;72700;                  ;SR;BUBANJ POTOK;ED MAXXMOTION;211.901;9,429.60;0.00;0.00;1,571.60;RSD;8915402843;2025-11-15;YES;NO;217;OMV-RS;;;;D;0.00;No;771133;2025-11-03;1;
710111;107258;440;BG 2348 - TN;2025-11-17 06:53:00;ED MAXXMOTION;36.84;8,174.80;1,362.47;00175094;72000;72000;                  ;SR;OBILAZNICA 1;ED MAXXMOTION;221.900;8,174.80;0.00;0.00;1,362.47;RSD;8915405535;2025-11-30;YES;NO;217;OMV-RS;;;;D;0.00;No;765311;2025-11-17;1;
710111;107258;440;BG 2348 - TN;2025-11-28 07:43:00;EDMAXXM ZIMSKI;45.47;9,998.85;1,666.47;00204034;73849;73849;                  ;SR;BUBANJ POTOK;EDMAXXM ZIMSKI;219.900;9,998.85;0.00;0.00;1,666.47;RSD;8915405535;2025-11-30;YES;NO;217;OMV-RS;;;;D;0.00;No;774321;2025-11-28;1;
710111;107258;440;BG 2348 - TN;2025-12-15 07:26:00;EDMAXXM ZIMSKI;46.23;9,888.60;1,648.10;00214920;0;0;                  ;SR;BUBANJ POTOK;EDMAXXM ZIMSKI;213.900;9,888.60;0.00;0.00;1,648.10;RSD;8915408077;2025-12-15;YES;NO;217;OMV-RS;;;;D;0.00;No;772634;2025-12-15;1;
710111;107258;440;BG 2348 - TN;2025-12-24 15:03:00;EDMAXXM ZIMSKI;39.52;8,137.17;1,356.19;00090880;75048;75048;                  ;SR;JURIJA GAGARINA;EDMAXXM ZIMSKI;205.900;8,137.17;0.00;0.00;1,356.19;RSD;8915410794;2025-12-31;YES;NO;217;OMV-RS;;;;D;0.00;No;750358;2025-12-24;1;
710111;107258;440;BG 2348 - TN;2026-01-13 09:36:00;EDMAXXM ZIMSKI;39.47;7,929.52;1,321.59;00187922;75575;75575;                  ;SR;ADA CIGANLIJA;EDMAXXM ZIMSKI;200.900;7,929.52;0.00;0.00;1,321.59;RSD;8916351914;2026-01-15;YES;NO;217;OMV-RS;;;;D;0.00;No;793700;2026-01-13;1;
710111;107258;440;BG 2348 - TN;2026-01-21 10:38:00;EDMAXXM ZIMSKI;39.31;7,936.69;1,322.78;00174079;76069;76069;                  ;SR;JURIJA GAGARINA;EDMAXXM ZIMSKI;201.900;7,936.69;0.00;0.00;1,322.78;RSD;8916354637;2026-01-31;YES;NO;217;OMV-RS;;;;D;0.00;No;703859;2026-01-21;1;
710111;107258;440;BG 2348 - TN;2026-02-02 06:02:00;EDMAXXM ZIMSKI;45.23;9,448.55;1,574.76;00113452;0;0;                  ;SR;BUBANJ POTOK;EDMAXXM ZIMSKI;208.900;9,448.55;0.00;0.00;1,574.76;RSD;8916357592;2026-02-15;YES;NO;217;OMV-RS;;;;D;0.00;No;760211;2026-02-02;1;
710111;107258;440;BG 2348 - TN;2026-02-13 11:31:00;EDMAXXM ZIMSKI;43.26;9,383.09;1,563.85;00221500;77300;77300;                  ;SR;OBILAZNICA 1;EDMAXXM ZIMSKI;216.900;9,383.09;0.00;0.00;1,563.85;RSD;8916357592;2026-02-15;YES;NO;217;OMV-RS;;;;D;0.00;No;713124;2026-02-13;1;
710111;107258;440;BG 2348 - TN;2026-02-20 17:24:00;OMV EVRO DIZEL;41.88;7,999.08;1,333.18;00258917;77859;77859;                  ;SR;BUBANJ POTOK;OMV EVRO DIZEL;191.000;7,999.08;0.00;0.00;1,333.18;RSD;8916360516;2026-02-28;YES;NO;217;OMV-RS;;;;D;8,292.24;Yes;772459;2026-02-20;1;
710111;107258;440;BG 2348 - TN;2026-03-01 09:18:00;EDMAXXM ZIMSKI;31.54;6,809.49;1,134.91;00264584;0;0;                  ;SR;BUBANJ POTOK;EDMAXXM ZIMSKI;215.900;6,809.49;0.00;0.00;1,134.91;RSD;8916363465;2026-03-15;YES;NO;217;OMV-RS;;;;D;0.00;No;791842;2026-03-01;1;
710111;107258;440;BG 2348 - TN;2026-03-10 10:43:00;EDMAXXM ZIMSKI;39.10;8,754.49;1,459.08;00271153;0;0;                  ;SR;BUBANJ POTOK;EDMAXXM ZIMSKI;223.900;8,754.49;0.00;0.00;1,459.08;RSD;8916363465;2026-03-15;YES;NO;217;OMV-RS;;;;D;0.00;No;704353;2026-03-10;1;
710111;107258;440;BG 2348 - TN;2026-03-19 07:21:00;ED MAXXMOTION;38.68;9,124.61;1,520.77;00020510;79378;79378;                  ;SR;OBILAZNICA 1;ED MAXXMOTION;235.900;9,124.61;0.00;0.00;1,520.77;RSD;8916366460;2026-03-31;YES;NO;217;OMV-RS;;;;D;0.00;No;772128;2026-03-19;1;
710111;107258;440;BG 2348 - TN;2026-03-29 12:11:00;ED MAXXMOTION;41.59;9,727.90;1,621.32;00284195;79928;79928;                  ;SR;BUBANJ POTOK;ED MAXXMOTION;233.900;9,727.90;0.00;0.00;1,621.32;RSD;8916366460;2026-03-31;YES;NO;217;OMV-RS;;;;D;0.00;No;721154;2026-03-29;1;
710111;107258;440;BG 2348 - TN;2026-04-08 07:23:00;ED MAXXMOTION;43.30;9,911.37;1,651.89;00156970;80534;80534;                  ;SR;KNEZEVAC;ED MAXXMOTION;228.900;9,911.37;0.00;0.00;1,651.89;RSD;8916369392;2026-04-09;YES;NO;217;OMV-RS;;;;D;0.00;No;772335;2026-04-08;1;
710111;107258;440;BG 2348 - TN;2026-04-18 13:18:00;ED MAXXMOTION;45.58;11,162.54;1,860.42;00253026;81161;81161;                  ;SR;OBILAZNICA 1;ED MAXXMOTION;244.900;11,162.54;0.00;0.00;1,860.42;RSD;8916372386;2026-04-30;YES;NO;217;OMV-RS;;;;D;0.00;No;731833;2026-04-18;1;
710111;107258;440;BG 2348 - TN;2026-04-28 08:49:00;ED MAXXMOTION;42.43;9,924.38;1,654.06;00255045;0;0;                  ;SR;ADA CIGANLIJA;ED MAXXMOTION;233.900;9,924.38;0.00;0.00;1,654.06;RSD;8916372386;2026-04-30;YES;NO;217;OMV-RS;;;;D;0.00;No;784916;2026-04-28;1;
710111;107258;440;BG 2348 - TN;2026-05-12 13:31:00;ED MAXXMOTION;44.69;10,631.75;1,771.96;00265131;82419;82419;                  ;SR;ADA CIGANLIJA;ED MAXXMOTION;237.900;10,631.75;0.00;0.00;1,771.96;RSD;8916375402;2026-05-15;YES;NO;217;OMV-RS;;;;D;0.00;No;733135;2026-05-12;1;
710111;107258;440;BG 2348 - TN;2026-05-15 07:19:00;ED MAXXMOTION;41.05;9,765.80;1,627.63;00173342;82962;82962;                  ;SR;KNEZEVAC;ED MAXXMOTION;237.900;9,765.80;0.00;0.00;1,627.63;RSD;8916375402;2026-05-15;YES;NO;217;OMV-RS;;;;D;0.00;No;771920;2026-05-15;1;
710111;107258;440;BG 2348 - TN;2026-05-27 07:49:00;OMV EVRO DIZEL;44.44;9,843.46;1,640.58;00046903;83576;83576;                  ;SR;BUBANJ POTOK;OMV EVRO DIZEL;221.500;9,843.46;0.00;0.00;1,640.58;RSD;8916378386;2026-05-31;YES;NO;217;OMV-RS;;;;D;9,999.00;Yes;774917;2026-05-27;1;
710111;107258;440;BG 2348 - TN;2026-06-07 16:26:00;ED MAXXMOTION;44.38;10,779.90;1,796.65;00055687;0;0;                  ;SR;BUBANJ POTOK;ED MAXXMOTION;242.900;10,779.90;0.00;0.00;1,796.65;RSD;8916381034;2026-06-15;YES;NO;217;OMV-RS;;;;D;0.00;No;762703;2026-06-07;1;
710111;107258;440;BG 2348 - TN;2026-06-18 07:50:00;ED MAXXMOTION;41.47;10,280.41;1,713.40;00063596;84756;84756;                  ;SR;BUBANJ POTOK;ED MAXXMOTION;247.900;10,280.41;0.00;0.00;1,713.40;RSD;8916383263;2026-06-21;YES;NO;217;OMV-RS;;;;D;0.00;No;775036;2026-06-18;1;
710111;107258;440;BG 2348 - TN;2026-07-01 08:17:00;ED MAXXMOTION;43.62;10,682.54;1,780.42;00298412;85258;85258;                  ;SR;OBILAZNICA 1;ED MAXXMOTION;244.900;10,682.54;0.00;0.00;1,780.42;RSD;8916391266;2026-07-12;YES;NO;217;OMV-RS;;;;D;0.00;No;781714;2026-07-01;1;
710111;107258;440;BG 2348 - TN;2026-07-13 07:48:00;ED MAXXMOTION;41.81;10,364.70;1,727.45;00172027;85819;85819;                  ;SR;BUBANJ POTOK;ED MAXXMOTION;247.900;10,364.70;0.00;0.00;1,727.45;RSD;8916393376;2026-07-15;YES;NO;217;OMV-RS;;;;D;0.00;No;774903;2026-07-13;1;
710111;107258;440;BG 2348 - TN;2026-07-21 10:58:00;ED MAXXMOTION;31.76;7,587.46;1,264.58;00009540;86295;86295;                  ;SR;ADA CIGANLIJA;ED MAXXMOTION;238.900;7,587.46;0.00;0.00;1,264.58;RSD;;;NO;NO;217;OMV-RS;;;;D;0.00;No;705827;2026-07-21;1;
710111;107258;440;BG 2348 - TN;2026-07-28 16:22:00;ED MAXXMOTION;44.87;11,302.75;1,883.79;00178676;86816;86816;                  ;SR;BUBANJ POTOK;ED MAXXMOTION;251.900;11,302.75;0.00;0.00;1,883.79;RSD;;;NO;NO;217;OMV-RS;;;;D;0.00;No;762220;2026-07-28;1;
710111;107258;309;BG 1563 - MC;2025-10-31 08:24:00;OMV EVRO DIZEL;62.85;11,784.38;1,964.06;00137692;358374;358374;                  ;SR;ADA CIGANLIJA;OMV EVRO DIZEL;187.500;11,784.38;0.00;0.00;1,964.06;RSD;8915400359;2025-10-31;YES;NO;217;OMV-RS;;;;D;12,130.10;Yes;782424;2025-10-31;1;
710111;107258;309;BG 1563 - MC;2025-11-24 13:22:00;OMV EVRO DIZEL;70.01;14,002.00;2,333.67;00080357;0;0;                  ;SR;PARTIZANSKI PUT;OMV EVRO DIZEL;200.000;14,002.00;0.00;0.00;2,333.67;RSD;8915405535;2025-11-30;YES;NO;217;OMV-RS;;;;D;14,282.04;Yes;732236;2025-11-24;1;
710111;107258;309;BG 1563 - MC;2026-01-13 08:52:00;OMV EVRO DIZEL;27.68;5,106.96;851.16;00182711;0;0;                  ;SR;RUMA;OMV EVRO DIZEL;184.500;5,106.96;0.00;0.00;851.16;RSD;8916351914;2026-01-15;YES;NO;217;OMV-RS;;;;D;5,286.88;Yes;785215;2026-01-13;1;
710111;107258;309;BG 1563 - MC;2026-01-26 12:18:00;OMV EVRO DIZEL;58.66;10,940.09;1,823.35;00099680;0;0;                  ;SR;RUMA;OMV EVRO DIZEL;186.500;10,940.09;0.00;0.00;1,823.35;RSD;8916354637;2026-01-31;YES;NO;217;OMV-RS;;;;D;11,321.38;Yes;721846;2026-01-26;1;
710111;107258;309;BG 1563 - MC;2026-04-16 07:53:00;OMV EVRO DIZEL;50.13;10,878.21;1,813.03;00041092;361065;361065;                  ;SR;BUBANJ POTOK;OMV EVRO DIZEL;217.000;10,878.21;0.00;0.00;1,813.03;RSD;8916372386;2026-04-30;YES;NO;217;OMV-RS;;;;D;10,878.21;Yes;775328;2026-04-16;1;
710111;107258;309;BG 1563 - MC;2026-04-20 10:00:00;OMV EVRO DIZEL;57.35;12,444.95;2,074.16;00041916;0;0;                  ;SR;BUBANJ POTOK;OMV EVRO DIZEL;217.000;12,444.95;0.00;0.00;2,074.16;RSD;8916372386;2026-04-30;YES;NO;217;OMV-RS;;;;D;12,444.95;Yes;700044;2026-04-20;1;
710111;107258;309;BG 1563 - MC;2026-04-27 06:07:00;OMV EVRO DIZEL;68.36;14,970.84;2,495.14;00220433;0;0;                  ;SR;PARTIZANSKI PUT;OMV EVRO DIZEL;219.000;14,970.84;0.00;0.00;2,495.14;RSD;8916372386;2026-04-30;YES;NO;217;OMV-RS;;;;D;14,970.84;Yes;760725;2026-04-27;1;
710111;107258;309;BG 1563 - MC;2026-04-28 11:49:00;ED MAXXMOTION;63.53;14,859.67;2,476.61;00227598;0;0;                  ;SR;ADA CIGANLIJA;ED MAXXMOTION;233.900;14,859.67;0.00;0.00;2,476.61;RSD;8916372386;2026-04-30;YES;NO;217;OMV-RS;;;;D;0.00;No;715000;2026-04-28;1;
710111;107258;309;BG 1563 - MC;2026-05-13 11:16:00;OMV EVRO DIZEL;59.41;13,248.43;2,208.07;00044919;0;0;                  ;SR;LAPOVO JUG;OMV EVRO DIZEL;223.000;13,248.43;0.00;0.00;2,208.07;RSD;8916375402;2026-05-15;YES;NO;217;OMV-RS;;;;D;13,248.43;Yes;712029;2026-05-13;1;
710111;107258;309;BG 1563 - MC;2026-05-15 14:27:00;OMV EVRO DIZEL;57.56;12,835.88;2,139.31;00314440;0;0;                  ;SR;BUBANJ POTOK;OMV EVRO DIZEL;223.000;12,835.88;0.00;0.00;2,139.31;RSD;8916375402;2026-05-15;YES;NO;217;OMV-RS;;;;D;12,835.88;Yes;742739;2026-05-15;1;
710111;107258;309;BG 1563 - MC;2026-05-19 07:35:00;OMV EVRO DIZEL;52.36;11,493.02;1,915.50;00317026;0;0;                  ;SR;BUBANJ POTOK;OMV EVRO DIZEL;219.500;11,493.02;0.00;0.00;1,915.50;RSD;8916378386;2026-05-31;YES;NO;217;OMV-RS;;;;D;11,676.28;Yes;773514;2026-05-19;1;
710111;107258;309;BG 1563 - MC;2026-05-20 08:13:00;OMV EVRO DIZEL;29.76;6,532.32;1,088.72;00239201;0;0;                  ;SR;RUMA;OMV EVRO DIZEL;219.500;6,532.32;0.00;0.00;1,088.72;RSD;8916378386;2026-05-31;YES;NO;217;OMV-RS;;;;D;6,636.48;Yes;781331;2026-05-20;1;
710111;107258;309;BG 1563 - MC;2026-07-09 09:54:00;OMV EVRO DIZEL;59.92;12,762.96;2,127.16;00203568;0;0;                  ;SR;KNEZEVAC;OMV EVRO DIZEL;213.000;12,762.96;0.00;0.00;2,127.16;RSD;8916391266;2026-07-12;YES;NO;217;OMV-RS;;;;D;13,122.48;Yes;795423;2026-07-09;1;
710111;107258;309;BG 1563 - MC;2026-07-13 10:03:00;OMV EVRO DIZEL;54.45;11,706.75;1,951.12;00156253;365833;365833;                  ;SR;RUMA;OMV EVRO DIZEL;215.000;11,706.75;0.00;0.00;1,951.12;RSD;8916393376;2026-07-15;YES;NO;217;OMV-RS;;;;D;11,979.00;Yes;700346;2026-07-13;1;
710111;107258;309;BG 1563 - MC;2026-07-14 13:11:00;OMV EVRO DIZEL;65.00;13,975.00;2,329.17;00166299;0;0;                  ;SR;DOBANOVCI-SURCIN;OMV EVRO DIZEL;215.000;13,975.00;0.00;0.00;2,329.17;RSD;8916393376;2026-07-15;YES;NO;217;OMV-RS;;;;D;14,300.00;Yes;731131;2026-07-14;1;
710111;107258;465;BG 1191 - LC;2025-10-03 19:12:00;OMV EVRO DIZEL;49.12;9,234.56;1,539.09;00142879;427435;427435;                  ;SR;BORSKA;OMV EVRO DIZEL;188.000;9,234.56;0.00;0.00;1,539.09;RSD;8915397668;2025-10-15;YES;NO;217;OMV-RS;;;;D;9,578.40;Yes;791303;2025-10-03;1;
710111;107258;465;BG 1191 - LC;2025-10-08 17:41:00;ED MAXXMOTION;48.10;9,855.70;1,642.62;00129405;428413;428413;                  ;SR;ADA CIGANLIJA;ED MAXXMOTION;204.900;9,855.70;0.00;0.00;1,642.62;RSD;8915397668;2025-10-15;YES;NO;217;OMV-RS;;;;D;0.00;No;774145;2025-10-08;1;
710111;107258;465;BG 1191 - LC;2025-11-04 05:16:00;OMV EVRO DIZEL;47.19;8,989.70;1,498.28;00162446;429358;429358;                  ;SR;BORSKA;OMV EVRO DIZEL;190.500;8,989.70;0.00;0.00;1,498.28;RSD;8915402843;2025-11-15;YES;NO;217;OMV-RS;;;;D;9,249.20;Yes;751604;2025-11-04;1;
710111;107258;465;BG 1191 - LC;2025-11-08 05:03:00;OMV EVRO DIZEL;45.35;8,797.90;1,466.32;00165263;430026;430026;                  ;SR;BORSKA;OMV EVRO DIZEL;194.000;8,797.90;0.00;0.00;1,466.32;RSD;8915402843;2025-11-15;YES;NO;217;OMV-RS;;;;D;8,979.30;Yes;750345;2025-11-08;1;
710111;107258;465;BG 1191 - LC;2025-11-12 04:56:00;OMV EVRO DIZEL;43.80;8,497.20;1,416.20;00167708;430623;430623;                  ;SR;BORSKA;OMV EVRO DIZEL;194.000;8,497.20;0.00;0.00;1,416.20;RSD;8915402843;2025-11-15;YES;NO;217;OMV-RS;;;;D;8,672.40;Yes;745627;2025-11-12;1;
710111;107258;465;BG 1191 - LC;2025-11-17 14:30:00;OMV EVRO DIZEL;50.83;10,013.51;1,668.92;00203613;431726;431726;                  ;SR;DOBANOVCI-SURCIN;OMV EVRO DIZEL;197.000;10,013.51;0.00;0.00;1,668.92;RSD;8915405535;2025-11-30;YES;NO;217;OMV-RS;;;;D;10,216.80;Yes;743103;2025-11-17;1;
710111;107258;465;BG 1191 - LC;2025-11-21 19:53:00;OMV EVRO DIZEL;46.87;9,374.00;1,562.33;00204756;432612;432612;                  ;SR;BESKA 1;OMV EVRO DIZEL;200.000;9,374.00;0.00;0.00;1,562.33;RSD;8915405535;2025-11-30;YES;NO;217;OMV-RS;;;;D;9,561.50;Yes;795321;2025-11-21;1;
710111;107258;465;BG 1191 - LC;2025-11-27 18:50:00;OMV EVRO DIZEL;46.71;9,342.00;1,557.00;00151928;433520;433520;                  ;SR;ADA CIGANLIJA;OMV EVRO DIZEL;200.000;9,342.00;0.00;0.00;1,557.00;RSD;8915405535;2025-11-30;YES;NO;217;OMV-RS;;;;D;9,528.84;Yes;785056;2025-11-27;1;
710111;107258;465;BG 1191 - LC;2025-12-02 16:31:00;EDMAXXM ZIMSKI;50.22;11,143.82;1,857.30;00210885;440036;440036;                  ;SR;BESKA 1;EDMAXXM ZIMSKI;221.900;11,143.82;0.00;0.00;1,857.30;RSD;8915408077;2025-12-15;YES;NO;217;OMV-RS;;;;D;0.00;No;763122;2025-12-02;1;
710111;107258;465;BG 1191 - LC;2025-12-08 06:08:00;OMV EVRO DIZEL;48.33;9,376.02;1,562.67;00185089;435109;435109;                  ;SR;BORSKA;OMV EVRO DIZEL;194.000;9,376.02;0.00;0.00;1,562.67;RSD;8915408077;2025-12-15;YES;NO;217;OMV-RS;;;;D;9,569.34;Yes;760829;2025-12-08;1;
710111;107258;465;BG 1191 - LC;2025-12-12 07:26:00;OMV EVRO DIZEL;43.77;8,403.84;1,400.64;00187778;436103;436103;                  ;SR;BORSKA;OMV EVRO DIZEL;192.000;8,403.84;0.00;0.00;1,400.64;RSD;8915408077;2025-12-15;YES;NO;217;OMV-RS;;;;D;8,666.46;Yes;772642;2025-12-12;1;
710111;107258;465;BG 1191 - LC;2025-12-17 15:12:00;EDMAXXM ZIMSKI;53.06;11,614.83;1,935.80;00218286;437009;437009;                  ;SR;DOBANOVCI-SURCIN;EDMAXXM ZIMSKI;218.900;11,614.83;0.00;0.00;1,935.80;RSD;8915410794;2025-12-31;YES;NO;217;OMV-RS;;;;D;0.00;No;751247;2025-12-17;1;
710111;107258;465;BG 1191 - LC;2025-12-22 07:48:00;OMV EVRO DIZEL;38.61;7,316.60;1,219.43;00053210;437815;437815;                  ;SR;NOVI SAD;OMV EVRO DIZEL;189.500;7,316.60;0.00;0.00;1,219.43;RSD;8915410794;2025-12-31;YES;NO;217;OMV-RS;;;;D;7,567.56;Yes;774928;2025-12-22;1;
710111;107258;465;BG 1191 - LC;2025-12-25 07:02:00;EDMAXXM ZIMSKI;48.12;9,907.91;1,651.32;00196602;438611;438611;                  ;SR;BORSKA;EDMAXXM ZIMSKI;205.900;9,907.91;0.00;0.00;1,651.32;RSD;8915410794;2025-12-31;YES;NO;217;OMV-RS;;;;D;0.00;No;770310;2025-12-25;1;
710111;107258;465;BG 1191 - LC;2025-12-30 07:14:00;EDMAXXM ZIMSKI;47.48;10,203.45;1,700.57;00197500;439401;439401;                  ;SR;OBILAZNICA 1;EDMAXXM ZIMSKI;214.900;10,203.45;0.00;0.00;1,700.57;RSD;8915410794;2025-12-31;YES;NO;217;OMV-RS;;;;D;0.00;No;771440;2025-12-30;1;
710111;107258;465;BG 1191 - LC;2026-01-13 07:32:00;EDMAXXM ZIMSKI;42.97;9,105.34;1,517.56;00150101;439989;439989;                  ;SR;OBILAZNICA 1;EDMAXXM ZIMSKI;211.900;9,105.34;0.00;0.00;1,517.56;RSD;8916351914;2026-01-15;YES;NO;217;OMV-RS;;;;D;0.00;No;773228;2026-01-13;1;
710111;107258;465;BG 1191 - LC;2026-01-19 07:24:00;EDMAXXM ZIMSKI;45.01;9,582.63;1,597.10;00152667;440946;440946;                  ;SR;OBILAZNICA 1;EDMAXXM ZIMSKI;212.900;9,582.63;0.00;0.00;1,597.10;RSD;8916354637;2026-01-31;YES;NO;217;OMV-RS;;;;D;0.00;No;772449;2026-01-19;1;
710111;107258;465;BG 1191 - LC;2026-01-26 07:08:00;EDMAXXM ZIMSKI;48.78;10,434.04;1,739.01;00156034;441708;441708;                  ;SR;OBILAZNICA 1;EDMAXXM ZIMSKI;213.900;10,434.04;0.00;0.00;1,739.01;RSD;8916354637;2026-01-31;YES;NO;217;OMV-RS;;;;D;0.00;No;770910;2026-01-26;1;
710111;107258;465;BG 1191 - LC;2026-01-30 11:27:00;EDMAXXM ZIMSKI;43.79;9,366.68;1,561.11;00215249;442619;442619;                  ;SR;OBILAZNICA 1;EDMAXXM ZIMSKI;213.900;9,366.68;0.00;0.00;1,561.11;RSD;8916354637;2026-01-31;YES;NO;217;OMV-RS;;;;D;0.00;No;712742;2026-01-30;1;
710111;107258;465;BG 1191 - LC;2026-02-04 07:28:00;OMV EVRO DIZEL;45.95;8,569.68;1,428.28;00217323;443518;443518;                  ;SR;OBILAZNICA 1;OMV EVRO DIZEL;186.500;8,569.68;0.00;0.00;1,428.28;RSD;8916357592;2026-02-15;YES;NO;217;OMV-RS;;;;D;8,868.35;Yes;772831;2026-02-04;1;
710111;107258;465;BG 1191 - LC;2026-02-11 05:53:00;OMV EVRO DIZEL;45.80;8,679.10;1,446.52;00147934;44407;44407;                  ;SR;METRO;OMV EVRO DIZEL;189.500;8,679.10;0.00;0.00;1,446.52;RSD;8916357592;2026-02-15;YES;NO;217;OMV-RS;;;;D;8,976.80;Yes;755330;2026-02-11;1;
710111;107258;465;BG 1191 - LC;2026-02-18 08:10:00;EDMAXXM ZIMSKI;45.73;9,918.84;1,653.14;00167491;445009;445009;                  ;SR;OBILAZNICA 1;EDMAXXM ZIMSKI;216.900;9,918.84;0.00;0.00;1,653.14;RSD;8916360516;2026-02-28;YES;NO;217;OMV-RS;;;;D;0.00;No;781042;2026-02-18;1;
710111;107258;465;BG 1191 - LC;2026-02-25 15:51:00;EDMAXXM ZIMSKI;46.60;10,200.74;1,700.12;00227231;446013;446013;                  ;SR;OBILAZNICA 1;EDMAXXM ZIMSKI;218.900;10,200.74;0.00;0.00;1,700.12;RSD;8916360516;2026-02-28;YES;NO;217;OMV-RS;;;;D;0.00;No;755122;2026-02-25;1;
710111;107258;465;BG 1191 - LC;2026-03-04 06:15:00;OMV EVRO DIZEL;53.45;10,315.85;1,719.31;00051509;446938;446938;                  ;SR;BORSKA;OMV EVRO DIZEL;193.000;10,315.85;0.00;0.00;1,719.31;RSD;8916363465;2026-03-15;YES;NO;217;OMV-RS;;;;D;10,690.00;Yes;761537;2026-03-04;1;
710111;107258;465;BG 1191 - LC;2026-03-09 07:41:00;EDMAXXM ZIMSKI;49.24;11,172.56;1,862.09;00249995;447813;447813;                  ;SR;BESKA 2;EDMAXXM ZIMSKI;226.900;11,172.56;0.00;0.00;1,862.09;RSD;8916363465;2026-03-15;YES;NO;217;OMV-RS;;;;D;0.00;No;774211;2026-03-09;1;
710111;107258;465;BG 1191 - LC;2026-03-13 10:38:00;EDMAXXM ZIMSKI;46.99;10,756.01;1,792.67;00130572;448406;448406;                  ;SR;DOBANOVCI-SURCIN;EDMAXXM ZIMSKI;228.900;10,756.01;0.00;0.00;1,792.67;RSD;8916366460;2026-03-31;YES;NO;217;OMV-RS;;;;D;0.00;No;703847;2026-03-13;1;
710111;107258;465;BG 1191 - LC;2026-03-18 15:33:00;ED MAXXMOTION;48.65;10,844.08;1,807.35;00207450;449253;449253;                  ;SR;ADA CIGANLIJA;ED MAXXMOTION;222.900;10,844.08;0.00;0.00;1,807.35;RSD;8916366460;2026-03-31;YES;NO;217;OMV-RS;;;;D;0.00;No;753406;2026-03-18;1;
710111;107258;465;BG 1191 - LC;2026-03-23 06:25:00;OMV EVRO DIZEL;41.24;8,742.88;1,457.15;00094115;450013;450013;                  ;SR;BESKA 2;OMV EVRO DIZEL;212.000;8,742.88;0.00;0.00;1,457.15;RSD;8916366460;2026-03-31;YES;NO;217;OMV-RS;;;;D;8,742.88;Yes;762539;2026-03-23;1;
710111;107258;465;BG 1191 - LC;2026-03-26 16:34:00;ED MAXXMOTION;47.49;11,392.85;1,898.81;00028426;451002;451002;                  ;SR;BESKA 1;ED MAXXMOTION;239.900;11,392.85;0.00;0.00;1,898.81;RSD;8916366460;2026-03-31;YES;NO;217;OMV-RS;;;;D;0.00;No;763427;2026-03-26;1;
710111;107258;465;BG 1191 - LC;2026-04-01 09:35:00;ED MAXXMOTION;50.71;12,216.04;2,036.01;00096036;451918;451918;                  ;SR;BESKA 2;ED MAXXMOTION;240.900;12,216.04;0.00;0.00;2,036.01;RSD;8916369392;2026-04-09;YES;NO;217;OMV-RS;;;;D;0.00;No;793542;2026-04-01;1;
710111;107258;465;BG 1191 - LC;2026-04-06 06:10:00;OMV EVRO DIZEL;40.95;8,763.30;1,460.55;00258426;452881;452881;                  ;SR;BORSKA;OMV EVRO DIZEL;214.000;8,763.30;0.00;0.00;1,460.55;RSD;8916369392;2026-04-09;YES;NO;217;OMV-RS;;;;D;8,763.30;Yes;761039;2026-04-06;1;
710111;107258;465;BG 1191 - LC;2026-04-14 05:59:00;OMV EVRO DIZEL;45.93;9,966.81;1,661.13;00263039;453706;453706;                  ;SR;BORSKA;OMV EVRO DIZEL;217.000;9,966.81;0.00;0.00;1,661.13;RSD;8916372386;2026-04-30;YES;NO;217;OMV-RS;;;;D;9,966.81;Yes;755950;2026-04-14;1;
710111;107258;465;BG 1191 - LC;2026-04-18 14:12:00;ED MAXXMOTION;52.70;12,906.23;2,151.04;00280725;546211;546211;                  ;SR;DOBANOVCI-SURCIN;ED MAXXMOTION;244.900;12,906.23;0.00;0.00;2,151.04;RSD;8916372386;2026-04-30;YES;NO;217;OMV-RS;;;;D;0.00;No;741231;2026-04-18;1;
710111;107258;465;BG 1191 - LC;2026-04-23 05:59:00;OMV EVRO DIZEL;40.58;8,805.86;1,467.64;00268598;456438;456438;                  ;SR;BORSKA;OMV EVRO DIZEL;217.000;8,805.86;0.00;0.00;1,467.64;RSD;8916372386;2026-04-30;YES;NO;217;OMV-RS;;;;D;8,805.86;Yes;755950;2026-04-23;1;
710111;107258;465;BG 1191 - LC;2026-04-28 06:10:00;OMV EVRO DIZEL;48.02;10,516.38;1,752.73;00254918;456323;456323;                  ;SR;ADA CIGANLIJA;OMV EVRO DIZEL;219.000;10,516.38;0.00;0.00;1,752.73;RSD;8916372386;2026-04-30;YES;NO;217;OMV-RS;;;;D;10,516.38;Yes;761053;2026-04-28;1;
710111;107258;465;BG 1191 - LC;2026-05-04 06:42:00;OMV EVRO DIZEL;45.43;10,040.03;1,673.34;00283491;457062;457062;                  ;SR;BESKA 2;OMV EVRO DIZEL;221.000;10,040.03;0.00;0.00;1,673.34;RSD;8916375402;2026-05-15;YES;NO;217;OMV-RS;;;;D;10,040.03;Yes;764249;2026-05-04;1;
710111;107258;465;BG 1191 - LC;2026-05-10 06:43:00;OMV EVRO DIZEL;46.37;10,340.51;1,723.42;00021149;457832;457832;                  ;SR;BESKA 2;OMV EVRO DIZEL;223.000;10,340.51;0.00;0.00;1,723.42;RSD;8916375402;2026-05-15;YES;NO;217;OMV-RS;;;;D;10,340.51;Yes;764336;2026-05-10;1;
710111;107258;465;BG 1191 - LC;2026-05-16 05:42:00;OMV EVRO DIZEL;51.16;11,408.68;1,901.45;00283259;459986;459986;                  ;SR;BORSKA;OMV EVRO DIZEL;223.000;11,408.68;0.00;0.00;1,901.45;RSD;8916378386;2026-05-31;YES;NO;217;OMV-RS;;;;D;11,408.68;Yes;754303;2026-05-16;1;
710111;107258;465;BG 1191 - LC;2026-05-21 05:37:00;OMV EVRO DIZEL;50.85;11,161.58;1,860.26;00286311;460003;460003;                  ;SR;BORSKA;OMV EVRO DIZEL;219.500;11,161.58;0.00;0.00;1,860.26;RSD;8916378386;2026-05-31;YES;NO;217;OMV-RS;;;;D;11,339.55;Yes;753718;2026-05-21;1;
710111;107258;465;BG 1191 - LC;2026-05-25 06:45:00;OMV EVRO DIZEL;48.56;10,756.04;1,792.67;00274399;461074;461074;                  ;SR;OBILAZNICA 1;OMV EVRO DIZEL;221.500;10,756.04;0.00;0.00;1,792.67;RSD;8916378386;2026-05-31;YES;NO;217;OMV-RS;;;;D;10,926.00;Yes;764544;2026-05-25;1;
710111;107258;465;BG 1191 - LC;2026-05-30 07:12:00;ED MAXXMOTION;55.19;13,184.89;2,197.48;00292437;461738;461738;                  ;SR;BORSKA;ED MAXXMOTION;238.900;13,184.89;0.00;0.00;2,197.48;RSD;8916378386;2026-05-31;YES;NO;217;OMV-RS;;;;D;0.00;No;771258;2026-05-30;1;
710111;107258;465;BG 1191 - LC;2026-07-26 05:07:00;OMV EVRO DIZEL;50.76;11,217.96;1,869.66;00078729;462123;462123;                  ;SR;BORSKA;OMV EVRO DIZEL;221.000;11,217.96;0.00;0.00;1,869.66;RSD;;;NO;NO;217;OMV-RS;;;;D;11,370.24;Yes;750803;2026-07-26;1;
710111;107258;481;BG 1983 - DV;2025-10-09 09:47:00;OMV EVRO DIZEL;29.42;5,530.96;921.83;00170932;124666;124666;                  ;SR;BUBANJ POTOK;OMV EVRO DIZEL;188.000;5,530.96;0.00;0.00;921.83;RSD;8915397668;2025-10-15;YES;NO;217;OMV-RS;;;;D;5,736.90;Yes;794729;2025-10-09;1;
710111;107258;481;BG 1983 - DV;2025-10-22 09:10:00;OMV EVRO DIZEL;36.77;6,839.22;1,139.87;00079784;125390;125390;                  ;SR;BUBANJ POTOK;OMV EVRO DIZEL;186.000;6,839.22;0.00;0.00;1,139.87;RSD;8915400359;2025-10-31;YES;NO;217;OMV-RS;;;;D;7,059.80;Yes;791029;2025-10-22;1;
710111;107258;481;BG 1983 - DV;2025-10-23 09:46:00;OMV EVRO DIZEL;27.10;5,040.60;840.10;00053079;125795;125795;                  ;SR;LESKOVAC;OMV EVRO DIZEL;186.000;5,040.60;0.00;0.00;840.10;RSD;8915400359;2025-10-31;YES;NO;117;OMV-RS;;;;D;5,203.20;Yes;794624;2025-10-23;1;
710111;107258;481;BG 1983 - DV;2025-10-30 09:12:00;OMV EVRO DIZEL;30.58;5,733.75;955.62;00184756;126346;126346;                  ;SR;BUBANJ POTOK;OMV EVRO DIZEL;187.500;5,733.75;0.00;0.00;955.62;RSD;8915400359;2025-10-31;YES;NO;217;OMV-RS;;;;D;5,901.90;Yes;791248;2025-10-30;1;
710111;107258;481;BG 1983 - DV;2025-11-19 09:57:00;OMV EVRO DIZEL;33.25;6,550.25;1,091.71;00134640;126891;126891;                  ;SR;METRO;OMV EVRO DIZEL;197.000;6,550.25;0.00;0.00;1,091.71;RSD;8915405535;2025-11-30;YES;NO;217;OMV-RS;;;;D;6,683.30;Yes;795816;2025-11-19;1;
710111;107258;481;BG 1983 - DV;2025-12-01 11:45:00;OMV EVRO DIZEL;42.29;8,331.13;1,388.52;00035843;0;0;                  ;SR;BORSKA;OMV EVRO DIZEL;197.000;8,331.13;0.00;0.00;1,388.52;RSD;8915408077;2025-12-15;YES;NO;217;OMV-RS;;;;D;8,500.29;Yes;714520;2025-12-01;1;
710111;107258;481;BG 1983 - DV;2025-12-09 09:20:00;OMV EVRO DIZEL;34.02;6,599.88;1,099.98;00032202;128284;128284;                  ;SR;BUBANJ POTOK;OMV EVRO DIZEL;194.000;6,599.88;0.00;0.00;1,099.98;RSD;8915408077;2025-12-15;YES;NO;217;OMV-RS;;;;D;6,735.96;Yes;792104;2025-12-09;1;
710111;107258;481;BG 1983 - DV;2025-12-10 07:19:00;OMV EVRO DIZEL;36.72;7,050.24;1,175.04;00167839;128840;128840;                  ;SR;ADA CIGANLIJA;OMV EVRO DIZEL;192.000;7,050.24;0.00;0.00;1,175.04;RSD;8915408077;2025-12-15;YES;NO;217;OMV-RS;;;;D;7,270.56;Yes;771921;2025-12-10;1;
710111;107258;481;BG 1983 - DV;2025-12-12 09:21:00;OMV EVRO DIZEL;28.39;5,450.88;908.48;00201029;129298;129298;                  ;SR;BESKA 2;OMV EVRO DIZEL;192.000;5,450.88;0.00;0.00;908.48;RSD;8915408077;2025-12-15;YES;NO;217;OMV-RS;;;;D;5,621.22;Yes;792149;2025-12-12;1;
710111;107258;481;BG 1983 - DV;2025-12-25 08:39:00;OMV EVRO DIZEL;31.27;5,925.67;987.61;00177446;129830;129830;                  ;SR;ADA CIGANLIJA;OMV EVRO DIZEL;189.500;5,925.67;0.00;0.00;987.61;RSD;8915410794;2025-12-31;YES;NO;217;OMV-RS;;;;D;6,128.92;Yes;783959;2025-12-25;1;
710111;107258;481;BG 1983 - DV;2026-01-15 08:01:00;OMV EVRO DIZEL;23.66;4,365.27;727.54;00234787;130246;130246;                  ;SR;BUBANJ POTOK;OMV EVRO DIZEL;184.500;4,365.27;0.00;0.00;727.54;RSD;8916351914;2026-01-15;YES;NO;217;OMV-RS;;;;D;4,519.06;Yes;780121;2026-01-15;1;
710111;107258;481;BG 1983 - DV;2026-01-15 15:08:00;OMV EVRO DIZEL;19.52;3,601.44;600.24;00157564;130550;130550;                  ;SR;DOLJEVAC;OMV EVRO DIZEL;184.500;3,601.44;0.00;0.00;600.24;RSD;8916351914;2026-01-15;YES;NO;217;OMV-RS;;;;D;3,728.32;Yes;750846;2026-01-15;1;
710111;107258;481;BG 1983 - DV;2026-01-23 09:12:00;OMV EVRO DIZEL;22.62;4,196.01;699.33;00240058;130941;130941;                  ;SR;BUBANJ POTOK;OMV EVRO DIZEL;185.500;4,196.01;0.00;0.00;699.33;RSD;8916354637;2026-01-31;YES;NO;217;OMV-RS;;;;D;4,343.04;Yes;791307;2026-01-23;1;
710111;107258;481;BG 1983 - DV;2026-02-09 08:16:00;OMV EVRO DIZEL;21.77;4,125.42;687.57;00251347;131310;131310;                  ;SR;BUBANJ POTOK;OMV EVRO DIZEL;189.500;4,125.42;0.00;0.00;687.57;RSD;8916357592;2026-02-15;YES;NO;217;OMV-RS;;;;D;4,266.92;Yes;781640;2026-02-09;1;
710111;107258;481;BG 1983 - DV;2026-02-09 13:06:00;OMV EVRO DIZEL;20.24;3,835.48;639.25;00034707;131612;131612;                  ;SR;DOLJEVAC;OMV EVRO DIZEL;189.500;3,835.48;0.00;0.00;639.25;RSD;8916357592;2026-02-15;YES;NO;217;OMV-RS;;;;D;3,967.04;Yes;730714;2026-02-09;1;
710111;107258;481;BG 1983 - DV;2026-02-11 09:10:00;OMV EVRO DIZEL;21.49;4,072.36;678.73;00235678;131934;131934;                  ;SR;BESKA 2;OMV EVRO DIZEL;189.500;4,072.36;0.00;0.00;678.73;RSD;8916357592;2026-02-15;YES;NO;217;OMV-RS;;;;D;4,212.04;Yes;791020;2026-02-11;1;
710111;107258;481;BG 1983 - DV;2026-03-04 08:15:00;OMV EVRO DIZEL;30.01;5,791.93;965.32;00266743;132478;132478;                  ;SR;BUBANJ POTOK;OMV EVRO DIZEL;193.000;5,791.93;0.00;0.00;965.32;RSD;8916363465;2026-03-15;YES;NO;217;OMV-RS;;;;D;6,002.00;Yes;781535;2026-03-04;1;
710111;107258;481;BG 1983 - DV;2026-03-10 09:09:00;OMV EVRO DIZEL;32.00;6,493.12;1,082.19;00012564;132934;132934;                  ;SR;LAPOVO JUG;OMV EVRO DIZEL;202.910;6,493.12;0.00;0.00;1,082.19;RSD;8916363465;2026-03-15;YES;NO;217;OMV-RS;;;;D;6,496.00;Yes;791115;2026-03-10;1;
710111;107258;481;BG 1983 - DV;2026-03-24 06:28:00;OMV EVRO DIZEL;31.45;6,667.40;1,111.23;00210481;133588;133588;                  ;SR;ADA CIGANLIJA;OMV EVRO DIZEL;212.000;6,667.40;0.00;0.00;1,111.23;RSD;8916366460;2026-03-31;YES;NO;217;OMV-RS;;;;D;6,667.40;Yes;762847;2026-03-24;1;
710111;107258;481;BG 1983 - DV;2026-03-26 13:22:00;OMV EVRO DIZEL;22.00;4,664.00;777.33;00180821;133838;133838;                  ;SR;DOLJEVAC;OMV EVRO DIZEL;212.000;4,664.00;0.00;0.00;777.33;RSD;8916366460;2026-03-31;YES;NO;217;OMV-RS;;;;D;4,664.00;Yes;732259;2026-03-26;1;
710111;107258;481;BG 1983 - DV;2026-04-15 08:26:00;OMV EVRO DIZEL;29.08;6,310.36;1,051.73;00137123;134301;134301;                  ;SR;BUBANJ POTOK;OMV EVRO DIZEL;217.000;6,310.36;0.00;0.00;1,051.73;RSD;8916372386;2026-04-30;YES;NO;217;OMV-RS;;;;D;6,310.36;Yes;782645;2026-04-15;1;
710111;107258;481;BG 1983 - DV;2026-04-16 08:16:00;OMV EVRO DIZEL;37.73;8,187.41;1,364.57;00125153;134871;134871;                  ;SR;RUMA;OMV EVRO DIZEL;217.000;8,187.41;0.00;0.00;1,364.57;RSD;8916372386;2026-04-30;YES;NO;217;OMV-RS;;;;D;8,187.41;Yes;781708;2026-04-16;1;
710111;107258;481;BG 1983 - DV;2026-04-20 08:19:00;OMV EVRO DIZEL;24.24;5,260.08;876.68;00149530;135274;135274;                  ;SR;LAPOVO JUG;OMV EVRO DIZEL;217.000;5,260.08;0.00;0.00;876.68;RSD;8916372386;2026-04-30;YES;NO;217;OMV-RS;;;;D;5,260.08;Yes;782154;2026-04-20;1;
710111;107258;481;BG 1983 - DV;2026-04-22 11:57:00;ED MAXXMOTION;27.15;6,296.09;1,049.35;00251114;135743;135743;                  ;SR;ADA CIGANLIJA;ED MAXXMOTION;231.900;6,296.09;0.00;0.00;1,049.35;RSD;8916372386;2026-04-30;YES;NO;217;OMV-RS;;;;D;0.00;No;715801;2026-04-22;1;
710111;107258;481;BG 1983 - DV;2026-05-05 08:37:00;OMV EVRO DIZEL;27.97;6,181.37;1,030.23;00131864;136216;136216;                  ;SR;RUMA;OMV EVRO DIZEL;221.000;6,181.37;0.00;0.00;1,030.23;RSD;8916375402;2026-05-15;YES;NO;217;OMV-RS;;;;D;6,181.37;Yes;783807;2026-05-05;1;
710111;107258;481;BG 1983 - DV;2026-05-06 14:14:00;OMV EVRO DIZEL;31.94;7,058.74;1,176.46;00197834;136738;136738;                  ;SR;DOLJEVAC;OMV EVRO DIZEL;221.000;7,058.74;0.00;0.00;1,176.46;RSD;8916375402;2026-05-15;YES;NO;217;OMV-RS;;;;D;7,058.74;Yes;741433;2026-05-06;1;
710111;107258;481;BG 1983 - DV;2026-05-11 13:30:00;OMV EVRO DIZEL;23.40;5,218.20;869.70;00144318;137087;137087;                  ;SR;DOBANOVCI-SURCIN;OMV EVRO DIZEL;223.000;5,218.20;0.00;0.00;869.70;RSD;8916375402;2026-05-15;YES;NO;217;OMV-RS;;;;D;5,218.20;Yes;733046;2026-05-11;1;
710111;107258;481;BG 1983 - DV;2026-06-02 08:27:00;OMV EVRO DIZEL;24.98;5,458.13;909.69;00056623;137487;137487;                  ;SR;LAPOVO JUG;OMV EVRO DIZEL;218.500;5,458.13;0.00;0.00;909.69;RSD;8916381034;2026-06-15;YES;NO;217;OMV-RS;;;;D;5,545.56;Yes;783138;2026-06-02;1;
710111;107258;481;BG 1983 - DV;2026-06-04 06:53:00;OMV EVRO DIZEL;33.34;7,284.79;1,214.13;00304573;138036;138036;                  ;SR;BESKA 2;OMV EVRO DIZEL;218.500;7,284.79;0.00;0.00;1,214.13;RSD;8916381034;2026-06-15;YES;NO;217;OMV-RS;;;;D;7,401.48;Yes;765316;2026-06-04;1;
710111;107258;481;BG 1983 - DV;2026-06-18 07:35:00;OMV EVRO DIZEL;30.44;6,544.60;1,090.77;00162019;138582;138582;                  ;SR;BUBANJ POTOK;OMV EVRO DIZEL;215.000;6,544.60;0.00;0.00;1,090.77;RSD;8916383263;2026-06-21;YES;NO;217;OMV-RS;;;;D;6,696.80;Yes;773535;2026-06-18;1;
710111;107258;481;BG 1983 - DV;2026-06-18 15:41:00;OMV EVRO DIZEL;19.08;4,102.20;683.70;00044491;138889;138889;                  ;SR;DOLJEVAC;OMV EVRO DIZEL;215.000;4,102.20;0.00;0.00;683.70;RSD;8916383263;2026-06-21;YES;NO;217;OMV-RS;;;;D;4,197.60;Yes;754140;2026-06-18;1;
710111;107258;481;BG 1983 - DV;2026-07-02 08:42:00;OMV EVRO DIZEL;22.76;4,779.60;796.60;00182535;139222;139222;                  ;SR;ZRENJANIN 3;OMV EVRO DIZEL;210.000;4,779.60;0.00;0.00;796.60;RSD;8916391266;2026-07-12;YES;NO;117;OMV-RS;;;;D;4,938.92;Yes;784312;2026-07-02;1;
710111;107258;481;BG 1983 - DV;2026-07-07 14:22:00;OMV EVRO DIZEL;28.53;6,048.36;1,008.06;00140698;139732;139732;                  ;SR;DOLJEVAC;OMV EVRO DIZEL;212.000;6,048.36;0.00;0.00;1,008.06;RSD;8916391266;2026-07-12;YES;NO;217;OMV-RS;;;;D;6,248.07;Yes;742253;2026-07-07;1;
710111;107258;481;BG 1983 - DV;2026-07-29 08:05:00;OMV EVRO DIZEL;34.62;7,685.64;1,280.94;00283611;140284;140284;                  ;SR;ADA CIGANLIJA;OMV EVRO DIZEL;222.000;7,685.64;0.00;0.00;1,280.94;RSD;;;NO;NO;217;OMV-RS;;;;D;7,754.88;Yes;780536;2026-07-29;1;
710111;107258;275;BG 1461 EB;2024-02-13 12:43:00;OMV EVRO DIZEL;43.44;8,275.32;1,379.22;00397127;124092;124092;                  ;SR;ADA CIGANLIJA;OMV EVRO DIZEL;190.500;8,275.32;0.00;0.00;1,379.22;RSD;8914357027;2024-02-15;YES;NO;217;OMV-RS;;;;D;8,774.90;Yes;724752;2024-02-13;1;
710111;107258;275;BG 1461 EB;2024-04-01 08:05:00;OMV EVRO DIZEL;29.56;5,660.74;943.46;00421961;124861;124861;                  ;SR;ADA CIGANLIJA;OMV EVRO DIZEL;191.500;5,660.74;0.00;0.00;943.46;RSD;8914366835;2024-04-15;YES;NO;217;OMV-RS;;;;D;6,000.70;Yes;781103;2024-04-01;1;
710111;107258;275;BG 1461 EB;2024-04-16 09:13:00;OMV EVRO DIZEL;29.26;5,617.92;936.32;00384462;125483;125483;                  ;SR;JURIJA GAGARINA;OMV EVRO DIZEL;192.000;5,617.92;0.00;0.00;936.32;RSD;8914369474;2024-04-30;YES;NO;217;OMV-RS;;;;D;6,027.60;Yes;791329;2024-04-16;1;
710111;107258;275;BG 1461 EB;2024-05-14 08:40:00;OMV EVRO DIZEL;39.41;7,468.20;1,244.70;00293333;200000;200000;                  ;SR;PANCEVO 1;OMV EVRO DIZEL;189.500;7,468.20;0.00;0.00;1,244.70;RSD;8914371718;2024-05-15;YES;NO;117;OMV-RS;;;;D;8,000.00;Yes;784059;2024-05-14;1;
710111;107258;275;BG 1461 EB;2024-06-04 09:01:00;OMV EVRO DIZEL;39.81;7,464.38;1,244.06;00415047;126833;126833;                  ;SR;JURIJA GAGARINA;OMV EVRO DIZEL;187.500;7,464.38;0.00;0.00;1,244.06;RSD;8914376641;2024-06-15;YES;NO;217;OMV-RS;;;;D;8,001.80;Yes;790204;2024-06-04;1;
710111;107258;275;BG 1461 EB;2024-06-17 11:55:00;OMV EVRO DIZEL;34.60;6,487.50;1,081.25;00077919;127425;127425;                  ;SR;POZAREVAC;OMV EVRO DIZEL;187.500;6,487.50;0.00;0.00;1,081.25;RSD;8914379249;2024-06-30;YES;NO;117;OMV-RS;;;;D;6,954.60;Yes;715528;2024-06-17;1;
710111;107258;275;BG 1461 EB;2024-07-03 14:10:00;OMV EVRO DIZEL;19.80;3,851.10;641.85;00481119;127761;127761;                  ;SR;ADA CIGANLIJA;OMV EVRO DIZEL;194.500;3,851.10;0.00;0.00;641.85;RSD;8914381538;2024-07-15;YES;NO;217;OMV-RS;;;;D;4,059.00;Yes;741054;2024-07-03;1;
710111;107258;275;BG 1461 EB;2024-07-22 08:30:00;OMV EVRO DIZEL;42.78;8,128.20;1,354.70;00368093;129330;129330;                  ;SR;POZAREVAC;OMV EVRO DIZEL;190.000;8,128.20;0.00;0.00;1,354.70;RSD;8914384146;2024-07-31;YES;NO;117;OMV-RS;;;;D;8,769.90;Yes;783040;2024-07-22;1;
710111;107258;275;BG 1461 EB;2024-07-31 07:35:00;OMV EVRO DIZEL;40.82;7,674.16;1,279.03;00498203;130040;130040;                  ;SR;ADA CIGANLIJA;OMV EVRO DIZEL;188.000;7,674.16;0.00;0.00;1,279.03;RSD;8914384146;2024-07-31;YES;NO;217;OMV-RS;;;;D;8,245.60;Yes;773608;2024-07-31;1;
710111;107258;275;BG 1461 EB;2024-08-16 08:19:00;OMV EVRO DIZEL;31.96;5,880.64;980.11;00197603;130625;130625;                  ;SR;ADA CIGANLIJA;OMV EVRO DIZEL;184.000;5,880.64;0.00;0.00;980.11;RSD;8914389074;2024-08-31;YES;NO;217;OMV-RS;;;;D;6,328.10;Yes;781935;2024-08-16;1;
710111;107258;275;BG 1461 EB;2024-08-19 13:53:00;OMV EVRO DIZEL;25.48;4,688.32;781.39;00298359;131123;131123;                  ;SR;ADA CIGANLIJA;OMV EVRO DIZEL;184.000;4,688.32;0.00;0.00;781.39;RSD;8914389074;2024-08-31;YES;NO;217;OMV-RS;;;;D;5,045.00;Yes;735335;2024-08-19;1;
710111;107258;275;BG 1461 EB;2024-08-28 08:28:00;OMV EVRO DIZEL;34.31;6,210.11;1,035.02;00521516;131704;131704;                  ;SR;LAPOVO JUG;OMV EVRO DIZEL;181.000;6,210.11;0.00;0.00;1,035.02;RSD;8914389074;2024-08-31;YES;NO;217;OMV-RS;;;;D;6,690.50;Yes;782907;2024-08-28;1;
710111;107258;275;BG 1461 EB;2024-08-30 15:49:00;OMV EVRO DIZEL;47.13;8,483.40;1,413.90;00393259;132505;132505;                  ;SR;KRAGUJEVAC ARS;OMV EVRO DIZEL;180.000;8,483.40;0.00;0.00;1,413.90;RSD;8914389074;2024-08-31;YES;NO;117;OMV-RS;;;;D;9,143.20;Yes;755000;2024-08-30;1;
710111;107258;275;BG 1461 EB;2024-09-09 08:29:00;OMV EVRO DIZEL;37.06;6,670.80;1,111.80;00229401;133157;133157;                  ;SR;RUMA;OMV EVRO DIZEL;180.000;6,670.80;0.00;0.00;1,111.80;RSD;8914391411;2024-09-15;YES;NO;217;OMV-RS;;;;D;7,189.60;Yes;782915;2024-09-09;1;
710111;107258;275;BG 1461 EB;2024-09-12 07:40:00;OMV EVRO DIZEL;36.75;6,596.63;1,099.44;00432177;133825;133825;                  ;SR;RUMA;OMV EVRO DIZEL;179.500;6,596.63;0.00;0.00;1,099.44;RSD;8914391411;2024-09-15;YES;NO;217;OMV-RS;;;;D;7,129.50;Yes;774105;2024-09-12;1;
710111;107258;275;BG 1461 EB;2024-09-16 10:32:00;OMV EVRO DIZEL;31.76;5,637.40;939.57;00275819;134340;134340;                  ;SR;SABAC;OMV EVRO DIZEL;177.500;5,637.40;0.00;0.00;939.57;RSD;8914394055;2024-09-30;YES;NO;117;OMV-RS;;;;D;6,066.20;Yes;703225;2024-09-16;1;
710111;107258;275;BG 1461 EB;2024-09-19 09:50:00;OMV EVRO DIZEL;30.54;5,420.85;903.47;00343904;134973;134973;                  ;SR;SMEDEREVSKA PALANKA;OMV EVRO DIZEL;177.500;5,420.85;0.00;0.00;903.47;RSD;8914394055;2024-09-30;YES;NO;117;OMV-RS;;;;D;5,833.10;Yes;795047;2024-09-19;1;
710111;107258;275;BG 1461 EB;2024-09-24 08:34:00;OMV EVRO DIZEL;34.68;6,155.70;1,025.95;00438996;135589;135589;                  ;SR;RUMA;OMV EVRO DIZEL;177.500;6,155.70;0.00;0.00;1,025.95;RSD;8914394055;2024-09-30;YES;NO;217;OMV-RS;;;;D;6,589.20;Yes;783446;2024-09-24;1;
710111;107258;275;BG 1461 EB;2024-09-27 08:35:00;OMV EVRO DIZEL;46.46;8,246.65;1,374.44;00440509;136412;136412;                  ;SR;RUMA;OMV EVRO DIZEL;177.500;8,246.65;0.00;0.00;1,374.44;RSD;8914394055;2024-09-30;YES;NO;217;OMV-RS;;;;D;8,827.40;Yes;783518;2024-09-27;1;
710111;107258;275;BG 1461 EB;2024-10-01 08:33:00;OMV EVRO DIZEL;32.37;5,745.68;957.61;00234075;136992;136992;                  ;SR;LAPOVO JUG;OMV EVRO DIZEL;177.500;5,745.68;0.00;0.00;957.61;RSD;8914396403;2024-10-15;YES;NO;217;OMV-RS;;;;D;6,150.30;Yes;783409;2024-10-01;1;
710111;107258;275;BG 1461 EB;2024-10-15 08:33:00;OMV EVRO DIZEL;45.50;8,508.50;1,418.08;00491761;137733;137733;                  ;SR;BUBANJ POTOK;OMV EVRO DIZEL;187.000;8,508.50;0.00;0.00;1,418.08;RSD;8914396403;2024-10-15;YES;NO;217;OMV-RS;;;;D;8,827.00;Yes;783339;2024-10-15;1;
710111;107258;275;BG 1461 EB;2024-10-18 08:54:00;OMV EVRO DIZEL;33.63;6,288.81;1,048.13;00240101;138274;138274;                  ;SR;RUMA;OMV EVRO DIZEL;187.000;6,288.81;0.00;0.00;1,048.13;RSD;8914399056;2024-10-31;YES;NO;217;OMV-RS;;;;D;6,524.20;Yes;785459;2024-10-18;1;
710111;107258;275;BG 1461 EB;2024-10-28 09:29:00;OMV EVRO DIZEL;27.85;5,180.10;863.35;00553974;138790;138790;                  ;SR;LAPOVO JUG;OMV EVRO DIZEL;186.000;5,180.10;0.00;0.00;863.35;RSD;8914399056;2024-10-31;YES;NO;217;OMV-RS;;;;D;5,375.10;Yes;792945;2024-10-28;1;
710111;107258;275;BG 1461 EB;2024-10-30 13:29:00;OMV EVRO DIZEL;38.48;7,157.28;1,192.88;00050947;139381;139381;                  ;SR;SABAC;OMV EVRO DIZEL;186.000;7,157.28;0.00;0.00;1,192.88;RSD;8914399056;2024-10-31;YES;NO;117;OMV-RS;;;;D;7,426.60;Yes;732931;2024-10-30;1;
710111;107258;275;BG 1461 EB;2024-11-05 12:24:00;OMV EVRO DIZEL;42.20;7,807.00;1,301.17;00529430;140024;140024;                  ;SR;KRUSEVAC;OMV EVRO DIZEL;185.000;7,807.00;0.00;0.00;1,301.17;RSD;8914401397;2024-11-15;YES;NO;117;OMV-RS;;;;D;8,102.40;Yes;722458;2024-11-05;1;
710111;107258;275;BG 1461 EB;2024-11-08 08:53:00;OMV EVRO DIZEL;44.80;8,332.80;1,388.80;00461489;140720;140720;                  ;SR;RUMA;OMV EVRO DIZEL;186.000;8,332.80;0.00;0.00;1,388.80;RSD;8914401397;2024-11-15;YES;NO;217;OMV-RS;;;;D;8,601.60;Yes;785354;2024-11-08;1;
710111;107258;275;BG 1461 EB;2024-11-09 08:33:00;OMV EVRO DIZEL;17.43;3,276.84;546.14;00558963;140985;140985;                  ;SR;LAPOVO JUG;OMV EVRO DIZEL;188.000;3,276.84;0.00;0.00;546.14;RSD;8914401397;2024-11-15;YES;NO;217;OMV-RS;;;;D;3,381.40;Yes;783348;2024-11-09;1;
710111;107258;275;BG 1461 EB;2024-11-13 08:37:00;OMV EVRO DIZEL;17.95;3,374.60;562.43;00560364;141244;141244;                  ;SR;LAPOVO JUG;OMV EVRO DIZEL;188.000;3,374.60;0.00;0.00;562.43;RSD;8914401397;2024-11-15;YES;NO;217;OMV-RS;;;;D;3,482.30;Yes;783754;2024-11-13;1;
710111;107258;275;BG 1461 EB;2024-11-18 09:52:00;OMV EVRO DIZEL;37.13;6,980.44;1,163.41;00583228;141800;141800;                  ;SR;BESKA 1;OMV EVRO DIZEL;188.000;6,980.44;0.00;0.00;1,163.41;RSD;8914404050;2024-11-30;YES;NO;217;OMV-RS;;;;D;7,203.20;Yes;795239;2024-11-18;1;
710111;107258;275;BG 1461 EB;2024-12-13 09:17:00;OMV EVRO DIZEL;39.57;7,478.73;1,246.45;00568930;142408;142408;                  ;SR;ADA CIGANLIJA;OMV EVRO DIZEL;189.000;7,478.73;0.00;0.00;1,246.45;RSD;8914406383;2024-12-15;YES;NO;217;OMV-RS;;;;D;7,755.70;Yes;791844;2024-12-13;1;
710111;107258;275;BG 1461 EB;2024-12-19 09:12:00;OMV EVRO DIZEL;25.94;4,902.66;817.11;00574467;142727;142727;                  ;SR;LAPOVO JUG;OMV EVRO DIZEL;189.000;4,902.66;0.00;0.00;817.11;RSD;8914409008;2024-12-31;YES;NO;217;OMV-RS;;;;D;5,084.20;Yes;791234;2024-12-19;1;
710111;107258;275;BG 1461 EB;2025-01-10 08:53:00;OMV EVRO DIZEL;37.34;7,169.28;1,194.88;00587394;143290;143290;                  ;SR;LAPOVO JUG;OMV EVRO DIZEL;192.000;7,169.28;0.00;0.00;1,194.88;RSD;8915352029;2025-01-15;YES;NO;217;OMV-RS;;;;D;7,430.70;Yes;785354;2025-01-10;1;
710111;107258;275;BG 1461 EB;2025-01-21 08:41:00;OMV EVRO DIZEL;21.10;4,177.80;696.30;00591016;143590;143590;                  ;SR;LAPOVO JUG;OMV EVRO DIZEL;198.000;4,177.80;0.00;0.00;696.30;RSD;8915354647;2025-01-31;YES;NO;217;OMV-RS;;;;D;4,304.40;Yes;784127;2025-01-21;1;
710111;107258;275;BG 1461 EB;2025-01-31 08:32:00;OMV EVRO DIZEL;38.33;7,589.34;1,264.89;00001943;144277;144277;                  ;SR;LAPOVO JUG;OMV EVRO DIZEL;198.000;7,589.34;0.00;0.00;1,264.89;RSD;8915354647;2025-01-31;YES;NO;217;OMV-RS;;;;D;7,819.30;Yes;783218;2025-01-31;1;
710111;107258;275;BG 1461 EB;2025-02-24 07:31:00;OMV EVRO DIZEL;24.51;4,902.00;817.00;00015929;0;0;                  ;SR;ADA CIGANLIJA;OMV EVRO DIZEL;200.000;4,902.00;0.00;0.00;817.00;RSD;8915359791;2025-02-28;YES;NO;217;OMV-RS;;;;D;5,000.00;Yes;773428;2025-02-24;1;
710111;107258;275;BG 1461 EB;2025-03-31 08:42:00;OMV EVRO DIZEL;45.85;8,711.50;1,451.92;00031906;145637;145637;                  ;SR;BESKA 2;OMV EVRO DIZEL;190.000;8,711.50;0.00;0.00;1,451.92;RSD;8915364775;2025-03-31;YES;NO;217;OMV-RS;;;;D;8,986.60;Yes;784539;2025-03-31;1;
710111;107258;275;BG 1461 EB;2025-04-03 11:59:00;OMV EVRO DIZEL;41.33;7,852.70;1,308.78;00026521;146305;146305;                  ;SR;SMEDEREVSKA PALANKA;OMV EVRO DIZEL;190.000;7,852.70;0.00;0.00;1,308.78;RSD;8915367133;2025-04-15;YES;NO;117;OMV-RS;;;;D;8,100.70;Yes;720329;2025-04-03;1;
710111;107258;275;BG 1461 EB;2025-04-08 09:45:00;OMV EVRO DIZEL;36.01;6,841.90;1,140.32;00036227;146986;146986;                  ;SR;BESKA 2;OMV EVRO DIZEL;190.000;6,841.90;0.00;0.00;1,140.32;RSD;8915367133;2025-04-15;YES;NO;217;OMV-RS;;;;D;7,058.00;Yes;794836;2025-04-08;1;
710111;107258;275;BG 1461 EB;2025-04-11 10:25:00;OMV EVRO DIZEL;39.81;7,563.90;1,260.65;00029562;147687;147687;                  ;SR;SMEDEREVSKA PALANKA;OMV EVRO DIZEL;190.000;7,563.90;0.00;0.00;1,260.65;RSD;8915367133;2025-04-15;YES;NO;117;OMV-RS;;;;D;7,802.80;Yes;702906;2025-04-11;1;
710111;107258;275;BG 1461 EB;2025-04-16 08:11:00;OMV EVRO DIZEL;36.28;6,748.08;1,124.68;00008353;148247;148247;                  ;SR;BUBANJ POTOK;OMV EVRO DIZEL;186.000;6,748.08;0.00;0.00;1,124.68;RSD;8915369797;2025-04-30;YES;NO;217;OMV-RS;;;;D;6,965.80;Yes;781253;2025-04-16;1;
710111;107258;275;BG 1461 EB;2025-04-23 10:59:00;OMV EVRO DIZEL;30.30;5,544.90;924.15;00040443;148824;148824;                  ;SR;VRBAS;OMV EVRO DIZEL;183.000;5,544.90;0.00;0.00;924.15;RSD;8915369797;2025-04-30;YES;NO;117;OMV-RS;;;;D;5,726.70;Yes;710237;2025-04-23;1;
710111;107258;275;BG 1461 EB;2025-04-28 09:19:00;OMV EVRO DIZEL;35.03;6,410.49;1,068.41;00041257;149475;149475;                  ;SR;LAPOVO JUG;OMV EVRO DIZEL;183.000;6,410.49;0.00;0.00;1,068.41;RSD;8915369797;2025-04-30;YES;NO;217;OMV-RS;;;;D;6,620.70;Yes;792011;2025-04-28;1;
710111;107258;275;BG 1461 EB;2025-04-30 11:44:00;OMV EVRO DIZEL;31.83;5,824.89;970.81;00037574;150086;150086;                  ;SR;SMEDEREVSKA PALANKA;OMV EVRO DIZEL;183.000;5,824.89;0.00;0.00;970.81;RSD;8915369797;2025-04-30;YES;NO;117;OMV-RS;;;;D;6,015.90;Yes;714929;2025-04-30;1;
710111;107258;275;BG 1461 EB;2025-05-07 08:16:00;OMV EVRO DIZEL;32.12;5,845.84;974.31;00063313;150720;150720;                  ;SR;BUBANJ POTOK;OMV EVRO DIZEL;182.000;5,845.84;0.00;0.00;974.31;RSD;8915372197;2025-05-15;YES;NO;217;OMV-RS;;;;D;6,038.60;Yes;782007;2025-05-07;1;
710111;107258;275;BG 1461 EB;2025-05-09 09:13:00;OMV EVRO DIZEL;29.54;5,376.28;896.05;00016989;151261;151261;                  ;SR;BESKA 2;OMV EVRO DIZEL;182.000;5,376.28;0.00;0.00;896.05;RSD;8915372197;2025-05-15;YES;NO;217;OMV-RS;;;;D;5,553.50;Yes;791403;2025-05-09;1;
710111;107258;275;BG 1461 EB;2025-05-12 12:47:00;OMV EVRO DIZEL;44.01;7,921.80;1,320.30;00042701;151956;151956;                  ;SR;SMEDEREVSKA PALANKA;OMV EVRO DIZEL;180.000;7,921.80;0.00;0.00;1,320.30;RSD;8915372197;2025-05-15;YES;NO;117;OMV-RS;;;;D;8,185.90;Yes;725240;2025-05-12;1;
710111;107258;275;BG 1461 EB;2025-05-15 12:37:00;OMV EVRO DIZEL;40.33;7,259.40;1,209.90;00048080;152766;152766;                  ;SR;POZAREVAC;OMV EVRO DIZEL;180.000;7,259.40;0.00;0.00;1,209.90;RSD;8915372197;2025-05-15;YES;NO;117;OMV-RS;;;;D;7,501.40;Yes;724210;2025-05-15;1;
710111;107258;275;BG 1461 EB;2025-05-22 09:20:00;OMV EVRO DIZEL;43.75;7,918.75;1,319.79;00062753;153556;153556;                  ;SR;BESKA 2;OMV EVRO DIZEL;181.000;7,918.75;0.00;0.00;1,319.79;RSD;8915374857;2025-05-31;YES;NO;217;OMV-RS;;;;D;8,181.30;Yes;792057;2025-05-22;1;
710111;107258;275;BG 1461 EB;2025-05-26 09:50:00;OMV EVRO DIZEL;36.61;6,626.41;1,104.40;00020496;154157;154157;                  ;SR;BESKA 2;OMV EVRO DIZEL;181.000;6,626.41;0.00;0.00;1,104.40;RSD;8915374857;2025-05-31;YES;NO;217;OMV-RS;;;;D;6,846.10;Yes;795036;2025-05-26;1;
710111;107258;275;BG 1461 EB;2025-05-29 07:30:00;OMV EVRO DIZEL;28.11;5,087.91;847.98;00058253;154663;154663;                  ;SR;ADA CIGANLIJA;OMV EVRO DIZEL;181.000;5,087.91;0.00;0.00;847.98;RSD;8915374857;2025-05-31;YES;NO;217;OMV-RS;;;;D;5,256.60;Yes;773026;2025-05-29;1;
710111;107258;275;BG 1461 EB;2025-06-13 06:02:00;OMV EVRO DIZEL;41.89;7,582.09;1,263.68;00076332;155331;155331;                  ;SR;BESKA 2;OMV EVRO DIZEL;181.000;7,582.09;0.00;0.00;1,263.68;RSD;8915377281;2025-06-15;YES;NO;217;OMV-RS;;;;D;7,833.40;Yes;760253;2025-06-13;1;
710111;107258;275;BG 1461 EB;2025-06-18 11:48:00;OMV EVRO DIZEL;29.71;5,436.93;906.15;00079721;155821;155821;                  ;SR;BESKA 2;OMV EVRO DIZEL;183.000;5,436.93;0.00;0.00;906.15;RSD;8915379951;2025-06-30;YES;NO;217;OMV-RS;;;;D;5,615.20;Yes;714809;2025-06-18;1;
710111;107258;275;BG 1461 EB;2025-06-21 10:30:00;OMV EVRO DIZEL;38.42;7,146.12;1,191.02;00086993;156461;156461;                  ;SR;BESKA 1;OMV EVRO DIZEL;186.000;7,146.12;0.00;0.00;1,191.02;RSD;8915379951;2025-06-30;YES;NO;217;OMV-RS;;;;D;7,376.60;Yes;703009;2025-06-21;1;
710111;107258;275;BG 1461 EB;2025-06-25 09:40:00;OMV EVRO DIZEL;35.71;6,642.06;1,107.01;00084259;157065;157065;                  ;SR;BESKA 2;OMV EVRO DIZEL;186.000;6,642.06;0.00;0.00;1,107.01;RSD;8915379951;2025-06-30;YES;NO;217;OMV-RS;;;;D;6,856.30;Yes;794051;2025-06-25;1;
710111;107258;275;BG 1461 EB;2025-06-27 09:04:00;OMV EVRO DIZEL;42.53;7,910.58;1,318.43;00091117;157723;157723;                  ;SR;BESKA 1;OMV EVRO DIZEL;186.000;7,910.58;0.00;0.00;1,318.43;RSD;8915379951;2025-06-30;YES;NO;217;OMV-RS;;;;D;8,165.80;Yes;790427;2025-06-27;1;
710111;107258;275;BG 1461 EB;2025-06-30 09:30:00;OMV EVRO DIZEL;28.93;5,438.84;906.47;00023405;158214;158214;                  ;SR;POZAREVAC;OMV EVRO DIZEL;188.000;5,438.84;0.00;0.00;906.47;RSD;8915379951;2025-06-30;YES;NO;117;OMV-RS;;;;D;5,612.40;Yes;793039;2025-06-30;1;
710111;107258;275;BG 1461 EB;2025-07-03 07:23:00;OMV EVRO DIZEL;36.15;6,796.20;1,132.70;00087130;158821;158821;                  ;SR;BESKA 2;OMV EVRO DIZEL;188.000;6,796.20;0.00;0.00;1,132.70;RSD;8915382357;2025-07-15;YES;NO;217;OMV-RS;;;;D;7,013.10;Yes;772403;2025-07-03;1;
710111;107258;275;BG 1461 EB;2025-07-14 11:29:00;OMV EVRO DIZEL;46.02;8,743.80;1,457.30;00029601;159574;159574;                  ;SR;BESKA 2;OMV EVRO DIZEL;190.000;8,743.80;0.00;0.00;1,457.30;RSD;8915382357;2025-07-15;YES;NO;217;OMV-RS;;;;D;9,019.90;Yes;713005;2025-07-14;1;
710111;107258;275;BG 1461 EB;2025-07-21 11:54:00;OMV EVRO DIZEL;38.49;7,351.59;1,225.26;00040745;160176;160176;                  ;SR;INDJIJA;OMV EVRO DIZEL;191.000;7,351.59;0.00;0.00;1,225.26;RSD;8915385043;2025-07-31;YES;NO;117;OMV-RS;;;;D;7,582.53;Yes;715420;2025-07-21;1;
710111;107258;275;BG 1461 EB;2025-07-25 09:14:00;OMV EVRO DIZEL;35.34;6,749.94;1,124.99;00041743;160809;160809;                  ;SR;INDJIJA;OMV EVRO DIZEL;191.000;6,749.94;0.00;0.00;1,124.99;RSD;8915385043;2025-07-31;YES;NO;117;OMV-RS;;;;D;6,961.98;Yes;791437;2025-07-25;1;
710111;107258;275;BG 1461 EB;2025-07-30 13:40:00;OMV EVRO DIZEL;36.71;6,974.90;1,162.48;00042980;161478;161478;                  ;SR;INDJIJA;OMV EVRO DIZEL;190.000;6,974.90;0.00;0.00;1,162.48;RSD;8915385043;2025-07-31;YES;NO;117;OMV-RS;;;;D;7,195.16;Yes;734050;2025-07-30;1;
710111;107258;275;BG 1461 EB;2025-08-06 08:50:00;OMV EVRO DIZEL;42.46;8,067.40;1,344.57;00109837;162278;162278;                  ;SR;BESKA 2;OMV EVRO DIZEL;190.000;8,067.40;0.00;0.00;1,344.57;RSD;8915387463;2025-08-15;YES;NO;217;OMV-RS;;;;D;8,322.20;Yes;785018;2025-08-06;1;
710111;107258;275;BG 1461 EB;2025-08-08 07:44:00;OMV EVRO DIZEL;39.36;7,439.04;1,239.84;00111473;162993;162993;                  ;SR;BESKA 2;OMV EVRO DIZEL;189.000;7,439.04;0.00;0.00;1,239.84;RSD;8915387463;2025-08-15;YES;NO;217;OMV-RS;;;;D;7,714.60;Yes;774456;2025-08-08;1;
710111;107258;275;BG 1461 EB;2025-08-12 08:50:00;OMV EVRO DIZEL;36.40;6,770.40;1,128.40;00115502;163606;163606;                  ;SR;BESKA 2;OMV EVRO DIZEL;186.000;6,770.40;0.00;0.00;1,128.40;RSD;8915387463;2025-08-15;YES;NO;217;OMV-RS;;;;D;7,025.20;Yes;785021;2025-08-12;1;
710111;107258;275;BG 1461 EB;2025-09-01 09:16:00;OMV EVRO DIZEL;30.43;5,659.98;943.33;00134839;164099;164099;                  ;SR;BESKA 2;OMV EVRO DIZEL;186.000;5,659.98;0.00;0.00;943.33;RSD;8915392542;2025-09-15;YES;NO;217;OMV-RS;;;;D;5,873.00;Yes;791620;2025-09-01;1;
710111;107258;275;BG 1461 EB;2025-09-02 16:02:00;OMV EVRO DIZEL;42.02;7,815.72;1,302.62;00149135;164743;164743;                  ;SR;BESKA 1;OMV EVRO DIZEL;186.000;7,815.72;0.00;0.00;1,302.62;RSD;8915392542;2025-09-15;YES;NO;217;OMV-RS;;;;D;8,109.90;Yes;760223;2025-09-02;1;
710111;107258;275;BG 1461 EB;2025-09-04 07:42:00;OMV EVRO DIZEL;29.33;5,455.38;909.23;00062344;165195;165195;                  ;SR;BUBANJ POTOK;OMV EVRO DIZEL;186.000;5,455.38;0.00;0.00;909.23;RSD;8915392542;2025-09-15;YES;NO;217;OMV-RS;;;;D;5,660.70;Yes;774302;2025-09-04;1;
710111;107258;275;BG 1461 EB;2025-09-05 06:21:00;OMV EVRO DIZEL;21.83;4,060.38;676.73;00137897;165581;165581;                  ;SR;BESKA 2;OMV EVRO DIZEL;186.000;4,060.38;0.00;0.00;676.73;RSD;8915392542;2025-09-15;YES;NO;217;OMV-RS;;;;D;4,213.20;Yes;762146;2025-09-05;1;
710111;107258;275;BG 1461 EB;2025-09-08 16:47:00;OMV EVRO DIZEL;42.13;7,878.31;1,313.05;00153173;166204;166204;                  ;SR;BESKA 1;OMV EVRO DIZEL;187.000;7,878.31;0.00;0.00;1,313.05;RSD;8915392542;2025-09-15;YES;NO;217;OMV-RS;;;;D;8,173.20;Yes;764701;2025-09-08;1;
710111;107258;275;BG 1461 EB;2025-09-10 07:01:00;OMV EVRO DIZEL;29.87;5,585.69;930.95;00141723;166687;166687;                  ;SR;BESKA 2;OMV EVRO DIZEL;187.000;5,585.69;0.00;0.00;930.95;RSD;8915392542;2025-09-15;YES;NO;217;OMV-RS;;;;D;5,794.80;Yes;770150;2025-09-10;1;
710111;107258;275;BG 1461 EB;2025-09-12 07:24:00;OMV EVRO DIZEL;23.03;4,306.61;717.77;00143199;167057;167057;                  ;SR;BESKA 2;OMV EVRO DIZEL;187.000;4,306.61;0.00;0.00;717.77;RSD;8915392542;2025-09-15;YES;NO;217;OMV-RS;;;;D;4,467.80;Yes;772504;2025-09-12;1;
710111;107258;275;BG 1461 EB;2025-09-15 07:42:00;OMV EVRO DIZEL;21.13;3,951.31;658.55;00145382;167437;167437;                  ;SR;BESKA 2;OMV EVRO DIZEL;187.000;3,951.31;0.00;0.00;658.55;RSD;8915392542;2025-09-15;YES;NO;217;OMV-RS;;;;D;4,099.20;Yes;774227;2025-09-15;1;
710111;107258;275;BG 1461 EB;2025-09-16 07:27:00;OMV EVRO DIZEL;24.26;4,536.62;756.10;00146039;167802;167802;                  ;SR;BESKA 2;OMV EVRO DIZEL;187.000;4,536.62;0.00;0.00;756.10;RSD;8915395222;2025-09-30;YES;NO;217;OMV-RS;;;;D;4,706.40;Yes;772741;2025-09-16;1;
710111;107258;275;BG 1461 EB;2025-09-17 07:40:00;OMV EVRO DIZEL;21.21;3,966.27;661.04;00146672;168180;168180;                  ;SR;BESKA 2;OMV EVRO DIZEL;187.000;3,966.27;0.00;0.00;661.04;RSD;8915395222;2025-09-30;YES;NO;217;OMV-RS;;;;D;4,114.70;Yes;774050;2025-09-17;1;
710111;107258;275;BG 1461 EB;2025-09-18 07:22:00;OMV EVRO DIZEL;22.12;4,136.44;689.41;00147344;168552;168552;                  ;SR;BESKA 2;OMV EVRO DIZEL;187.000;4,136.44;0.00;0.00;689.41;RSD;8915395222;2025-09-30;YES;NO;217;OMV-RS;;;;D;4,291.30;Yes;772251;2025-09-18;1;
710111;107258;275;BG 1461 EB;2025-09-19 07:22:00;OMV EVRO DIZEL;23.98;4,484.26;747.38;00148081;168925;168925;                  ;SR;BESKA 2;OMV EVRO DIZEL;187.000;4,484.26;0.00;0.00;747.38;RSD;8915395222;2025-09-30;YES;NO;217;OMV-RS;;;;D;4,652.10;Yes;772237;2025-09-19;1;
710111;107258;275;BG 1461 EB;2025-09-22 07:23:00;OMV EVRO DIZEL;22.73;4,273.24;712.21;00053949;169300;169300;                  ;SR;BESKA 2;OMV EVRO DIZEL;188.000;4,273.24;0.00;0.00;712.21;RSD;8915395222;2025-09-30;YES;NO;217;OMV-RS;;;;D;4,432.40;Yes;772402;2025-09-22;1;
710111;107258;275;BG 1461 EB;2025-09-23 07:58:00;OMV EVRO DIZEL;21.01;3,949.88;658.31;00160743;169648;169648;                  ;SR;BUBANJ POTOK;OMV EVRO DIZEL;188.000;3,949.88;0.00;0.00;658.31;RSD;8915395222;2025-09-30;YES;NO;217;OMV-RS;;;;D;4,097.00;Yes;775847;2025-09-23;1;
710111;107258;275;BG 1461 EB;2025-09-24 07:16:00;OMV EVRO DIZEL;25.51;4,795.88;799.31;00151673;170106;170106;                  ;SR;BESKA 2;OMV EVRO DIZEL;188.000;4,795.88;0.00;0.00;799.31;RSD;8915395222;2025-09-30;YES;NO;217;OMV-RS;;;;D;4,974.50;Yes;771706;2025-09-24;1;
710111;107258;275;BG 1461 EB;2025-09-25 07:13:00;OMV EVRO DIZEL;22.48;4,226.24;704.37;00152392;170457;170457;                  ;SR;BESKA 2;OMV EVRO DIZEL;188.000;4,226.24;0.00;0.00;704.37;RSD;8915395222;2025-09-30;YES;NO;217;OMV-RS;;;;D;4,383.60;Yes;771317;2025-09-25;1;
710111;107258;275;BG 1461 EB;2025-09-26 07:13:00;OMV EVRO DIZEL;23.44;4,406.72;734.45;00153105;170818;170818;                  ;SR;BESKA 2;OMV EVRO DIZEL;188.000;4,406.72;0.00;0.00;734.45;RSD;8915395222;2025-09-30;YES;NO;217;OMV-RS;;;;D;4,570.80;Yes;771337;2025-09-26;1;
710111;107258;275;BG 1461 EB;2025-09-29 07:25:00;OMV EVRO DIZEL;25.33;4,762.04;793.67;00155483;171189;171189;                  ;SR;BESKA 2;OMV EVRO DIZEL;188.000;4,762.04;0.00;0.00;793.67;RSD;8915395222;2025-09-30;YES;NO;217;OMV-RS;;;;D;4,939.40;Yes;772539;2025-09-29;1;
710111;107258;275;BG 1461 EB;2025-09-30 07:04:00;OMV EVRO DIZEL;23.33;4,386.04;731.01;00156067;171541;171541;                  ;SR;BESKA 2;OMV EVRO DIZEL;188.000;4,386.04;0.00;0.00;731.01;RSD;8915395222;2025-09-30;YES;NO;217;OMV-RS;;;;D;4,549.40;Yes;770516;2025-09-30;1;
710111;107258;390;BG 2266 - UG;2025-10-04 18:54:00;OMV EVRO DIZEL;36.77;6,912.76;1,152.13;00114066;0;0;                  ;SR;NOVI SAD;OMV EVRO DIZEL;188.000;6,912.76;0.00;0.00;1,152.13;RSD;8915397668;2025-10-15;YES;NO;217;OMV-RS;;;;D;7,170.20;Yes;785419;2025-10-04;1;
710111;107258;390;BG 2266 - UG;2025-10-08 21:14:00;OMV EVRO DIZEL;31.10;5,846.80;974.47;00115937;0;0;                  ;SR;NOVI SAD;OMV EVRO DIZEL;188.000;5,846.80;0.00;0.00;974.47;RSD;8915397668;2025-10-15;YES;NO;217;OMV-RS;;;;D;6,064.50;Yes;711454;2025-10-08;1;
710111;107258;390;BG 2266 - UG;2025-10-13 09:17:00;OMV EVRO DIZEL;30.42;5,718.96;953.16;00033280;0;0;                  ;SR;NOVI SAD 2;OMV EVRO DIZEL;188.000;5,718.96;0.00;0.00;953.16;RSD;8915397668;2025-10-15;YES;NO;217;OMV-RS;;;;D;5,901.48;Yes;791759;2025-10-13;1;
710111;107258;390;BG 2266 - UG;2025-10-13 09:18:00;AdBlue Kanister;1.00;999.00;166.50;00033281;0;0;                  ;SR;NOVI SAD 2;AdBlue Kanister;999.000;999.00;0.00;0.00;166.50;RSD;8915397668;2025-10-15;YES;NO;217;OMV-RS;;;;D;0.00;No;791843;2025-10-13;1;
710111;107258;390;BG 2266 - UG;2025-10-15 10:34:00;OMV EVRO DIZEL;26.37;4,957.56;826.26;00142059;0;0;                  ;SR;BACKA TOPOLA 2;OMV EVRO DIZEL;188.000;4,957.56;0.00;0.00;826.26;RSD;8915397668;2025-10-15;YES;NO;217;OMV-RS;;;;D;5,115.80;Yes;703625;2025-10-15;1;
710111;107258;390;BG 2266 - UG;2025-10-15 10:35:00;AdBlue Kanister;1.00;1,109.00;184.83;00142060;0;0;                  ;SR;BACKA TOPOLA 2;AdBlue Kanister;1,109.000;1,109.00;0.00;0.00;184.83;RSD;8915397668;2025-10-15;YES;NO;217;OMV-RS;;;;D;0.00;No;703708;2025-10-15;1;
710111;107258;390;BG 2266 - UG;2025-10-19 11:31:00;OMV EVRO DIZEL;25.14;4,676.04;779.34;00144505;0;0;                  ;SR;BACKA TOPOLA 2;OMV EVRO DIZEL;186.000;4,676.04;0.00;0.00;779.34;RSD;8915400359;2025-10-31;YES;NO;217;OMV-RS;;;;D;4,826.90;Yes;713342;2025-10-19;1;
710111;107258;390;BG 2266 - UG;2025-10-21 10:41:00;OMV EVRO DIZEL;23.60;4,389.60;731.60;00102718;0;0;                  ;SR;BACKA TOPOLA 2;OMV EVRO DIZEL;186.000;4,389.60;0.00;0.00;731.60;RSD;8915400359;2025-10-31;YES;NO;217;OMV-RS;;;;D;4,531.20;Yes;704313;2025-10-21;1;
710111;107258;390;BG 2266 - UG;2025-10-23 16:49:00;OMV EVRO DIZEL;37.19;6,917.34;1,152.89;00121714;0;0;                  ;SR;BACKA TOPOLA;OMV EVRO DIZEL;186.000;6,917.34;0.00;0.00;1,152.89;RSD;8915400359;2025-10-31;YES;NO;217;OMV-RS;;;;D;7,140.50;Yes;764948;2025-10-23;1;
710111;107258;390;BG 2266 - UG;2025-10-27 12:25:00;OMV EVRO DIZEL;28.64;5,370.00;895.00;00061287;0;0;                  ;SR;BESKA 2;OMV EVRO DIZEL;187.500;5,370.00;0.00;0.00;895.00;RSD;8915400359;2025-10-31;YES;NO;217;OMV-RS;;;;D;5,527.50;Yes;722542;2025-10-27;1;
710111;107258;390;BG 2266 - UG;2025-10-28 20:17:00;OMV EVRO DIZEL;22.80;4,275.00;712.50;00125917;0;0;                  ;SR;NOVI SAD;OMV EVRO DIZEL;187.500;4,275.00;0.00;0.00;712.50;RSD;8915400359;2025-10-31;YES;NO;217;OMV-RS;;;;D;4,400.40;Yes;701805;2025-10-28;1;
710111;107258;390;BG 2266 - UG;2025-10-28 20:19:00;AdBlue Kanister;1.00;999.00;166.50;00041803;0;0;                  ;SR;NOVI SAD;AdBlue Kanister;999.000;999.00;0.00;0.00;166.50;RSD;8915400359;2025-10-31;YES;NO;217;OMV-RS;;;;D;0.00;No;702038;2025-10-28;1;
710111;107258;390;BG 2266 - UG;2025-10-31 10:33:00;OMV EVRO DIZEL;30.96;5,805.00;967.50;00149648;0;0;                  ;SR;BACKA TOPOLA 2;OMV EVRO DIZEL;187.500;5,805.00;0.00;0.00;967.50;RSD;8915400359;2025-10-31;YES;NO;217;OMV-RS;;;;D;5,975.30;Yes;703624;2025-10-31;1;
710111;107258;390;BG 2266 - UG;2025-11-02 08:43:00;OMV EVRO DIZEL;30.31;5,774.06;962.34;00150682;0;0;                  ;SR;BACKA TOPOLA 2;OMV EVRO DIZEL;190.500;5,774.06;0.00;0.00;962.34;RSD;8915402843;2025-11-15;YES;NO;217;OMV-RS;;;;D;5,940.80;Yes;784559;2025-11-02;1;
710111;107258;390;BG 2266 - UG;2025-11-06 11:14:00;OMV EVRO DIZEL;38.54;7,361.14;1,226.86;00138686;0;0;                  ;SR;VRBAS;OMV EVRO DIZEL;191.000;7,361.14;0.00;0.00;1,226.86;RSD;8915402843;2025-11-15;YES;NO;117;OMV-RS;;;;D;7,553.80;Yes;711454;2025-11-06;1;
710111;107258;390;BG 2266 - UG;2025-11-11 08:48:00;OMV EVRO DIZEL;32.93;6,388.42;1,064.74;00154989;0;0;                  ;SR;BACKA TOPOLA 2;OMV EVRO DIZEL;194.000;6,388.42;0.00;0.00;1,064.74;RSD;8915402843;2025-11-15;YES;NO;217;OMV-RS;;;;D;6,520.10;Yes;785136;2025-11-11;1;
710111;107258;390;BG 2266 - UG;2025-11-13 14:27:00;OMV EVRO DIZEL;37.06;7,189.64;1,198.27;00053733;0;0;                  ;SR;BACKA TOPOLA;OMV EVRO DIZEL;194.000;7,189.64;0.00;0.00;1,198.27;RSD;8915402843;2025-11-15;YES;NO;217;OMV-RS;;;;D;7,337.90;Yes;742801;2025-11-13;1;
710111;107258;390;BG 2266 - UG;2025-11-20 09:46:00;OMV EVRO DIZEL;33.08;6,516.76;1,086.13;00137497;0;0;                  ;SR;NOVI SAD;OMV EVRO DIZEL;197.000;6,516.76;0.00;0.00;1,086.13;RSD;8915405535;2025-11-30;YES;NO;217;OMV-RS;;;;D;6,649.10;Yes;794657;2025-11-20;1;
710111;107258;390;BG 2266 - UG;2025-12-09 21:13:00;OMV EVRO DIZEL;38.18;7,406.92;1,234.49;00147890;0;0;                  ;SR;NOVI SAD;OMV EVRO DIZEL;194.000;7,406.92;0.00;0.00;1,234.49;RSD;8915408077;2025-12-15;YES;NO;217;OMV-RS;;;;D;7,559.64;Yes;711353;2025-12-09;1;
710111;107258;390;BG 2266 - UG;2025-12-20 16:03:00;OMV EVRO DIZEL;28.94;5,484.13;914.02;00153617;0;0;                  ;SR;NOVI SAD;OMV EVRO DIZEL;189.500;5,484.13;0.00;0.00;914.02;RSD;8915410794;2025-12-31;YES;NO;217;OMV-RS;;;;D;5,672.24;Yes;760315;2025-12-20;1;
710111;107258;390;BG 2266 - UG;2025-12-22 17:56:00;OMV EVRO DIZEL;28.15;5,334.43;889.07;00154604;0;0;                  ;SR;NOVI SAD;OMV EVRO DIZEL;189.500;5,334.43;0.00;0.00;889.07;RSD;8915410794;2025-12-31;YES;NO;217;OMV-RS;;;;D;5,517.40;Yes;775635;2025-12-22;1;
710111;107258;390;BG 2266 - UG;2025-12-22 17:57:00;AdBlue Kanister;1.00;899.00;149.83;00154605;0;0;                  ;SR;NOVI SAD;AdBlue Kanister;899.000;899.00;0.00;0.00;149.83;RSD;8915410794;2025-12-31;YES;NO;217;OMV-RS;;;;D;0.00;No;775716;2025-12-22;1;
710111;107258;390;BG 2266 - UG;2025-12-29 08:54:00;OMV EVRO DIZEL;33.53;6,286.88;1,047.81;00122555;0;0;                  ;SR;BACKA TOPOLA 2;OMV EVRO DIZEL;187.500;6,286.88;0.00;0.00;1,047.81;RSD;8915410794;2025-12-31;YES;NO;217;OMV-RS;;;;D;6,504.82;Yes;785855;2025-12-29;1;
710111;107258;390;BG 2266 - UG;2026-01-08 11:29:00;OMV EVRO DIZEL;33.12;6,176.88;1,029.48;00056584;0;0;                  ;SR;NOVI SAD;OMV EVRO DIZEL;186.500;6,176.88;0.00;0.00;1,029.48;RSD;8916351914;2026-01-15;YES;NO;217;OMV-RS;;;;D;6,392.16;Yes;713105;2026-01-08;1;
710111;107258;390;BG 2266 - UG;2026-01-26 19:32:00;OMV EVRO DIZEL;38.48;7,176.52;1,196.09;00171340;0;0;                  ;SR;NOVI SAD;OMV EVRO DIZEL;186.500;7,176.52;0.00;0.00;1,196.09;RSD;8916354637;2026-01-31;YES;NO;217;OMV-RS;;;;D;7,426.64;Yes;793401;2026-01-26;1;
710111;107258;390;BG 2266 - UG;2026-02-09 09:30:00;OMV EVRO DIZEL;39.32;7,451.14;1,241.86;00178157;0;0;                  ;SR;NOVI SAD;OMV EVRO DIZEL;189.500;7,451.14;0.00;0.00;1,241.86;RSD;8916357592;2026-02-15;YES;NO;217;OMV-RS;;;;D;7,706.72;Yes;793233;2026-02-09;1;
710111;107258;390;BG 2266 - UG;2026-02-19 07:52:00;OMV EVRO DIZEL;28.22;5,333.58;888.93;00064583;0;0;                  ;SR;NOVI SAD;OMV EVRO DIZEL;189.000;5,333.58;0.00;0.00;888.93;RSD;8916360516;2026-02-28;YES;NO;217;OMV-RS;;;;D;5,531.12;Yes;775527;2026-02-19;1;
710111;107258;390;BG 2266 - UG;2026-02-27 16:50:00;OMV EVRO DIZEL;36.73;7,088.89;1,181.48;00010114;0;0;                  ;SR;OBILAZNICA 1;OMV EVRO DIZEL;193.000;7,088.89;0.00;0.00;1,181.48;RSD;8916360516;2026-02-28;YES;NO;217;OMV-RS;;;;D;7,346.00;Yes;765045;2026-02-27;1;
710111;107258;390;BG 2266 - UG;2026-02-27 16:51:00;AdBlue Kanister;1.00;1,109.00;184.83;00010115;0;0;                  ;SR;OBILAZNICA 1;AdBlue Kanister;1,109.000;1,109.00;0.00;0.00;184.83;RSD;8916360516;2026-02-28;YES;NO;217;OMV-RS;;;;D;0.00;No;765132;2026-02-27;1;
710111;107258;390;BG 2266 - UG;2026-03-05 17:40:00;OMV EVRO DIZEL;24.99;4,823.07;803.84;00067859;0;0;                  ;SR;NOVI SAD;OMV EVRO DIZEL;193.000;4,823.07;0.00;0.00;803.84;RSD;8916363465;2026-03-15;YES;NO;217;OMV-RS;;;;D;4,998.00;Yes;774251;2026-03-05;1;
710111;107258;390;BG 2266 - UG;2026-03-15 18:16:00;OMV EVRO DIZEL;37.68;7,837.44;1,306.24;00070058;0;0;                  ;SR;NOVI SAD;OMV EVRO DIZEL;208.000;7,837.44;0.00;0.00;1,306.24;RSD;8916366460;2026-03-31;YES;NO;217;OMV-RS;;;;D;7,837.44;Yes;781948;2026-03-15;1;
710111;107258;390;BG 2266 - UG;2026-03-20 17:07:00;AdBlue Kanister;1.00;999.00;166.50;00071294;0;0;                  ;SR;NOVI SAD;AdBlue Kanister;999.000;999.00;0.00;0.00;166.50;RSD;8916366460;2026-03-31;YES;NO;217;OMV-RS;;;;D;0.00;No;771042;2026-03-20;1;
710111;107258;390;BG 2266 - UG;2026-03-20 17:07:00;OMV EVRO DIZEL;28.71;6,086.52;1,014.42;00071293;0;0;                  ;SR;NOVI SAD;OMV EVRO DIZEL;212.000;6,086.52;0.00;0.00;1,014.42;RSD;8916366460;2026-03-31;YES;NO;217;OMV-RS;;;;D;6,086.52;Yes;771015;2026-03-20;1;
710111;107258;390;BG 2266 - UG;2026-03-25 08:06:00;OMV EVRO DIZEL;35.04;7,428.48;1,238.08;00072076;0;0;                  ;SR;NOVI SAD;OMV EVRO DIZEL;212.000;7,428.48;0.00;0.00;1,238.08;RSD;8916366460;2026-03-31;YES;NO;217;OMV-RS;;;;D;7,428.48;Yes;780946;2026-03-25;1;
710111;107258;390;BG 2266 - UG;2026-04-01 21:17:00;OMV EVRO DIZEL;28.60;6,091.80;1,015.30;00073647;0;0;                  ;SR;NOVI SAD;OMV EVRO DIZEL;213.000;6,091.80;0.00;0.00;1,015.30;RSD;8916369392;2026-04-09;YES;NO;217;OMV-RS;;;;D;6,091.80;Yes;712017;2026-04-01;1;
710111;107258;390;BG 2266 - UG;2026-04-09 10:10:00;OMV EVRO DIZEL;18.92;4,048.88;674.81;00217254;0;0;                  ;SR;BACKA TOPOLA 2;OMV EVRO DIZEL;214.000;4,048.88;0.00;0.00;674.81;RSD;8916369392;2026-04-09;YES;NO;217;OMV-RS;;;;D;4,048.88;Yes;701134;2026-04-09;1;
710111;107258;390;BG 2266 - UG;2026-04-15 07:48:00;OMV EVRO DIZEL;27.65;6,000.05;1,000.01;00154867;0;0;                  ;SR;BACKA TOPOLA 2;OMV EVRO DIZEL;217.000;6,000.05;0.00;0.00;1,000.01;RSD;8916372386;2026-04-30;YES;NO;217;OMV-RS;;;;D;6,000.05;Yes;775036;2026-04-15;1;
710111;107258;390;BG 2266 - UG;2026-04-22 08:47:00;OMV EVRO DIZEL;32.77;7,111.09;1,185.18;00077896;0;0;                  ;SR;NOVI SAD;OMV EVRO DIZEL;217.000;7,111.09;0.00;0.00;1,185.18;RSD;8916372386;2026-04-30;YES;NO;217;OMV-RS;;;;D;7,111.09;Yes;784816;2026-04-22;1;
710111;107258;390;BG 2266 - UG;2026-04-29 12:54:00;ED MAXXMOTION;32.08;7,920.55;1,320.09;00030262;0;0;                  ;SR;BESKA 1;ED MAXXMOTION;246.900;7,920.55;0.00;0.00;1,320.09;RSD;8916372386;2026-04-30;YES;NO;217;OMV-RS;;;;D;0.00;No;725420;2026-04-29;1;
710111;107258;390;BG 2266 - UG;2026-04-29 12:55:00;AdBlue Kanister;1.00;1,199.00;199.83;00030264;0;0;                  ;SR;BESKA 1;AdBlue Kanister;1,199.000;1,199.00;0.00;0.00;199.83;RSD;8916372386;2026-04-30;YES;NO;217;OMV-RS;;;;D;0.00;No;725511;2026-04-29;1;
710111;107258;390;BG 2266 - UG;2026-05-04 14:34:00;OMV EVRO DIZEL;38.22;8,446.62;1,407.77;00105425;0;0;                  ;SR;BESKA 2;OMV EVRO DIZEL;221.000;8,446.62;0.00;0.00;1,407.77;RSD;8916375402;2026-05-15;YES;NO;217;OMV-RS;;;;D;8,446.62;Yes;743455;2026-05-04;1;
710111;107258;390;BG 2266 - UG;2026-05-12 10:43:00;OMV EVRO DIZEL;43.01;9,591.23;1,598.54;00163733;0;0;                  ;SR;BACKA TOPOLA 2;OMV EVRO DIZEL;223.000;9,591.23;0.00;0.00;1,598.54;RSD;8916375402;2026-05-15;YES;NO;217;OMV-RS;;;;D;9,591.23;Yes;704600;2026-05-12;1;
710111;107258;390;BG 2266 - UG;2026-05-15 15:18:00;OMV EVRO DIZEL;33.03;7,365.69;1,227.61;00224672;0;0;                  ;SR;NOVI SAD;OMV EVRO DIZEL;223.000;7,365.69;0.00;0.00;1,227.61;RSD;8916375402;2026-05-15;YES;NO;217;OMV-RS;;;;D;7,365.69;Yes;751847;2026-05-15;1;
710111;107258;390;BG 2266 - UG;2026-05-15 15:19:00;AdBlue Kanister;1.00;999.00;166.50;00224673;0;0;                  ;SR;NOVI SAD;AdBlue Kanister;999.000;999.00;0.00;0.00;166.50;RSD;8916375402;2026-05-15;YES;NO;217;OMV-RS;;;;D;0.00;No;751920;2026-05-15;1;
710111;107258;390;BG 2266 - UG;2026-05-26 08:27:00;OMV EVRO DIZEL;37.42;8,288.53;1,381.42;00229833;0;0;                  ;SR;NOVI SAD;OMV EVRO DIZEL;221.500;8,288.53;0.00;0.00;1,381.42;RSD;8916378386;2026-05-31;YES;NO;217;OMV-RS;;;;D;8,419.50;Yes;782831;2026-05-26;1;
710111;107258;390;BG 2266 - UG;2026-06-01 12:33:00;OMV EVRO DIZEL;36.48;7,970.88;1,328.48;00296582;0;0;                  ;SR;NOVI SAD 2;OMV EVRO DIZEL;218.500;7,970.88;0.00;0.00;1,328.48;RSD;8916381034;2026-06-15;YES;NO;217;OMV-RS;;;;D;8,098.56;Yes;723341;2026-06-01;1;
710111;107258;390;BG 2266 - UG;2026-06-11 13:20:00;OMV EVRO DIZEL;41.48;9,042.64;1,507.11;00074677;0;0;                  ;SR;NOVI SAD 2;OMV EVRO DIZEL;218.000;9,042.64;0.00;0.00;1,507.11;RSD;8916381034;2026-06-15;YES;NO;217;OMV-RS;;;;D;9,208.56;Yes;732037;2026-06-11;1;
710111;107258;390;BG 2266 - UG;2026-06-17 11:24:00;OMV EVRO DIZEL;39.24;8,436.60;1,406.10;00240989;0;0;                  ;SR;NOVI SAD;OMV EVRO DIZEL;215.000;8,436.60;0.00;0.00;1,406.10;RSD;8916383263;2026-06-21;YES;NO;217;OMV-RS;;;;D;8,632.80;Yes;712630;2026-06-17;1;
710111;107258;390;BG 2266 - UG;2026-06-22 10:51:00;OMV EVRO DIZEL;29.38;6,199.18;1,033.20;00176477;0;0;                  ;SR;BACKA TOPOLA 2;OMV EVRO DIZEL;211.000;6,199.18;0.00;0.00;1,033.20;RSD;8916386380;2026-06-28;YES;NO;217;OMV-RS;;;;D;6,375.46;Yes;705157;2026-06-22;1;
710111;107258;390;BG 2266 - UG;2026-06-22 10:52:00;AdBlue Kanister;1.00;1,199.00;199.83;00176478;0;0;                  ;SR;BACKA TOPOLA 2;AdBlue Kanister;1,199.000;1,199.00;0.00;0.00;199.83;RSD;8916386380;2026-06-28;YES;NO;217;OMV-RS;;;;D;0.00;No;705248;2026-06-22;1;
710111;107258;390;BG 2266 - UG;2026-07-04 09:23:00;OMV EVRO DIZEL;36.53;7,744.36;1,290.73;00352430;0;0;                  ;SR;BESKA 1;OMV EVRO DIZEL;212.000;7,744.36;0.00;0.00;1,290.73;RSD;8916391266;2026-07-12;YES;NO;217;OMV-RS;;;;D;8,000.07;Yes;792400;2026-07-04;1;
710111;107258;390;BG 2266 - UG;2026-07-08 16:16:00;OMV EVRO DIZEL;24.61;5,241.93;873.65;00094086;0;0;                  ;SR;NOVI SAD;OMV EVRO DIZEL;213.000;5,241.93;0.00;0.00;873.65;RSD;8916391266;2026-07-12;YES;NO;217;OMV-RS;;;;D;5,389.59;Yes;761917;2026-07-08;1;
710111;107258;390;BG 2266 - UG;2026-07-08 16:18:00;Putarina;2,820.00;2,820.00;470.00;00094087;0;0;                  ;SR;NOVI SAD;Putarina;1.000;2,820.00;0.00;0.00;470.00;RSD;8916391266;2026-07-12;YES;NO;217;OMV-RS;;;;D;0.00;No;762135;2026-07-08;1;
710111;107258;390;BG 2266 - UG;2026-07-14 08:25:00;OMV EVRO DIZEL;28.55;6,138.25;1,023.04;00254184;0;0;                  ;SR;NOVI SAD;OMV EVRO DIZEL;215.000;6,138.25;0.00;0.00;1,023.04;RSD;8916393376;2026-07-15;YES;NO;217;OMV-RS;;;;D;6,281.00;Yes;782813;2026-07-14;1;
710111;107258;390;BG 2266 - UG;2026-07-21 09:46:00;OMV EVRO DIZEL;22.80;4,970.40;828.40;00187978;0;0;                  ;SR;BACKA TOPOLA 2;OMV EVRO DIZEL;218.000;4,970.40;0.00;0.00;828.40;RSD;;;NO;NO;217;OMV-RS;;;;D;5,061.60;Yes;795114;2026-07-21;1;
710111;107258;390;BG 2266 - UG;2026-07-24 15:58:00;OMV EVRO DIZEL;35.89;7,931.69;1,321.95;00259341;0;0;                  ;SR;NOVI SAD;OMV EVRO DIZEL;221.000;7,931.69;0.00;0.00;1,321.95;RSD;;;NO;NO;217;OMV-RS;;;;D;8,039.36;Yes;760139;2026-07-24;1;
710111;107258;390;BG 2266 - UG;2026-07-24 15:59:00;AdBlue Kanister;1.00;1,199.00;199.83;00259342;0;0;                  ;SR;NOVI SAD;AdBlue Kanister;1,199.000;1,199.00;0.00;0.00;199.83;RSD;;;NO;NO;217;OMV-RS;;;;D;0.00;No;760223;2026-07-24;1;
710111;107258;390;BG 2266 - UG;2026-07-28 12:52:00;OMV EVRO DIZEL;32.37;7,186.14;1,197.69;00224078;0;0;                  ;SR;SUBOTICA;OMV EVRO DIZEL;222.000;7,186.14;0.00;0.00;1,197.69;RSD;;;NO;NO;117;OMV-RS;;;;D;7,250.88;Yes;725259;2026-07-28;1;
710111;107258;390;BG 2266 - UG;2026-07-28 12:53:00;Putarina;4,700.00;4,700.00;783.33;00224079;0;0;                  ;SR;SUBOTICA;Putarina;1.000;4,700.00;0.00;0.00;783.33;RSD;;;NO;NO;117;OMV-RS;;;;D;0.00;No;725403;2026-07-28;1;
710111;107258;390;BG 2266 - UG;2026-07-30 10:58:00;AdBlue Kanister;1.00;1,499.00;;00271877;;;;SR;Backa;AdBlue Kanister;1,499.000;1,499.00;;;;RSD;;;NO;;0;OMV-RS;;;;D;0.00;;710404;2026-07-30;0;
710111;107258;390;BG 2266 - UG;2026-07-30 10:58:00;OMV EVRO DIZEL;24.67;5,526.08;;00271876;;;;SR;Backa;OMV EVRO DIZEL;224.000;5,526.08;;;;RSD;;;NO;;0;OMV-RS;;;;D;0.00;;710320;2026-07-30;0;
710111;107258;432;BG 2348 - TS;2025-10-02 08:59:00;OMV EVRO DIZEL;43.10;8,102.80;1,350.47;00166629;117050;117050;                  ;SR;BUBANJ POTOK;OMV EVRO DIZEL;188.000;8,102.80;0.00;0.00;1,350.47;RSD;8915397668;2025-10-15;YES;NO;217;OMV-RS;;;;D;8,404.50;Yes;785946;2025-10-02;1;
710111;107258;432;BG 2348 - TS;2025-10-10 06:11:00;OMV EVRO DIZEL;38.40;7,219.20;1,203.20;00171465;117660;117660;                  ;SR;BUBANJ POTOK;OMV EVRO DIZEL;188.000;7,219.20;0.00;0.00;1,203.20;RSD;8915397668;2025-10-15;YES;NO;217;OMV-RS;;;;D;7,488.00;Yes;761114;2025-10-10;1;
710111;107258;432;BG 2348 - TS;2025-10-17 06:13:00;OMV EVRO DIZEL;40.64;7,640.32;1,273.39;00077959;118360;118360;                  ;SR;BUBANJ POTOK;OMV EVRO DIZEL;188.000;7,640.32;0.00;0.00;1,273.39;RSD;8915400359;2025-10-31;YES;NO;217;OMV-RS;;;;D;7,884.20;Yes;761336;2025-10-17;1;
710111;107258;432;BG 2348 - TS;2025-10-22 06:14:00;OMV EVRO DIZEL;40.93;7,612.98;1,268.83;00179292;119060;119060;                  ;SR;BUBANJ POTOK;OMV EVRO DIZEL;186.000;7,612.98;0.00;0.00;1,268.83;RSD;8915400359;2025-10-31;YES;NO;217;OMV-RS;;;;D;7,858.60;Yes;761435;2025-10-22;1;
710111;107258;432;BG 2348 - TS;2025-10-27 06:07:00;OMV EVRO DIZEL;44.34;8,313.75;1,385.62;00182669;119800;119800;                  ;SR;BUBANJ POTOK;OMV EVRO DIZEL;187.500;8,313.75;0.00;0.00;1,385.62;RSD;8915400359;2025-10-31;YES;NO;217;OMV-RS;;;;D;8,557.60;Yes;760731;2025-10-27;1;
710111;107258;432;BG 2348 - TS;2025-10-30 10:54:00;OMV EVRO DIZEL;42.26;7,923.75;1,320.62;00184813;120500;120500;                  ;SR;BUBANJ POTOK;OMV EVRO DIZEL;187.500;7,923.75;0.00;0.00;1,320.62;RSD;8915400359;2025-10-31;YES;NO;217;OMV-RS;;;;D;8,156.20;Yes;705438;2025-10-30;1;
710111;107258;432;BG 2348 - TS;2025-11-04 06:13:00;OMV EVRO DIZEL;43.77;8,338.19;1,389.70;00188072;121260;121260;                  ;SR;BUBANJ POTOK;OMV EVRO DIZEL;190.500;8,338.19;0.00;0.00;1,389.70;RSD;8915402843;2025-11-15;YES;NO;217;OMV-RS;;;;D;8,578.90;Yes;761309;2025-11-04;1;
710111;107258;432;BG 2348 - TS;2025-11-11 06:10:00;OMV EVRO DIZEL;41.27;8,006.38;1,334.40;00192816;121950;121950;                  ;SR;BUBANJ POTOK;OMV EVRO DIZEL;194.000;8,006.38;0.00;0.00;1,334.40;RSD;8915402843;2025-11-15;YES;NO;217;OMV-RS;;;;D;8,171.50;Yes;761035;2025-11-11;1;
710111;107258;432;BG 2348 - TS;2025-11-18 06:05:00;AdBlue Kanister;1.00;2,099.00;349.83;00197646;122680;122680;                  ;SR;BUBANJ POTOK;AdBlue Kanister;2,099.000;2,099.00;0.00;0.00;349.83;RSD;8915405535;2025-11-30;YES;NO;217;OMV-RS;;;;D;0.00;No;760607;2025-11-18;1;
710111;107258;432;BG 2348 - TS;2025-11-18 06:05:00;OMV EVRO DIZEL;37.54;7,395.38;1,232.56;00197646;122680;122680;                  ;SR;BUBANJ POTOK;OMV EVRO DIZEL;197.000;7,395.38;0.00;0.00;1,232.56;RSD;8915405535;2025-11-30;YES;NO;217;OMV-RS;;;;D;7,545.50;Yes;760607;2025-11-18;1;
710111;107258;432;BG 2348 - TS;2025-11-25 06:11:00;OMV EVRO DIZEL;35.52;7,104.00;1,184.00;00201916;123180;123180;                  ;SR;BUBANJ POTOK;OMV EVRO DIZEL;200.000;7,104.00;0.00;0.00;1,184.00;RSD;8915405535;2025-11-30;YES;NO;217;OMV-RS;;;;D;7,246.08;Yes;761112;2025-11-25;1;
710111;107258;432;BG 2348 - TS;2025-12-02 06:03:00;OMV EVRO DIZEL;39.06;7,694.82;1,282.47;00095765;123860;123860;                  ;SR;BUBANJ POTOK;OMV EVRO DIZEL;197.000;7,694.82;0.00;0.00;1,282.47;RSD;8915408077;2025-12-15;YES;NO;217;OMV-RS;;;;D;7,851.06;Yes;760404;2025-12-02;1;
710111;107258;432;BG 2348 - TS;2025-12-09 06:12:00;OMV EVRO DIZEL;40.93;7,940.42;1,323.40;00211313;124570;124570;                  ;SR;BUBANJ POTOK;OMV EVRO DIZEL;194.000;7,940.42;0.00;0.00;1,323.40;RSD;8915408077;2025-12-15;YES;NO;217;OMV-RS;;;;D;8,104.14;Yes;761245;2025-12-09;1;
710111;107258;432;BG 2348 - TS;2025-12-16 06:05:00;OMV EVRO DIZEL;37.80;7,257.60;1,209.60;00215506;125250;125250;                  ;SR;BUBANJ POTOK;OMV EVRO DIZEL;192.000;7,257.60;0.00;0.00;1,209.60;RSD;8915410794;2025-12-31;YES;NO;217;OMV-RS;;;;D;7,484.40;Yes;760511;2025-12-16;1;
710111;107258;432;BG 2348 - TS;2025-12-23 06:04:00;OMV EVRO DIZEL;37.81;7,165.00;1,194.17;00220123;125930;125930;                  ;SR;BUBANJ POTOK;OMV EVRO DIZEL;189.500;7,165.00;0.00;0.00;1,194.17;RSD;8915410794;2025-12-31;YES;NO;217;OMV-RS;;;;D;7,410.76;Yes;760423;2025-12-23;1;
710111;107258;432;BG 2348 - TS;2026-01-13 06:00:00;OMV EVRO DIZEL;40.16;7,409.52;1,234.92;00233460;126630;126630;                  ;SR;BUBANJ POTOK;OMV EVRO DIZEL;184.500;7,409.52;0.00;0.00;1,234.92;RSD;8916351914;2026-01-15;YES;NO;217;OMV-RS;;;;D;7,670.56;Yes;760010;2026-01-13;1;
710111;107258;432;BG 2348 - TS;2026-01-22 05:59:00;OMV EVRO DIZEL;38.38;7,119.49;1,186.58;00239285;127320;127320;                  ;SR;BUBANJ POTOK;OMV EVRO DIZEL;185.500;7,119.49;0.00;0.00;1,186.58;RSD;8916354637;2026-01-31;YES;NO;217;OMV-RS;;;;D;7,368.96;Yes;755949;2026-01-22;1;
710111;107258;432;BG 2348 - TS;2026-01-27 06:07:00;OMV EVRO DIZEL;36.94;6,889.31;1,148.22;00242733;128020;128020;                  ;SR;BUBANJ POTOK;OMV EVRO DIZEL;186.500;6,889.31;0.00;0.00;1,148.22;RSD;8916354637;2026-01-31;YES;NO;217;OMV-RS;;;;D;7,129.42;Yes;760723;2026-01-27;1;
710111;107258;432;BG 2348 - TS;2026-02-02 06:12:00;OMV EVRO DIZEL;37.83;7,055.30;1,175.88;00246598;128730;128730;                  ;SR;BUBANJ POTOK;OMV EVRO DIZEL;186.500;7,055.30;0.00;0.00;1,175.88;RSD;8916357592;2026-02-15;YES;NO;217;OMV-RS;;;;D;7,301.19;Yes;761257;2026-02-02;1;
710111;107258;432;BG 2348 - TS;2026-02-06 06:10:00;OMV EVRO DIZEL;40.70;7,590.55;1,265.09;00249253;129500;129500;                  ;SR;BUBANJ POTOK;OMV EVRO DIZEL;186.500;7,590.55;0.00;0.00;1,265.09;RSD;8916357592;2026-02-15;YES;NO;217;OMV-RS;;;;D;7,855.10;Yes;761041;2026-02-06;1;
710111;107258;432;BG 2348 - TS;2026-02-16 06:13:00;OMV EVRO DIZEL;41.95;7,928.55;1,321.42;00256016;130230;130230;                  ;SR;BUBANJ POTOK;OMV EVRO DIZEL;189.000;7,928.55;0.00;0.00;1,321.42;RSD;8916360516;2026-02-28;YES;NO;217;OMV-RS;;;;D;8,222.20;Yes;761357;2026-02-16;1;
710111;107258;432;BG 2348 - TS;2026-02-24 06:06:00;OMV EVRO DIZEL;39.92;7,624.72;1,270.79;00261152;130970;130970;                  ;SR;BUBANJ POTOK;OMV EVRO DIZEL;191.000;7,624.72;0.00;0.00;1,270.79;RSD;8916360516;2026-02-28;YES;NO;217;OMV-RS;;;;D;7,904.16;Yes;760630;2026-02-24;1;
710111;107258;432;BG 2348 - TS;2026-02-24 06:06:00;AdBlue Kanister;1.00;2,099.00;349.83;00261152;130970;130970;                  ;SR;BUBANJ POTOK;AdBlue Kanister;2,099.000;2,099.00;0.00;0.00;349.83;RSD;8916360516;2026-02-28;YES;NO;217;OMV-RS;;;;D;0.00;No;760630;2026-02-24;1;
710111;107258;432;BG 2348 - TS;2026-03-02 13:13:00;OMV EVRO DIZEL;37.44;7,225.92;1,204.32;00152546;131600;131600;                  ;SR;LAPOVO SEVER;OMV EVRO DIZEL;193.000;7,225.92;0.00;0.00;1,204.32;RSD;8916363465;2026-03-15;YES;NO;217;OMV-RS;;;;D;7,488.00;Yes;731347;2026-03-02;1;
710111;107258;432;BG 2348 - TS;2026-03-05 09:21:00;OMV EVRO DIZEL;45.78;8,835.54;1,472.59;00010169;132360;132360;                  ;SR;LAPOVO JUG;OMV EVRO DIZEL;193.000;8,835.54;0.00;0.00;1,472.59;RSD;8916363465;2026-03-15;YES;NO;217;OMV-RS;;;;D;9,156.00;Yes;792244;2026-03-05;1;
710111;107258;432;BG 2348 - TS;2026-03-12 08:24:00;OMV EVRO DIZEL;35.23;7,151.69;1,191.95;00272425;133000;133000;                  ;SR;BUBANJ POTOK;OMV EVRO DIZEL;203.000;7,151.69;0.00;0.00;1,191.95;RSD;8916363465;2026-03-15;YES;NO;217;OMV-RS;;;;D;7,151.69;Yes;782415;2026-03-12;1;
710111;107258;432;BG 2348 - TS;2026-03-17 06:06:00;OMV EVRO DIZEL;35.46;7,375.68;1,229.28;00125888;133650;133650;                  ;SR;BUBANJ POTOK;OMV EVRO DIZEL;208.000;7,375.68;0.00;0.00;1,229.28;RSD;8916366460;2026-03-31;YES;NO;217;OMV-RS;;;;D;7,375.68;Yes;760620;2026-03-17;1;
710111;107258;432;BG 2348 - TS;2026-03-23 05:59:00;OMV EVRO DIZEL;37.67;7,986.04;1,331.01;00128244;134350;134350;                  ;SR;BUBANJ POTOK;OMV EVRO DIZEL;212.000;7,986.04;0.00;0.00;1,331.01;RSD;8916366460;2026-03-31;YES;NO;217;OMV-RS;;;;D;7,986.04;Yes;755948;2026-03-23;1;
710111;107258;432;BG 2348 - TS;2026-03-27 05:45:00;OMV EVRO DIZEL;40.69;8,626.28;1,437.71;00282777;135100;135100;                  ;SR;BUBANJ POTOK;OMV EVRO DIZEL;212.000;8,626.28;0.00;0.00;1,437.71;RSD;8916366460;2026-03-31;YES;NO;217;OMV-RS;;;;D;8,626.28;Yes;754555;2026-03-27;1;
710111;107258;432;BG 2348 - TS;2026-04-03 06:05:00;OMV EVRO DIZEL;38.67;8,236.71;1,372.78;00287397;135800;135800;                  ;SR;BUBANJ POTOK;OMV EVRO DIZEL;213.000;8,236.71;0.00;0.00;1,372.78;RSD;8916369392;2026-04-09;YES;NO;217;OMV-RS;;;;D;8,236.71;Yes;760516;2026-04-03;1;
710111;107258;432;BG 2348 - TS;2026-04-08 06:06:00;OMV EVRO DIZEL;37.45;8,014.30;1,335.72;00291049;136500;136500;                  ;SR;BUBANJ POTOK;OMV EVRO DIZEL;214.000;8,014.30;0.00;0.00;1,335.72;RSD;8916369392;2026-04-09;YES;NO;217;OMV-RS;;;;D;8,014.30;Yes;760653;2026-04-08;1;
710111;107258;432;BG 2348 - TS;2026-04-15 06:01:00;OMV EVRO DIZEL;42.35;9,189.95;1,531.66;00137052;137240;137240;                  ;SR;BUBANJ POTOK;OMV EVRO DIZEL;217.000;9,189.95;0.00;0.00;1,531.66;RSD;8916372386;2026-04-30;YES;NO;217;OMV-RS;;;;D;9,189.95;Yes;760142;2026-04-15;1;
710111;107258;432;BG 2348 - TS;2026-04-21 06:09:00;AdBlue Kanister;1.00;2,099.00;349.83;00296899;138000;138000;                  ;SR;BUBANJ POTOK;AdBlue Kanister;2,099.000;2,099.00;0.00;0.00;349.83;RSD;8916372386;2026-04-30;YES;NO;217;OMV-RS;;;;D;0.00;No;760931;2026-04-21;1;
710111;107258;432;BG 2348 - TS;2026-04-21 06:09:00;OMV EVRO DIZEL;35.22;7,642.74;1,273.79;00296899;138000;138000;                  ;SR;BUBANJ POTOK;OMV EVRO DIZEL;217.000;7,642.74;0.00;0.00;1,273.79;RSD;8916372386;2026-04-30;YES;NO;217;OMV-RS;;;;D;7,642.74;Yes;760931;2026-04-21;1;
710111;107258;432;BG 2348 - TS;2026-04-28 06:00:00;OMV EVRO DIZEL;43.09;9,436.71;1,572.78;00301762;138700;138700;                  ;SR;BUBANJ POTOK;OMV EVRO DIZEL;219.000;9,436.71;0.00;0.00;1,572.78;RSD;8916372386;2026-04-30;YES;NO;217;OMV-RS;;;;D;9,436.71;Yes;760023;2026-04-28;1;
710111;107258;432;BG 2348 - TS;2026-05-05 06:08:00;OMV EVRO DIZEL;43.06;9,516.26;1,586.04;00306821;139450;139450;                  ;SR;BUBANJ POTOK;OMV EVRO DIZEL;221.000;9,516.26;0.00;0.00;1,586.04;RSD;8916375402;2026-05-15;YES;NO;217;OMV-RS;;;;D;9,516.26;Yes;760816;2026-05-05;1;
710111;107258;432;BG 2348 - TS;2026-05-11 06:07:00;OMV EVRO DIZEL;39.13;8,725.99;1,454.33;00311373;140150;140150;                  ;SR;BUBANJ POTOK;OMV EVRO DIZEL;223.000;8,725.99;0.00;0.00;1,454.33;RSD;8916375402;2026-05-15;YES;NO;217;OMV-RS;;;;D;8,725.99;Yes;760717;2026-05-11;1;
710111;107258;432;BG 2348 - TS;2026-05-15 06:10:00;OMV EVRO DIZEL;39.26;8,754.98;1,459.16;00314103;140850;140850;                  ;SR;BUBANJ POTOK;OMV EVRO DIZEL;223.000;8,754.98;0.00;0.00;1,459.16;RSD;8916375402;2026-05-15;YES;NO;217;OMV-RS;;;;D;8,754.98;Yes;761012;2026-05-15;1;
710111;107258;432;BG 2348 - TS;2026-05-22 06:03:00;OMV EVRO DIZEL;40.13;8,808.54;1,468.09;00318958;141550;141550;                  ;SR;BUBANJ POTOK;OMV EVRO DIZEL;219.500;8,808.54;0.00;0.00;1,468.09;RSD;8916378386;2026-05-31;YES;NO;217;OMV-RS;;;;D;8,948.99;Yes;760354;2026-05-22;1;
710111;107258;432;BG 2348 - TS;2026-05-29 06:05:00;OMV EVRO DIZEL;40.60;8,992.90;1,498.82;00153687;142300;142300;                  ;SR;BUBANJ POTOK;OMV EVRO DIZEL;221.500;8,992.90;0.00;0.00;1,498.82;RSD;8916378386;2026-05-31;YES;NO;217;OMV-RS;;;;D;9,135.00;Yes;760551;2026-05-29;1;
710111;107258;432;BG 2348 - TS;2026-06-05 06:10:00;OMV EVRO DIZEL;39.04;8,530.24;1,421.71;00053799;142950;142950;                  ;SR;BUBANJ POTOK;OMV EVRO DIZEL;218.500;8,530.24;0.00;0.00;1,421.71;RSD;8916381034;2026-06-15;YES;NO;217;OMV-RS;;;;D;8,666.88;Yes;761045;2026-06-05;1;
710111;107258;432;BG 2348 - TS;2026-06-22 15:08:00;OMV EVRO DIZEL;34.73;7,328.03;1,221.34;00066945;143520;143520;                  ;SR;BUBANJ POTOK;OMV EVRO DIZEL;211.000;7,328.03;0.00;0.00;1,221.34;RSD;8916386380;2026-06-28;YES;NO;217;OMV-RS;;;;D;7,536.41;Yes;750909;2026-06-22;1;
710111;107258;432;BG 2348 - TS;2026-06-29 05:25:00;OMV EVRO DIZEL;39.75;8,347.50;1,391.25;00166381;144250;144250;                  ;SR;BUBANJ POTOK;OMV EVRO DIZEL;210.000;8,347.50;0.00;0.00;1,391.25;RSD;8916388629;2026-06-30;YES;NO;217;OMV-RS;;;;D;8,625.75;Yes;752521;2026-06-29;1;
710111;107258;432;BG 2348 - TS;2026-07-06 06:09:00;OMV EVRO DIZEL;40.95;8,681.40;1,446.90;00169220;145000;145000;                  ;SR;BUBANJ POTOK;OMV EVRO DIZEL;212.000;8,681.40;0.00;0.00;1,446.90;RSD;8916391266;2026-07-12;YES;NO;217;OMV-RS;;;;D;8,968.05;Yes;760929;2026-07-06;1;
710111;107258;432;BG 2348 - TS;2026-07-13 08:00:00;AdBlue Kanister;1.00;2,299.00;383.17;00002455;145700;145700;                  ;SR;BUBANJ POTOK;AdBlue Kanister;2,299.000;2,299.00;0.00;0.00;383.17;RSD;8916393376;2026-07-15;YES;NO;217;OMV-RS;;;;D;0.00;No;780044;2026-07-13;1;
710111;107258;432;BG 2348 - TS;2026-07-13 08:00:00;OMV EVRO DIZEL;34.30;7,374.50;1,229.08;00002455;145700;145700;                  ;SR;BUBANJ POTOK;OMV EVRO DIZEL;215.000;7,374.50;0.00;0.00;1,229.08;RSD;8916393376;2026-07-15;YES;NO;217;OMV-RS;;;;D;7,546.00;Yes;780044;2026-07-13;1;
710111;107258;432;BG 2348 - TS;2026-07-20 06:08:00;OMV EVRO DIZEL;43.16;9,408.88;1,568.15;00086354;146400;146400;                  ;SR;BUBANJ POTOK;OMV EVRO DIZEL;218.000;9,408.88;0.00;0.00;1,568.15;RSD;;;NO;NO;217;OMV-RS;;;;D;9,581.52;Yes;760842;2026-07-20;1;
710111;107258;432;BG 2348 - TS;2026-07-24 06:05:00;OMV EVRO DIZEL;38.65;8,503.00;1,417.17;00089173;147100;147100;                  ;SR;BUBANJ POTOK;OMV EVRO DIZEL;220.000;8,503.00;0.00;0.00;1,417.17;RSD;;;NO;NO;217;OMV-RS;;;;D;8,580.30;Yes;760533;2026-07-24;1;
710111;107258;432;BG 2348 - TS;2026-07-29 05:56:00;OMV EVRO DIZEL;36.25;8,047.50;1,341.25;00092764;147770;147770;                  ;SR;BUBANJ POTOK;OMV EVRO DIZEL;222.000;8,047.50;0.00;0.00;1,341.25;RSD;;;NO;NO;217;OMV-RS;;;;D;8,120.00;Yes;755654;2026-07-29;1;
710111;107258;85;BG 1563 - NE;2024-01-23 10:23:00;EDMAXXM ZIMSKI;46.56;10,005.70;1,667.62;00136756;111000;111000;                  ;SR;BESKA 2;EDMAXXM ZIMSKI;214.899;10,005.70;0.00;0.00;1,667.62;RSD;8914354763;2024-01-31;YES;NO;217;OMV-RS;;;;D;0.00;No;702349;2024-01-23;1;
710111;107258;85;BG 1563 - NE;2024-02-01 09:27:00;EDMAXXM ZIMSKI;58.62;12,069.90;2,011.65;00390239;112000;112000;                  ;SR;ADA CIGANLIJA;EDMAXXM ZIMSKI;205.901;12,069.90;0.00;0.00;2,011.65;RSD;8914357027;2024-02-15;YES;NO;217;OMV-RS;;;;D;0.00;No;793051;2024-02-01;1;
710111;107258;85;BG 1563 - NE;2024-02-08 06:54:00;OMV EVRO DIZEL;52.19;9,890.01;1,648.33;00334962;0;0;                  ;SR;BUBANJ POTOK;OMV EVRO DIZEL;189.500;9,890.01;0.00;0.00;1,648.33;RSD;8914357027;2024-02-15;YES;NO;217;OMV-RS;;;;D;10,438.00;Yes;765438;2024-02-08;1;
710111;107258;85;BG 1563 - NE;2024-02-13 09:43:00;OMV EVRO DIZEL;50.24;9,570.72;1,595.12;00320157;0;0;                  ;SR;RUMA;OMV EVRO DIZEL;190.500;9,570.72;0.00;0.00;1,595.12;RSD;8914357027;2024-02-15;YES;NO;217;OMV-RS;;;;D;10,148.50;Yes;794341;2024-02-13;1;
710111;107258;85;BG 1563 - NE;2024-02-29 10:09:00;OMV EVRO DIZEL;57.29;11,228.84;1,871.47;00393816;0;0;                  ;SR;LAPOVO JUG;OMV EVRO DIZEL;196.000;11,228.84;0.00;0.00;1,871.47;RSD;8914359644;2024-02-29;YES;NO;217;OMV-RS;;;;D;11,801.70;Yes;700946;2024-02-29;1;
710111;107258;85;BG 1563 - NE;2024-03-05 09:45:00;OMV EVRO DIZEL;37.26;7,209.81;1,201.63;00328789;0;0;                  ;SR;RUMA;OMV EVRO DIZEL;193.500;7,209.81;0.00;0.00;1,201.63;RSD;8914361928;2024-03-15;YES;NO;217;OMV-RS;;;;D;7,601.00;Yes;794530;2024-03-05;1;
710111;107258;85;BG 1563 - NE;2024-03-11 07:54:00;EDMAXXM ZIMSKI;60.99;12,801.80;2,133.63;00410978;0;0;                  ;SR;ADA CIGANLIJA;EDMAXXM ZIMSKI;209.900;12,801.80;0.00;0.00;2,133.63;RSD;8914361928;2024-03-15;YES;NO;217;OMV-RS;;;;D;0.00;No;775904;2024-03-11;1;
710111;107258;85;BG 1563 - NE;2024-03-26 07:58:00;OMV EVRO DIZEL;49.66;9,410.57;1,568.43;00418366;0;0;                  ;SR;ADA CIGANLIJA;OMV EVRO DIZEL;189.500;9,410.57;0.00;0.00;1,568.43;RSD;8914364543;2024-03-31;YES;NO;217;OMV-RS;;;;D;9,981.70;Yes;780333;2024-03-26;1;
710111;107258;85;BG 1563 - NE;2024-04-02 13:51:00;OMV EVRO DIZEL;48.97;9,255.33;1,542.55;00192658;0;0;                  ;SR;PANCEVO 1;OMV EVRO DIZEL;189.000;9,255.33;0.00;0.00;1,542.55;RSD;8914366835;2024-04-15;YES;NO;117;OMV-RS;;;;D;9,940.90;Yes;735117;2024-04-02;1;
710111;107258;85;BG 1563 - NE;2024-04-09 14:18:00;OMV EVRO DIZEL;53.39;10,250.88;1,708.48;00278140;115000;115000;                  ;SR;PANCEVO 1;OMV EVRO DIZEL;192.000;10,250.88;0.00;0.00;1,708.48;RSD;8914366835;2024-04-15;YES;NO;117;OMV-RS;;;;D;10,998.30;Yes;741820;2024-04-09;1;
710111;107258;85;BG 1563 - NE;2024-04-25 12:09:00;ED MAXXMOTION;58.19;12,446.80;2,074.47;00261103;0;0;                  ;SR;ADA CIGANLIJA;ED MAXXMOTION;213.899;12,446.80;0.00;0.00;2,074.47;RSD;8914369474;2024-04-30;YES;NO;217;OMV-RS;;;;D;0.00;No;721551;2024-04-25;1;
710111;107258;85;BG 1563 - NE;2024-05-22 16:56:00;OMV EVRO DIZEL;56.72;10,635.00;1,772.50;00297241;119775;119775;                  ;SR;PANCEVO 1;OMV EVRO DIZEL;187.500;10,635.00;0.00;0.00;1,772.50;RSD;8914374363;2024-05-31;YES;NO;117;OMV-RS;;;;D;11,400.70;Yes;765630;2024-05-22;1;
710111;107258;85;BG 1563 - NE;2024-05-29 08:15:00;OMV EVRO DIZEL;55.51;10,408.13;1,734.69;00273874;120000;120000;                  ;SR;ADA CIGANLIJA;OMV EVRO DIZEL;187.500;10,408.13;0.00;0.00;1,734.69;RSD;8914374363;2024-05-31;YES;NO;217;OMV-RS;;;;D;11,157.50;Yes;782325;2024-05-29;1;
710111;107258;85;BG 1563 - NE;2024-06-07 07:41:00;ED MAXXMOTION;54.37;11,357.90;1,892.98;00463546;120000;120000;                  ;SR;ADA CIGANLIJA;ED MAXXMOTION;208.900;11,357.90;0.00;0.00;1,892.98;RSD;8914376641;2024-06-15;YES;NO;217;OMV-RS;;;;D;0.00;No;774131;2024-06-07;1;
710111;107258;85;BG 1563 - NE;2024-06-21 08:34:00;ED MAXXMOTION;59.61;13,287.10;2,214.52;00380217;121000;121000;                  ;SR;RUMA;ED MAXXMOTION;222.901;13,287.10;0.00;0.00;2,214.52;RSD;8914379249;2024-06-30;YES;NO;217;OMV-RS;;;;D;0.00;No;783455;2024-06-21;1;
710111;107258;85;BG 1563 - NE;2024-06-27 10:22:00;OMV EVRO DIZEL;43.79;8,385.79;1,397.63;00285279;0;0;                  ;SR;ADA CIGANLIJA;OMV EVRO DIZEL;191.500;8,385.79;0.00;0.00;1,397.63;RSD;8914379249;2024-06-30;YES;NO;217;OMV-RS;;;;D;8,889.40;Yes;702234;2024-06-27;1;
710111;107258;85;BG 1563 - NE;2024-07-08 10:48:00;OMV EVRO DIZEL;56.75;11,208.13;1,868.02;00080982;123193;123193;                  ;SR;POZAREVAC;OMV EVRO DIZEL;197.500;11,208.13;0.00;0.00;1,868.02;RSD;8914381538;2024-07-15;YES;NO;117;OMV-RS;;;;D;11,804.00;Yes;704832;2024-07-08;1;
710111;107258;85;BG 1563 - NE;2024-07-25 11:26:00;OMV EVRO DIZEL;53.66;10,195.40;1,699.23;00369708;124000;124000;                  ;SR;POZAREVAC;OMV EVRO DIZEL;190.000;10,195.40;0.00;0.00;1,699.23;RSD;8914384146;2024-07-31;YES;NO;117;OMV-RS;;;;D;11,000.30;Yes;712629;2024-07-25;1;
710111;107258;85;BG 1563 - NE;2024-08-14 13:53:00;OMV EVRO DIZEL;62.58;11,514.72;1,919.12;00336189;124563;124563;                  ;SR;PANCEVO 1;OMV EVRO DIZEL;184.000;11,514.72;0.00;0.00;1,919.12;RSD;8914386444;2024-08-15;YES;NO;117;OMV-RS;;;;D;12,390.80;Yes;735345;2024-08-14;1;
710111;107258;85;BG 1563 - NE;2024-09-09 08:37:00;ED MAXXMOTION;49.03;9,948.20;1,658.03;00382171;0;0;                  ;SR;METRO;ED MAXXMOTION;202.900;9,948.20;0.00;0.00;1,658.03;RSD;8914391411;2024-09-15;YES;NO;217;OMV-RS;;;;D;0.00;No;783743;2024-09-09;1;
710111;107258;85;BG 1563 - NE;2024-09-20 07:01:00;OMV EVRO DIZEL;56.92;10,103.30;1,683.88;00526365;126000;126000;                  ;SR;ADA CIGANLIJA;OMV EVRO DIZEL;177.500;10,103.30;0.00;0.00;1,683.88;RSD;8914394055;2024-09-30;YES;NO;217;OMV-RS;;;;D;10,871.70;Yes;770203;2024-09-20;1;
710111;107258;85;BG 1563 - NE;2024-10-16 09:03:00;OMV EVRO DIZEL;46.44;8,684.28;1,447.38;00492435;127400;127400;                  ;SR;BUBANJ POTOK;OMV EVRO DIZEL;187.000;8,684.28;0.00;0.00;1,447.38;RSD;8914399056;2024-10-31;YES;NO;217;OMV-RS;;;;D;9,009.40;Yes;790320;2024-10-16;1;
710111;107258;85;BG 1563 - NE;2024-11-04 08:28:00;OMV EVRO DIZEL;51.76;9,575.60;1,595.93;00338809;0;0;                  ;SR;ADA CIGANLIJA;OMV EVRO DIZEL;185.000;9,575.60;0.00;0.00;1,595.93;RSD;8914401397;2024-11-15;YES;NO;217;OMV-RS;;;;D;9,937.90;Yes;782907;2024-11-04;1;
710111;107258;85;BG 1563 - NE;2024-11-29 07:50:00;OMV EVRO DIZEL;50.77;9,697.07;1,616.18;00562311;0;0;                  ;SR;ADA CIGANLIJA;OMV EVRO DIZEL;191.000;9,697.07;0.00;0.00;1,616.18;RSD;8914404050;2024-11-30;YES;NO;217;OMV-RS;;;;D;10,001.70;Yes;775124;2024-11-29;1;
710111;107258;85;BG 1563 - NE;2025-01-13 08:26:00;OMV EVRO DIZEL;49.70;9,641.80;1,606.97;00547839;0;0;                  ;SR;BUBANJ POTOK;OMV EVRO DIZEL;194.000;9,641.80;0.00;0.00;1,606.97;RSD;8915352029;2025-01-15;YES;NO;217;OMV-RS;;;;D;9,989.70;Yes;783146;2025-01-13;1;
710111;107258;85;BG 1563 - NE;2025-01-16 11:43:00;OMV EVRO DIZEL;50.00;9,750.00;1,625.00;00487986;0;0;                  ;SR;BULEVAR;OMV EVRO DIZEL;195.000;9,750.00;0.00;0.00;1,625.00;RSD;8915354647;2025-01-31;YES;NO;117;OMV-RS;;;;D;10,050.00;Yes;714504;2025-01-16;1;
710111;107258;85;BG 1563 - NE;2025-02-11 12:26:00;OMV EVRO DIZEL;50.92;9,929.40;1,654.90;00066996;0;0;                  ;SR;DOBANOVCI-SURCIN;OMV EVRO DIZEL;195.000;9,929.40;0.00;0.00;1,654.90;RSD;8915359791;2025-02-28;YES;NO;217;OMV-RS;;;;D;10,234.90;Yes;722518;2025-02-11;1;
710111;107258;85;BG 1563 - NE;2025-02-20 14:39:00;OMV EVRO DIZEL;55.54;11,052.46;1,842.08;00031957;130000;130000;                  ;SR;DOBANOVCI-SURCIN;OMV EVRO DIZEL;199.000;11,052.46;0.00;0.00;1,842.08;RSD;8915359791;2025-02-28;YES;NO;217;OMV-RS;;;;D;11,274.60;Yes;743822;2025-02-20;1;
710111;107258;85;BG 1563 - NE;2025-02-24 12:52:00;OMV EVRO DIZEL;52.70;10,540.00;1,756.67;00071945;132000;132000;                  ;SR;DOBANOVCI-SURCIN;OMV EVRO DIZEL;200.000;10,540.00;0.00;0.00;1,756.67;RSD;8915359791;2025-02-28;YES;NO;217;OMV-RS;;;;D;10,750.80;Yes;725125;2025-02-24;1;
710111;107258;85;BG 1563 - NE;2025-02-27 13:43:00;OMV EVRO DIZEL;58.20;11,640.00;1,940.00;00033094;133000;133000;                  ;SR;DOBANOVCI-SURCIN;OMV EVRO DIZEL;200.000;11,640.00;0.00;0.00;1,940.00;RSD;8915359791;2025-02-28;YES;NO;217;OMV-RS;;;;D;11,872.80;Yes;734236;2025-02-27;1;
710111;107258;85;BG 1563 - NE;2025-03-17 09:01:00;OMV EVRO DIZEL;45.01;8,614.91;1,435.82;00010652;133161;133161;                  ;SR;RUMA;OMV EVRO DIZEL;191.400;8,614.91;0.00;0.00;1,435.82;RSD;8915364775;2025-03-31;YES;NO;217;OMV-RS;;;;D;8,867.00;Yes;790533;2025-03-17;1;
710111;107258;85;BG 1563 - NE;2025-03-28 11:39:00;OMV EVRO DIZEL;47.56;8,988.84;1,498.14;00025269;177392;177392;                  ;SR;LAPOVO JUG;OMV EVRO DIZEL;189.000;8,988.84;0.00;0.00;1,498.14;RSD;8915364775;2025-03-31;YES;NO;217;OMV-RS;;;;D;9,274.20;Yes;713943;2025-03-28;1;
710111;107258;85;BG 1563 - NE;2025-04-08 09:02:00;OMV EVRO DIZEL;53.38;10,142.20;1,690.37;00010685;134604;134604;                  ;SR;BESKA 2;OMV EVRO DIZEL;190.000;10,142.20;0.00;0.00;1,690.37;RSD;8915367133;2025-04-15;YES;NO;217;OMV-RS;;;;D;10,462.50;Yes;790601;2025-04-08;1;
710111;107258;85;BG 1563 - NE;2025-04-16 12:13:00;OMV EVRO DIZEL;47.01;8,743.86;1,457.31;00023029;135240;135240;                  ;SR;BOLJEVAC;OMV EVRO DIZEL;186.000;8,743.86;0.00;0.00;1,457.31;RSD;8915369797;2025-04-30;YES;NO;117;OMV-RS;;;;D;9,025.90;Yes;721719;2025-04-16;1;
710111;107258;85;BG 1563 - NE;2025-04-23 07:33:00;OMV EVRO DIZEL;38.88;7,115.04;1,185.84;00054262;135900;135900;                  ;SR;BUBANJ POTOK;OMV EVRO DIZEL;183.000;7,115.04;0.00;0.00;1,185.84;RSD;8915369797;2025-04-30;YES;NO;217;OMV-RS;;;;D;7,348.30;Yes;773457;2025-04-23;1;
710111;107258;85;BG 1563 - NE;2025-04-29 06:31:00;OMV EVRO DIZEL;32.21;5,894.43;982.40;00023463;136400;136400;                  ;SR;BUBANJ POTOK;OMV EVRO DIZEL;183.000;5,894.43;0.00;0.00;982.40;RSD;8915369797;2025-04-30;YES;NO;217;OMV-RS;;;;D;6,087.70;Yes;763354;2025-04-29;1;
710111;107258;85;BG 1563 - NE;2025-05-21 14:58:00;OMV EVRO DIZEL;56.30;10,190.30;1,698.38;00042511;137111;137111;                  ;SR;PANCEVO 1;OMV EVRO DIZEL;181.000;10,190.30;0.00;0.00;1,698.38;RSD;8915374857;2025-05-31;YES;NO;117;OMV-RS;;;;D;10,528.10;Yes;750252;2025-05-21;1;
710111;107258;85;BG 1563 - NE;2025-06-02 15:09:00;OMV EVRO DIZEL;58.09;10,514.29;1,752.38;00038561;0;0;                  ;SR;JURIJA GAGARINA;OMV EVRO DIZEL;181.000;10,514.29;0.00;0.00;1,752.38;RSD;8915377281;2025-06-15;YES;NO;217;OMV-RS;;;;D;10,862.80;Yes;750952;2025-06-02;1;
710111;107258;85;BG 1563 - NE;2025-06-16 08:09:00;OMV EVRO DIZEL;59.98;10,976.34;1,829.39;00036770;0;0;                  ;SR;RUMA;OMV EVRO DIZEL;183.000;10,976.34;0.00;0.00;1,829.39;RSD;8915379951;2025-06-30;YES;NO;217;OMV-RS;;;;D;11,336.20;Yes;780936;2025-06-16;1;
710111;107258;85;BG 1563 - NE;2025-06-26 14:46:00;OMV EVRO DIZEL;59.00;10,974.00;1,829.00;00026451;0;0;                  ;SR;JURIJA GAGARINA;OMV EVRO DIZEL;186.000;10,974.00;0.00;0.00;1,829.00;RSD;8915379951;2025-06-30;YES;NO;217;OMV-RS;;;;D;11,328.00;Yes;744611;2025-06-26;1;
710111;107258;85;BG 1563 - NE;2025-07-11 16:00:00;ED MAXXMOTION;36.93;8,047.00;1,341.17;00083081;0;0;                  ;SR;RUMA;ED MAXXMOTION;217.899;8,047.00;0.00;0.00;1,341.17;RSD;8915382357;2025-07-15;YES;NO;217;OMV-RS;;;;D;0.00;No;760047;2025-07-11;1;
710111;107258;85;BG 1563 - NE;2025-08-08 11:35:00;OMV EVRO DIZEL;51.00;9,639.00;1,606.50;00096607;0;0;                  ;SR;ADA CIGANLIJA;OMV EVRO DIZEL;189.000;9,639.00;0.00;0.00;1,606.50;RSD;8915387463;2025-08-15;YES;NO;217;OMV-RS;;;;D;9,996.00;Yes;713515;2025-08-08;1;
710111;107258;85;BG 1563 - NE;2025-08-22 09:41:00;OMV EVRO DIZEL;52.06;9,631.10;1,605.18;00064311;0;0;                  ;SR;JURIJA GAGARINA;OMV EVRO DIZEL;185.000;9,631.10;0.00;0.00;1,605.18;RSD;8915390137;2025-08-31;YES;NO;217;OMV-RS;;;;D;9,995.50;Yes;794137;2025-08-22;1;
710111;107258;523;BG 2280 - EU;2025-10-03 06:43:00;OMV EVRO DIZEL;29.25;5,499.00;916.50;00121899;98529;98529;                  ;SR;JURIJA GAGARINA;OMV EVRO DIZEL;188.000;5,499.00;0.00;0.00;916.50;RSD;8915397668;2025-10-15;YES;NO;217;OMV-RS;;;;D;5,703.80;Yes;764402;2025-10-03;1;
710111;107258;523;BG 2280 - EU;2025-10-10 07:09:00;OMV EVRO DIZEL;30.44;5,722.72;953.79;00139807;99042;99042;                  ;SR;BULEVAR;OMV EVRO DIZEL;188.000;5,722.72;0.00;0.00;953.79;RSD;8915397668;2025-10-15;YES;NO;117;OMV-RS;;;;D;5,935.80;Yes;770950;2025-10-10;1;
710111;107258;523;BG 2280 - EU;2025-10-20 11:15:00;OMV EVRO DIZEL;34.77;6,467.22;1,077.87;00145545;99628;99628;                  ;SR;BULEVAR;OMV EVRO DIZEL;186.000;6,467.22;0.00;0.00;1,077.87;RSD;8915400359;2025-10-31;YES;NO;117;OMV-RS;;;;D;6,675.80;Yes;711541;2025-10-20;1;
710111;107258;523;BG 2280 - EU;2025-10-27 13:09:00;OMV EVRO DIZEL;28.87;5,413.13;902.19;00149717;100140;100140;                  ;SR;BULEVAR;OMV EVRO DIZEL;187.500;5,413.13;0.00;0.00;902.19;RSD;8915400359;2025-10-31;YES;NO;117;OMV-RS;;;;D;5,571.90;Yes;730924;2025-10-27;1;
710111;107258;523;BG 2280 - EU;2025-11-03 11:12:00;OMV EVRO DIZEL;28.83;5,492.12;915.35;00154111;100673;100673;                  ;SR;BULEVAR;OMV EVRO DIZEL;190.500;5,492.12;0.00;0.00;915.35;RSD;8915402843;2025-11-15;YES;NO;117;OMV-RS;;;;D;5,650.70;Yes;711221;2025-11-03;1;
710111;107258;523;BG 2280 - EU;2025-11-10 15:17:00;OMV EVRO DIZEL;31.83;6,175.02;1,029.17;00091227;101235;101235;                  ;SR;JURIJA GAGARINA;OMV EVRO DIZEL;194.000;6,175.02;0.00;0.00;1,029.17;RSD;8915402843;2025-11-15;YES;NO;217;OMV-RS;;;;D;6,302.30;Yes;751726;2025-11-10;1;
710111;107258;523;BG 2280 - EU;2025-11-17 19:11:00;OMV EVRO DIZEL;30.80;6,067.60;1,011.27;00163020;101775;101775;                  ;SR;BULEVAR;OMV EVRO DIZEL;197.000;6,067.60;0.00;0.00;1,011.27;RSD;8915405535;2025-11-30;YES;NO;117;OMV-RS;;;;D;6,190.80;Yes;791216;2025-11-17;1;
710111;107258;523;BG 2280 - EU;2025-11-27 19:06:00;OMV EVRO DIZEL;32.44;6,488.00;1,081.33;00169443;102301;102301;                  ;SR;BULEVAR;OMV EVRO DIZEL;200.000;6,488.00;0.00;0.00;1,081.33;RSD;8915405535;2025-11-30;YES;NO;117;OMV-RS;;;;D;6,617.76;Yes;790626;2025-11-27;1;
710111;107258;523;BG 2280 - EU;2025-12-05 11:14:00;OMV EVRO DIZEL;37.84;7,454.48;1,242.41;00174438;102863;102863;                  ;SR;BULEVAR;OMV EVRO DIZEL;197.000;7,454.48;0.00;0.00;1,242.41;RSD;8915408077;2025-12-15;YES;NO;117;OMV-RS;;;;D;7,605.84;Yes;711419;2025-12-05;1;
710111;107258;523;BG 2280 - EU;2025-12-12 10:29:00;OMV EVRO DIZEL;35.12;6,743.04;1,123.84;00178722;103430;103430;                  ;SR;BULEVAR;OMV EVRO DIZEL;192.000;6,743.04;0.00;0.00;1,123.84;RSD;8915408077;2025-12-15;YES;NO;117;OMV-RS;;;;D;6,953.76;Yes;703005;2025-12-12;1;
710111;107258;523;BG 2280 - EU;2025-12-18 07:21:00;OMV EVRO DIZEL;33.50;6,415.25;1,069.21;00182307;103992;103992;                  ;SR;BULEVAR;OMV EVRO DIZEL;191.500;6,415.25;0.00;0.00;1,069.21;RSD;8915410794;2025-12-31;YES;NO;117;OMV-RS;;;;D;6,633.00;Yes;772134;2025-12-18;1;
710111;107258;523;BG 2280 - EU;2025-12-27 11:04:00;OMV EVRO DIZEL;36.43;6,830.63;1,138.44;00188050;104561;104561;                  ;SR;BULEVAR;OMV EVRO DIZEL;187.500;6,830.63;0.00;0.00;1,138.44;RSD;8915410794;2025-12-31;YES;NO;117;OMV-RS;;;;D;7,067.42;Yes;710510;2025-12-27;1;
710111;107258;523;BG 2280 - EU;2026-01-08 14:41:00;OMV EVRO DIZEL;35.79;6,674.84;1,112.47;00166643;105094;105094;                  ;SR;JURIJA GAGARINA;OMV EVRO DIZEL;186.500;6,674.84;0.00;0.00;1,112.47;RSD;8916351914;2026-01-15;YES;NO;217;OMV-RS;;;;D;6,907.47;Yes;744136;2026-01-08;1;
710111;107258;523;BG 2280 - EU;2026-01-17 11:34:00;OMV EVRO DIZEL;31.66;5,872.93;978.82;00122631;105566;105566;                  ;SR;JURIJA GAGARINA;OMV EVRO DIZEL;185.500;5,872.93;0.00;0.00;978.82;RSD;8916354637;2026-01-31;YES;NO;217;OMV-RS;;;;D;6,078.72;Yes;713447;2026-01-17;1;
710111;107258;523;BG 2280 - EU;2026-01-24 09:01:00;OMV EVRO DIZEL;30.50;5,688.25;948.04;00204174;106044;106044;                  ;SR;BULEVAR;OMV EVRO DIZEL;186.500;5,688.25;0.00;0.00;948.04;RSD;8916354637;2026-01-31;YES;NO;117;OMV-RS;;;;D;5,886.50;Yes;790201;2026-01-24;1;
710111;107258;523;BG 2280 - EU;2026-01-30 13:53:00;OMV EVRO DIZEL;31.46;5,867.29;977.88;00096684;106565;106565;                  ;SR;JURIJA GAGARINA;OMV EVRO DIZEL;186.500;5,867.29;0.00;0.00;977.88;RSD;8916354637;2026-01-31;YES;NO;217;OMV-RS;;;;D;6,071.78;Yes;735338;2026-01-30;1;
710111;107258;523;BG 2280 - EU;2026-01-30 14:00:00;AdBlue;13.16;1,306.52;217.75;00128535;106565;106565;                  ;SR;JURIJA GAGARINA;AdBlue;99.280;1,306.52;0.00;0.00;217.75;RSD;8916354637;2026-01-31;YES;NO;217;OMV-RS;;;;D;1,513.40;Yes;740056;2026-01-30;1;
710111;107258;523;BG 2280 - EU;2026-02-07 11:45:00;OMV EVRO DIZEL;35.75;6,774.63;1,129.10;00212909;107164;107164;                  ;SR;BULEVAR;OMV EVRO DIZEL;189.500;6,774.63;0.00;0.00;1,129.10;RSD;8916357592;2026-02-15;YES;NO;117;OMV-RS;;;;D;7,007.00;Yes;714559;2026-02-07;1;
710111;107258;523;BG 2280 - EU;2026-02-15 09:57:00;OMV EVRO DIZEL;33.26;6,286.14;1,047.69;00135291;107743;107743;                  ;SR;JURIJA GAGARINA;OMV EVRO DIZEL;189.000;6,286.14;0.00;0.00;1,047.69;RSD;8916360516;2026-02-28;YES;NO;217;OMV-RS;;;;D;6,518.96;Yes;795717;2026-02-15;1;
710111;107258;523;BG 2280 - EU;2026-02-24 07:31:00;OMV EVRO DIZEL;32.07;6,125.37;1,020.89;00222641;108251;108251;                  ;SR;BULEVAR;OMV EVRO DIZEL;191.000;6,125.37;0.00;0.00;1,020.89;RSD;8916360516;2026-02-28;YES;NO;117;OMV-RS;;;;D;6,349.86;Yes;773211;2026-02-24;1;
710111;107258;523;BG 2280 - EU;2026-03-02 07:16:00;OMV EVRO DIZEL;32.08;6,191.44;1,031.91;00226358;108803;108803;                  ;SR;BULEVAR;OMV EVRO DIZEL;193.000;6,191.44;0.00;0.00;1,031.91;RSD;8916363465;2026-03-15;YES;NO;117;OMV-RS;;;;D;6,416.00;Yes;771701;2026-03-02;1;
710111;107258;523;BG 2280 - EU;2026-03-07 13:01:00;OMV EVRO DIZEL;25.61;5,147.61;857.93;00230063;109237;109237;                  ;SR;BULEVAR;OMV EVRO DIZEL;201.000;5,147.61;0.00;0.00;857.93;RSD;8916363465;2026-03-15;YES;NO;117;OMV-RS;;;;D;5,198.83;Yes;730205;2026-03-07;1;
710111;107258;523;BG 2280 - EU;2026-03-16 07:51:00;OMV EVRO DIZEL;31.58;6,568.64;1,094.77;00008676;109766;109766;                  ;SR;BULEVAR;OMV EVRO DIZEL;208.000;6,568.64;0.00;0.00;1,094.77;RSD;8916366460;2026-03-31;YES;NO;117;OMV-RS;;;;D;6,568.64;Yes;775111;2026-03-16;1;
710111;107258;523;BG 2280 - EU;2026-03-23 14:02:00;OMV EVRO DIZEL;33.03;7,002.36;1,167.06;00239858;110336;110336;                  ;SR;BULEVAR;OMV EVRO DIZEL;212.000;7,002.36;0.00;0.00;1,167.06;RSD;8916366460;2026-03-31;YES;NO;117;OMV-RS;;;;D;7,002.36;Yes;740248;2026-03-23;1;
710111;107258;523;BG 2280 - EU;2026-03-30 15:28:00;OMV EVRO DIZEL;34.12;7,267.56;1,211.26;00243485;110891;110891;                  ;SR;BULEVAR;OMV EVRO DIZEL;213.000;7,267.56;0.00;0.00;1,211.26;RSD;8916366460;2026-03-31;YES;NO;117;OMV-RS;;;;D;7,267.56;Yes;752847;2026-03-30;1;
710111;107258;523;BG 2280 - EU;2026-04-07 11:19:00;OMV EVRO DIZEL;32.15;6,880.10;1,146.68;00011584;111418;111418;                  ;SR;BULEVAR;OMV EVRO DIZEL;214.000;6,880.10;0.00;0.00;1,146.68;RSD;8916369392;2026-04-09;YES;NO;117;OMV-RS;;;;D;6,880.10;Yes;711930;2026-04-07;1;
710111;107258;523;BG 2280 - EU;2026-04-16 19:37:00;OMV EVRO DIZEL;36.96;8,020.32;1,336.72;00017569;112012;112012;                  ;SR;BULEVAR;OMV EVRO DIZEL;217.000;8,020.32;0.00;0.00;1,336.72;RSD;8916372386;2026-04-30;YES;NO;117;OMV-RS;;;;D;8,020.32;Yes;793756;2026-04-16;1;
710111;107258;523;BG 2280 - EU;2026-04-25 07:11:00;OMV EVRO DIZEL;36.78;8,054.82;1,342.47;00022971;112652;112652;                  ;SR;BULEVAR;OMV EVRO DIZEL;219.000;8,054.82;0.00;0.00;1,342.47;RSD;8916372386;2026-04-30;YES;NO;117;OMV-RS;;;;D;8,054.82;Yes;771136;2026-04-25;1;
710111;107258;523;BG 2280 - EU;2026-05-01 15:46:00;OMV EVRO DIZEL;36.24;8,009.04;1,334.84;00027410;113278;113278;                  ;SR;BULEVAR;OMV EVRO DIZEL;221.000;8,009.04;0.00;0.00;1,334.84;RSD;8916375402;2026-05-15;YES;NO;117;OMV-RS;;;;D;8,009.04;Yes;754644;2026-05-01;1;
710111;107258;523;BG 2280 - EU;2026-05-09 09:19:00;OMV EVRO DIZEL;35.03;7,811.69;1,301.95;00032023;113850;113850;                  ;SR;BULEVAR;OMV EVRO DIZEL;223.000;7,811.69;0.00;0.00;1,301.95;RSD;8916375402;2026-05-15;YES;NO;117;OMV-RS;;;;D;7,811.69;Yes;791950;2026-05-09;1;
710111;107258;523;BG 2280 - EU;2026-05-21 15:01:00;OMV EVRO DIZEL;31.37;6,885.72;1,147.62;00040277;114382;114382;                  ;SR;BULEVAR;OMV EVRO DIZEL;219.500;6,885.72;0.00;0.00;1,147.62;RSD;8916378386;2026-05-31;YES;NO;117;OMV-RS;;;;D;6,995.51;Yes;750123;2026-05-21;1;
710111;107258;523;BG 2280 - EU;2026-06-02 07:55:00;OMV EVRO DIZEL;34.29;7,492.37;1,248.73;00048273;115591;115591;                  ;SR;BULEVAR;OMV EVRO DIZEL;218.500;7,492.37;0.00;0.00;1,248.73;RSD;8916381034;2026-06-15;YES;NO;117;OMV-RS;;;;D;7,612.38;Yes;775530;2026-06-02;1;
710111;107258;523;BG 2280 - EU;2026-06-09 18:01:00;OMV EVRO DIZEL;38.54;8,401.72;1,400.29;00189788;116216;116216;                  ;SR;JURIJA GAGARINA;OMV EVRO DIZEL;218.000;8,401.72;0.00;0.00;1,400.29;RSD;8916381034;2026-06-15;YES;NO;217;OMV-RS;;;;D;8,555.88;Yes;780206;2026-06-09;1;
710111;107258;523;BG 2280 - EU;2026-06-15 18:24:00;OMV EVRO DIZEL;33.64;7,232.60;1,205.43;00057395;116746;116746;                  ;SR;BULEVAR;OMV EVRO DIZEL;215.000;7,232.60;0.00;0.00;1,205.43;RSD;8916381034;2026-06-15;YES;NO;117;OMV-RS;;;;D;7,400.80;Yes;782446;2026-06-15;1;
710111;107258;523;BG 2280 - EU;2026-06-24 10:57:00;OMV EVRO DIZEL;34.03;7,180.33;1,196.72;00063203;117286;117286;                  ;SR;BULEVAR;OMV EVRO DIZEL;211.000;7,180.33;0.00;0.00;1,196.72;RSD;8916386380;2026-06-28;YES;NO;117;OMV-RS;;;;D;7,384.51;Yes;705744;2026-06-24;1;
710111;107258;523;BG 2280 - EU;2026-07-01 17:07:00;OMV EVRO DIZEL;36.22;7,606.20;1,267.70;00073411;117802;117802;                  ;SR;BUBANJ POTOK;OMV EVRO DIZEL;210.000;7,606.20;0.00;0.00;1,267.70;RSD;8916391266;2026-07-12;YES;NO;217;OMV-RS;;;;D;7,859.74;Yes;770743;2026-07-01;1;
710111;107258;523;BG 2280 - EU;2026-07-09 13:50:00;OMV EVRO DIZEL;37.35;7,955.55;1,325.92;00273934;118399;118399;                  ;SR;JURIJA GAGARINA;OMV EVRO DIZEL;213.000;7,955.55;0.00;0.00;1,325.92;RSD;8916391266;2026-07-12;YES;NO;217;OMV-RS;;;;D;8,179.65;Yes;735032;2026-07-09;1;
710111;107258;523;BG 2280 - EU;2026-07-17 07:02:00;OMV EVRO DIZEL;34.38;7,494.84;1,249.14;00078446;118949;118949;                  ;SR;BULEVAR;OMV EVRO DIZEL;218.000;7,494.84;0.00;0.00;1,249.14;RSD;;;YES;NO;117;OMV-RS;;;;D;7,563.60;Yes;770310;2026-07-17;1;
710111;107258;523;BG 2280 - EU;2026-07-23 18:53:00;OMV EVRO DIZEL;35.68;7,849.60;1,308.27;00082901;119458;119458;                  ;SR;BULEVAR;OMV EVRO DIZEL;220.000;7,849.60;0.00;0.00;1,308.27;RSD;;;NO;NO;117;OMV-RS;;;;D;7,920.96;Yes;785326;2026-07-23;1;
710111;107258;523;BG 2280 - EU;2026-07-30 13:05:00;OMV EVRO DIZEL;31.25;7,000.00;;00087355;119952;119952;;SR;Beograd;OMV EVRO DIZEL;224.000;7,000.00;;;;RSD;;;NO;;0;OMV-RS;;;;D;0.00;;730556;2026-07-30;0;
710111;107258;457;BG 2348 - TM;2025-10-01 06:47:00;ED MAXXMOTION;43.93;9,001.30;1,500.22;00121462;97705;97705;                  ;SR;ADA CIGANLIJA;ED MAXXMOTION;204.901;9,001.30;0.00;0.00;1,500.22;RSD;8915397668;2025-10-15;YES;NO;217;OMV-RS;;;;D;0.00;No;764730;2025-10-01;1;
710111;107258;457;BG 2348 - TM;2025-10-07 06:31:00;ED MAXXMOTION;41.24;8,821.20;1,470.20;00160598;94400;94400;                  ;SR;BESKA 2;ED MAXXMOTION;213.899;8,821.20;0.00;0.00;1,470.20;RSD;8915397668;2025-10-15;YES;NO;217;OMV-RS;;;;D;0.00;No;763155;2025-10-07;1;
710111;107258;457;BG 2348 - TM;2025-10-09 08:35:00;ED MAXXMOTION;40.86;8,740.00;1,456.67;00161985;95222;95222;                  ;SR;BESKA 2;ED MAXXMOTION;213.901;8,740.00;0.00;0.00;1,456.67;RSD;8915397668;2025-10-15;YES;NO;217;OMV-RS;;;;D;0.00;No;783526;2025-10-09;1;
710111;107258;457;BG 2348 - TM;2025-10-13 08:30:00;ED MAXXMOTION;39.90;8,135.60;1,355.93;00142136;95888;95888;                  ;SR;CELIJE;ED MAXXMOTION;203.900;8,135.60;0.00;0.00;1,355.93;RSD;8915397668;2025-10-15;YES;NO;117;OMV-RS;;;;D;0.00;No;783040;2025-10-13;1;
710111;107258;457;BG 2348 - TM;2025-10-15 09:24:00;AdBlue Kanister;1.00;2,099.00;349.83;00133049;96650;96650;                  ;SR;ADA CIGANLIJA;AdBlue Kanister;2,099.000;2,099.00;0.00;0.00;349.83;RSD;8915397668;2025-10-15;YES;NO;217;OMV-RS;;;;D;0.00;No;792450;2025-10-15;1;
710111;107258;457;BG 2348 - TM;2025-10-15 09:24:00;OMV EVRO DIZEL;40.00;7,520.00;1,253.33;00133049;96650;96650;                  ;SR;ADA CIGANLIJA;OMV EVRO DIZEL;188.000;7,520.00;0.00;0.00;1,253.33;RSD;8915397668;2025-10-15;YES;NO;217;OMV-RS;;;;D;7,760.00;Yes;792450;2025-10-15;1;
710111;107258;457;BG 2348 - TM;2025-10-17 06:58:00;ED MAXXMOTION;32.83;6,989.50;1,164.92;00167187;97150;97150;                  ;SR;BESKA 2;ED MAXXMOTION;212.900;6,989.50;0.00;0.00;1,164.92;RSD;8915400359;2025-10-31;YES;NO;217;OMV-RS;;;;D;0.00;No;765905;2025-10-17;1;
710111;107258;457;BG 2348 - TM;2025-10-21 13:29:00;ED MAXXMOTION;44.16;8,915.90;1,485.98;00146826;87850;87850;                  ;SR;CELIJE;ED MAXXMOTION;201.900;8,915.90;0.00;0.00;1,485.98;RSD;8915400359;2025-10-31;YES;NO;117;OMV-RS;;;;D;0.00;No;733000;2025-10-21;1;
710111;107258;457;BG 2348 - TM;2025-10-24 11:17:00;ED MAXXMOTION;37.84;7,639.90;1,273.32;00056674;98611;98611;                  ;SR;GORNJI MILANOVAC;ED MAXXMOTION;201.900;7,639.90;0.00;0.00;1,273.32;RSD;8915400359;2025-10-31;YES;NO;117;OMV-RS;;;;D;0.00;No;711717;2025-10-24;1;
710111;107258;457;BG 2348 - TM;2025-11-04 10:59:00;ED MAXXMOTION;40.88;8,417.20;1,402.87;00102653;99600;99600;                  ;SR;KNEZEVAC;ED MAXXMOTION;205.900;8,417.20;0.00;0.00;1,402.87;RSD;8915402843;2025-11-15;YES;NO;217;OMV-RS;;;;D;0.00;No;705923;2025-11-04;1;
710111;107258;457;BG 2348 - TM;2025-11-12 08:30:00;ED MAXXMOTION;44.75;9,303.50;1,550.58;00158573;100350;100350;                  ;SR;CELIJE;ED MAXXMOTION;207.899;9,303.50;0.00;0.00;1,550.58;RSD;8915402843;2025-11-15;YES;NO;117;OMV-RS;;;;D;0.00;No;783054;2025-11-12;1;
710111;107258;457;BG 2348 - TM;2025-11-21 08:21:00;EDMAXXM ZIMSKI;41.67;8,788.20;1,464.70;00163170;101050;101050;                  ;SR;CELIJE;EDMAXXM ZIMSKI;210.900;8,788.20;0.00;0.00;1,464.70;RSD;8915405535;2025-11-30;YES;NO;117;OMV-RS;;;;D;0.00;No;782139;2025-11-21;1;
710111;107258;457;BG 2348 - TM;2025-11-27 06:45:00;OMV EVRO DIZEL;43.15;8,630.00;1,438.33;00151570;101750;101750;                  ;SR;ADA CIGANLIJA;OMV EVRO DIZEL;200.000;8,630.00;0.00;0.00;1,438.33;RSD;8915405535;2025-11-30;YES;NO;217;OMV-RS;;;;D;8,802.60;Yes;764533;2025-11-27;1;
710111;107258;457;BG 2348 - TM;2025-12-04 13:11:00;EDMAXXM ZIMSKI;47.00;9,912.30;1,652.05;00112684;102415;102415;                  ;SR;KNEZEVAC;EDMAXXM ZIMSKI;210.900;9,912.30;0.00;0.00;1,652.05;RSD;8915408077;2025-12-15;YES;NO;217;OMV-RS;;;;D;0.00;No;731118;2025-12-04;1;
710111;107258;457;BG 2348 - TM;2025-12-12 13:00:00;OMV EVRO DIZEL;40.14;7,706.88;1,284.48;00173689;103100;103100;                  ;SR;CELIJE;OMV EVRO DIZEL;192.000;7,706.88;0.00;0.00;1,284.48;RSD;8915408077;2025-12-15;YES;NO;117;OMV-RS;;;;D;7,947.72;Yes;730045;2025-12-12;1;
710111;107258;457;BG 2348 - TM;2025-12-22 10:35:00;EDMAXXM ZIMSKI;44.78;9,220.20;1,536.70;00178683;103750;103750;                  ;SR;CELIJE;EDMAXXM ZIMSKI;205.900;9,220.20;0.00;0.00;1,536.70;RSD;8915410794;2025-12-31;YES;NO;117;OMV-RS;;;;D;0.00;No;703526;2025-12-22;1;
710111;107258;457;BG 2348 - TM;2025-12-29 10:45:00;EDMAXXM ZIMSKI;43.18;8,804.40;1,467.40;00182358;104400;104400;                  ;SR;CELIJE;EDMAXXM ZIMSKI;203.900;8,804.40;0.00;0.00;1,467.40;RSD;8915410794;2025-12-31;YES;NO;117;OMV-RS;;;;D;0.00;No;704516;2025-12-29;1;
710111;107258;457;BG 2348 - TM;2026-02-26 11:42:00;EDMAXXM ZIMSKI;42.18;9,233.20;1,538.87;00227560;104912;104912;                  ;SR;OBILAZNICA 1;EDMAXXM ZIMSKI;218.900;9,233.20;0.00;0.00;1,538.87;RSD;8916360516;2026-02-28;YES;NO;217;OMV-RS;;;;D;0.00;No;714308;2026-02-26;1;
710111;107258;457;BG 2348 - TM;2026-03-09 09:03:00;OMV EVRO DIZEL;34.76;6,986.76;1,164.46;00221735;105555;105555;                  ;SR;ADA CIGANLIJA;OMV EVRO DIZEL;201.000;6,986.76;0.00;0.00;1,164.46;RSD;8916363465;2026-03-15;YES;NO;217;OMV-RS;;;;D;7,056.28;Yes;790349;2026-03-09;1;
710111;107258;457;BG 2348 - TM;2026-03-09 09:03:00;AdBlue Kanister;1.00;2,099.00;349.83;00221735;105555;105555;                  ;SR;ADA CIGANLIJA;AdBlue Kanister;2,099.000;2,099.00;0.00;0.00;349.83;RSD;8916363465;2026-03-15;YES;NO;217;OMV-RS;;;;D;0.00;No;790349;2026-03-09;1;
710111;107258;457;BG 2348 - TM;2026-03-18 10:30:00;OMV EVRO DIZEL;47.62;9,904.96;1,650.83;00207729;106280;106280;                  ;SR;JURIJA GAGARINA;OMV EVRO DIZEL;208.000;9,904.96;0.00;0.00;1,650.83;RSD;8916366460;2026-03-31;YES;NO;217;OMV-RS;;;;D;9,904.96;Yes;703034;2026-03-18;1;
710111;107258;457;BG 2348 - TM;2026-03-26 15:50:00;OMV EVRO DIZEL;42.01;8,906.12;1,484.35;00212652;107000;107000;                  ;SR;JURIJA GAGARINA;OMV EVRO DIZEL;212.000;8,906.12;0.00;0.00;1,484.35;RSD;8916366460;2026-03-31;YES;NO;217;OMV-RS;;;;D;8,906.12;Yes;755056;2026-03-26;1;
710111;107258;457;BG 2348 - TM;2026-04-02 12:52:00;ED MAXXMOTION;41.48;9,992.53;1,665.42;00028460;107620;107620;                  ;SR;OBILAZNICA 1;ED MAXXMOTION;240.900;9,992.53;0.00;0.00;1,665.42;RSD;8916369392;2026-04-09;YES;NO;217;OMV-RS;;;;D;0.00;No;725248;2026-04-02;1;
710111;107258;457;BG 2348 - TM;2026-04-13 07:44:00;OMV EVRO DIZEL;43.52;9,443.84;1,573.97;00167217;108300;108300;                  ;SR;KNEZEVAC;OMV EVRO DIZEL;217.000;9,443.84;0.00;0.00;1,573.97;RSD;8916372386;2026-04-30;YES;NO;217;OMV-RS;;;;D;9,443.84;Yes;774503;2026-04-13;1;
710111;107258;457;BG 2348 - TM;2026-04-20 13:36:00;OMV EVRO DIZEL;37.84;8,211.28;1,368.55;00167272;108866;108866;                  ;SR;JURIJA GAGARINA;OMV EVRO DIZEL;217.000;8,211.28;0.00;0.00;1,368.55;RSD;8916372386;2026-04-30;YES;NO;217;OMV-RS;;;;D;8,211.28;Yes;733614;2026-04-20;1;
710111;107258;457;BG 2348 - TM;2026-04-28 10:40:00;OMV EVRO DIZEL;39.68;8,689.92;1,448.32;00172380;109500;109500;                  ;SR;KNEZEVAC;OMV EVRO DIZEL;219.000;8,689.92;0.00;0.00;1,448.32;RSD;8916372386;2026-04-30;YES;NO;217;OMV-RS;;;;D;8,689.92;Yes;704032;2026-04-28;1;
710111;107258;457;BG 2348 - TM;2026-05-07 08:03:00;ED MAXXMOTION;42.37;9,995.08;1,665.85;00248359;110194;110194;                  ;SR;CELIJE;ED MAXXMOTION;235.900;9,995.08;0.00;0.00;1,665.85;RSD;8916375402;2026-05-15;YES;NO;117;OMV-RS;;;;D;0.00;No;780356;2026-05-07;1;
710111;107258;457;BG 2348 - TM;2026-05-14 07:22:00;ED MAXXMOTION;38.84;9,240.04;1,540.01;00252280;110800;110800;                  ;SR;CELIJE;ED MAXXMOTION;237.900;9,240.04;0.00;0.00;1,540.01;RSD;8916375402;2026-05-15;YES;NO;117;OMV-RS;;;;D;0.00;No;772220;2026-05-14;1;
710111;107258;457;BG 2348 - TM;2026-05-22 13:41:00;OMV EVRO DIZEL;39.05;8,571.48;1,428.58;00256970;111432;111432;                  ;SR;CELIJE;OMV EVRO DIZEL;219.500;8,571.48;0.00;0.00;1,428.58;RSD;8916378386;2026-05-31;YES;NO;117;OMV-RS;;;;D;8,708.15;Yes;734150;2026-05-22;1;
710111;107258;457;BG 2348 - TM;2026-06-02 07:59:00;ED MAXXMOTION;39.58;9,891.04;1,648.51;00065565;112135;112135;                  ;SR;OBILAZNICA 1;ED MAXXMOTION;249.900;9,891.04;0.00;0.00;1,648.51;RSD;8916381034;2026-06-15;YES;NO;217;OMV-RS;;;;D;0.00;No;775923;2026-06-02;1;
710111;107258;457;BG 2348 - TM;2026-06-15 15:10:00;OMV EVRO DIZEL;41.04;8,823.60;1,470.60;00289491;112840;112840;                  ;SR;ADA CIGANLIJA;OMV EVRO DIZEL;215.000;8,823.60;0.00;0.00;1,470.60;RSD;8916381034;2026-06-15;YES;NO;217;OMV-RS;;;;D;9,028.80;Yes;751021;2026-06-15;1;
710111;107258;457;BG 2348 - TM;2026-06-19 13:43:00;AdBlue;11.05;1,123.56;187.26;00148564;113361;113361;                  ;SR;CACAK;AdBlue;101.680;1,123.56;0.00;0.00;187.26;RSD;8916383263;2026-06-21;YES;NO;217;OMV-RS;;;;D;1,160.25;Yes;734408;2026-06-19;1;
710111;107258;457;BG 2348 - TM;2026-06-19 13:43:00;OMV EVRO DIZEL;34.49;7,380.86;1,230.14;00148564;113361;113361;                  ;SR;CACAK;OMV EVRO DIZEL;214.000;7,380.86;0.00;0.00;1,230.14;RSD;8916383263;2026-06-21;YES;NO;217;OMV-RS;;;;D;7,587.80;Yes;734408;2026-06-19;1;
710111;107258;457;BG 2348 - TM;2026-06-30 09:55:00;ED MAXXMOTION;36.96;8,644.94;1,440.82;00180925;114000;114000;                  ;SR;ARANDJELOVAC;ED MAXXMOTION;233.900;8,644.94;0.00;0.00;1,440.82;RSD;8916388629;2026-06-30;YES;NO;117;OMV-RS;;;;D;0.00;No;795555;2026-06-30;1;
710111;107258;457;BG 2348 - TM;2026-07-09 12:23:00;ED MAXXMOTION;46.92;11,068.43;1,844.74;00203633;114750;114750;                  ;SR;KNEZEVAC;ED MAXXMOTION;235.900;11,068.43;0.00;0.00;1,844.74;RSD;8916391266;2026-07-12;YES;NO;217;OMV-RS;;;;D;0.00;No;722403;2026-07-09;1;
710111;107258;457;BG 2348 - TM;2026-07-20 07:52:00;ED MAXXMOTION;45.00;10,750.50;1,791.75;00292323;115515;115515;                  ;SR;CELIJE;ED MAXXMOTION;238.900;10,750.50;0.00;0.00;1,791.75;RSD;;;NO;NO;117;OMV-RS;;;;D;0.00;No;775311;2026-07-20;1;
710111;107258;457;BG 2348 - TM;2026-07-30 08:42:00;ED MAXXMOTION;45.04;10,850.14;;00216031;116230;116230;;SR;Beograd;ED MAXXMOTION;240.900;10,850.14;;;;RSD;;;NO;;0;OMV-RS;;;;D;0.00;;784225;2026-07-30;0;
710111;107258;218;BG 1200 - ZS;2024-01-04 10:44:00;OMV EVRO DIZEL;42.28;7,800.66;1,300.11;00058376;234588;234588;                  ;SR;GORNJI MILANOVAC;OMV EVRO DIZEL;184.500;7,800.66;0.00;0.00;1,300.11;RSD;8914352150;2024-01-15;YES;NO;117;OMV-RS;;;;D;8,244.60;Yes;704413;2024-01-04;1;
710111;107258;218;BG 1200 - ZS;2024-01-09 19:46:00;OMV EVRO DIZEL;39.62;7,270.27;1,211.71;00320437;235259;235259;                  ;SR;BUBANJ POTOK;OMV EVRO DIZEL;183.500;7,270.27;0.00;0.00;1,211.71;RSD;8914352150;2024-01-15;YES;NO;217;OMV-RS;;;;D;7,686.30;Yes;794643;2024-01-09;1;
710111;107258;218;BG 1200 - ZS;2024-01-15 22:48:00;OMV EVRO DIZEL;43.47;7,976.75;1,329.46;00337075;236005;236005;                  ;SR;CACAK 2;OMV EVRO DIZEL;183.500;7,976.75;0.00;0.00;1,329.46;RSD;8914352150;2024-01-15;YES;NO;117;OMV-RS;;;;D;8,433.20;Yes;724857;2024-01-15;1;
710111;107258;218;BG 1200 - ZS;2024-01-20 08:16:00;OMV EVRO DIZEL;43.40;8,072.40;1,345.40;00118585;236721;236721;                  ;SR;GORNJI MILANOVAC;OMV EVRO DIZEL;186.000;8,072.40;0.00;0.00;1,345.40;RSD;8914354763;2024-01-31;YES;NO;117;OMV-RS;;;;D;8,506.40;Yes;781651;2024-01-20;1;
710111;107258;218;BG 1200 - ZS;2024-01-24 19:13:00;OMV EVRO DIZEL;42.34;7,854.07;1,309.01;00341450;237503;237503;                  ;SR;CACAK 2;OMV EVRO DIZEL;185.500;7,854.07;0.00;0.00;1,309.01;RSD;8914354763;2024-01-31;YES;NO;117;OMV-RS;;;;D;8,298.60;Yes;791409;2024-01-24;1;
710111;107258;218;BG 1200 - ZS;2024-01-31 21:05:00;OMV EVRO DIZEL;42.47;7,963.13;1,327.19;00344987;238252;238252;                  ;SR;CACAK 2;OMV EVRO DIZEL;187.500;7,963.13;0.00;0.00;1,327.19;RSD;8914354763;2024-01-31;YES;NO;117;OMV-RS;;;;D;8,409.10;Yes;710541;2024-01-31;1;
710111;107258;218;BG 1200 - ZS;2024-02-05 08:24:00;OMV EVRO DIZEL;43.61;8,264.10;1,377.35;00315339;239103;239103;                  ;SR;BORSKA;OMV EVRO DIZEL;189.500;8,264.10;0.00;0.00;1,377.35;RSD;8914357027;2024-02-15;YES;NO;217;OMV-RS;;;;D;8,722.00;Yes;782446;2024-02-05;1;
710111;107258;218;BG 1200 - ZS;2024-02-13 11:12:00;OMV EVRO DIZEL;41.13;7,835.27;1,305.88;00337443;239811;239811;                  ;SR;BUBANJ POTOK;OMV EVRO DIZEL;190.500;7,835.27;0.00;0.00;1,305.88;RSD;8914357027;2024-02-15;YES;NO;217;OMV-RS;;;;D;8,308.30;Yes;711239;2024-02-13;1;
710111;107258;218;BG 1200 - ZS;2024-02-17 11:04:00;OMV EVRO DIZEL;41.65;8,142.58;1,357.10;00123679;240599;240599;                  ;SR;GORNJI MILANOVAC;OMV EVRO DIZEL;195.500;8,142.58;0.00;0.00;1,357.10;RSD;8914359644;2024-02-29;YES;NO;117;OMV-RS;;;;D;8,538.30;Yes;710439;2024-02-17;1;
710111;107258;218;BG 1200 - ZS;2024-02-20 11:06:00;OMV EVRO DIZEL;40.27;7,872.79;1,312.13;00124249;241281;241281;                  ;SR;GORNJI MILANOVAC;OMV EVRO DIZEL;195.500;7,872.79;0.00;0.00;1,312.13;RSD;8914359644;2024-02-29;YES;NO;117;OMV-RS;;;;D;8,255.40;Yes;710641;2024-02-20;1;
710111;107258;218;BG 1200 - ZS;2024-02-27 11:04:00;OMV EVRO DIZEL;43.93;8,610.28;1,435.05;00358636;242092;242092;                  ;SR;CACAK 2;OMV EVRO DIZEL;196.000;8,610.28;0.00;0.00;1,435.05;RSD;8914359644;2024-02-29;YES;NO;117;OMV-RS;;;;D;9,049.60;Yes;710459;2024-02-27;1;
710111;107258;218;BG 1200 - ZS;2024-03-06 20:12:00;OMV EVRO DIZEL;39.52;7,647.12;1,274.52;00363199;242919;242919;                  ;SR;CACAK 2;OMV EVRO DIZEL;193.500;7,647.12;0.00;0.00;1,274.52;RSD;8914361928;2024-03-15;YES;NO;117;OMV-RS;;;;D;8,062.10;Yes;701312;2024-03-06;1;
710111;107258;218;BG 1200 - ZS;2024-03-15 11:18:00;OMV EVRO DIZEL;42.14;8,027.67;1,337.94;00128914;243716;243716;                  ;SR;GORNJI MILANOVAC;OMV EVRO DIZEL;190.500;8,027.67;0.00;0.00;1,337.94;RSD;8914361928;2024-03-15;YES;NO;117;OMV-RS;;;;D;8,512.30;Yes;711843;2024-03-15;1;
710111;107258;218;BG 1200 - ZS;2024-03-18 08:09:00;OMV EVRO DIZEL;45.00;8,505.00;1,417.50;00338376;244527;244527;                  ;SR;BORSKA;OMV EVRO DIZEL;189.000;8,505.00;0.00;0.00;1,417.50;RSD;8914364543;2024-03-31;YES;NO;217;OMV-RS;;;;D;8,955.00;Yes;781124;2024-03-18;1;
710111;107258;218;BG 1200 - ZS;2024-03-27 13:24:00;OMV EVRO DIZEL;42.03;7,964.69;1,327.45;00047895;245321;245321;                  ;SR;CACAK 2;OMV EVRO DIZEL;189.500;7,964.69;0.00;0.00;1,327.45;RSD;8914364543;2024-03-31;YES;NO;117;OMV-RS;;;;D;8,448.00;Yes;732501;2024-03-27;1;
710111;107258;218;BG 1200 - ZS;2024-03-31 21:03:00;OMV EVRO DIZEL;42.00;8,043.00;1,340.50;00346185;246068;246068;                  ;SR;BORSKA;OMV EVRO DIZEL;191.500;8,043.00;0.00;0.00;1,340.50;RSD;8914364543;2024-03-31;YES;NO;217;OMV-RS;;;;D;8,526.00;Yes;710530;2024-03-31;1;
710111;107258;218;BG 1200 - ZS;2024-04-09 13:08:00;OMV EVRO DIZEL;46.19;8,868.48;1,478.08;00380369;246975;246975;                  ;SR;CACAK 2;OMV EVRO DIZEL;192.000;8,868.48;0.00;0.00;1,478.08;RSD;8914366835;2024-04-15;YES;NO;117;OMV-RS;;;;D;9,515.10;Yes;730827;2024-04-09;1;
710111;107258;218;BG 1200 - ZS;2024-04-14 08:27:00;OMV EVRO DIZEL;45.56;8,747.52;1,457.92;00135231;247851;247851;                  ;SR;GORNJI MILANOVAC;OMV EVRO DIZEL;192.000;8,747.52;0.00;0.00;1,457.92;RSD;8914366835;2024-04-15;YES;NO;117;OMV-RS;;;;D;9,385.40;Yes;782807;2024-04-14;1;
710111;107258;218;BG 1200 - ZS;2024-04-22 14:01:00;OMV EVRO DIZEL;43.91;8,430.72;1,405.12;00157177;248683;248683;                  ;SR;BUBANJ POTOK;OMV EVRO DIZEL;192.000;8,430.72;0.00;0.00;1,405.12;RSD;8914369474;2024-04-30;YES;NO;217;OMV-RS;;;;D;9,045.50;Yes;740218;2024-04-22;1;
710111;107258;218;BG 1200 - ZS;2024-04-27 13:13:00;OMV EVRO DIZEL;44.69;8,580.48;1,430.08;00157749;249530;249530;                  ;SR;BUBANJ POTOK;OMV EVRO DIZEL;192.000;8,580.48;0.00;0.00;1,430.08;RSD;8914369474;2024-04-30;YES;NO;217;OMV-RS;;;;D;9,206.10;Yes;731359;2024-04-27;1;
710111;107258;218;BG 1200 - ZS;2024-05-16 09:26:00;OMV EVRO DIZEL;44.04;8,345.58;1,390.93;00050771;250436;250436;                  ;SR;CACAK 2;OMV EVRO DIZEL;189.500;8,345.58;0.00;0.00;1,390.93;RSD;8914374363;2024-05-31;YES;NO;117;OMV-RS;;;;D;8,940.10;Yes;792705;2024-05-16;1;
710111;107258;218;BG 1200 - ZS;2024-05-23 20:39:00;OMV EVRO DIZEL;40.79;7,648.13;1,274.69;00405522;251264;251264;                  ;SR;CACAK 2;OMV EVRO DIZEL;187.500;7,648.13;0.00;0.00;1,274.69;RSD;8914374363;2024-05-31;YES;NO;117;OMV-RS;;;;D;8,198.80;Yes;703945;2024-05-23;1;
710111;107258;218;BG 1200 - ZS;2024-05-27 08:57:00;OMV EVRO DIZEL;46.27;8,675.63;1,445.94;00378993;252121;252121;                  ;SR;BORSKA;OMV EVRO DIZEL;187.500;8,675.63;0.00;0.00;1,445.94;RSD;8914374363;2024-05-31;YES;NO;217;OMV-RS;;;;D;9,300.30;Yes;785759;2024-05-27;1;
710111;107258;218;BG 1200 - ZS;2024-06-04 21:00:00;OMV EVRO DIZEL;42.38;7,946.25;1,324.37;00412636;253001;253001;                  ;SR;CACAK 2;OMV EVRO DIZEL;187.500;7,946.25;0.00;0.00;1,324.37;RSD;8914376641;2024-06-15;YES;NO;117;OMV-RS;;;;D;8,518.40;Yes;710028;2024-06-04;1;
710111;107258;218;BG 1200 - ZS;2024-06-08 18:13:00;OMV EVRO DIZEL;46.00;8,533.00;1,422.17;00387021;253779;253779;                  ;SR;BORSKA;OMV EVRO DIZEL;185.500;8,533.00;0.00;0.00;1,422.17;RSD;8914376641;2024-06-15;YES;NO;217;OMV-RS;;;;D;9,154.00;Yes;781403;2024-06-08;1;
710111;107258;218;BG 1200 - ZS;2024-06-13 08:50:00;OMV EVRO DIZEL;41.40;7,679.70;1,279.95;00194330;254540;254540;                  ;SR;CACAK;OMV EVRO DIZEL;185.500;7,679.70;0.00;0.00;1,279.95;RSD;8914376641;2024-06-15;YES;NO;217;OMV-RS;;;;D;8,238.60;Yes;785052;2024-06-13;1;
710111;107258;218;BG 1200 - ZS;2024-06-19 14:42:00;OMV EVRO DIZEL;41.50;7,781.25;1,296.87;00196448;255370;255370;                  ;SR;CACAK;OMV EVRO DIZEL;187.500;7,781.25;0.00;0.00;1,296.87;RSD;8914379249;2024-06-30;YES;NO;217;OMV-RS;;;;D;8,341.50;Yes;744227;2024-06-19;1;
710111;107258;218;BG 1200 - ZS;2024-06-23 10:02:00;OMV EVRO DIZEL;42.86;8,164.83;1,360.80;00197668;256111;256111;                  ;SR;CACAK;OMV EVRO DIZEL;190.500;8,164.83;0.00;0.00;1,360.80;RSD;8914379249;2024-06-30;YES;NO;217;OMV-RS;;;;D;8,700.60;Yes;700256;2024-06-23;1;
710111;107258;218;BG 1200 - ZS;2024-06-26 13:59:00;OMV EVRO DIZEL;43.85;8,397.28;1,399.55;00151953;257014;257014;                  ;SR;GORNJI MILANOVAC;OMV EVRO DIZEL;191.500;8,397.28;0.00;0.00;1,399.55;RSD;8914379249;2024-06-30;YES;NO;117;OMV-RS;;;;D;8,901.60;Yes;740004;2024-06-26;1;
710111;107258;218;BG 1200 - ZS;2024-07-01 09:45:00;OMV EVRO DIZEL;41.00;7,892.50;1,315.42;00152988;257728;257728;                  ;SR;GORNJI MILANOVAC;OMV EVRO DIZEL;192.500;7,892.50;0.00;0.00;1,315.42;RSD;8914381538;2024-07-15;YES;NO;117;OMV-RS;;;;D;8,405.00;Yes;794520;2024-07-01;1;
710111;107258;218;BG 1200 - ZS;2024-07-03 12:08:00;OMV EVRO DIZEL;40.49;7,875.31;1,312.55;00429427;258531;258531;                  ;SR;CACAK 2;OMV EVRO DIZEL;194.500;7,875.31;0.00;0.00;1,312.55;RSD;8914381538;2024-07-15;YES;NO;117;OMV-RS;;;;D;8,300.50;Yes;720903;2024-07-03;1;
710111;107258;218;BG 1200 - ZS;2024-07-06 22:35:00;OMV EVRO DIZEL;41.50;8,196.25;1,366.04;00133385;259242;259242;                  ;SR;BORSKA;OMV EVRO DIZEL;197.500;8,196.25;0.00;0.00;1,366.04;RSD;8914381538;2024-07-15;YES;NO;217;OMV-RS;;;;D;8,632.00;Yes;723540;2024-07-06;1;
710111;107258;218;BG 1200 - ZS;2024-07-08 17:42:00;OMV EVRO DIZEL;25.80;5,095.50;849.25;00200797;259699;259699;                  ;SR;LAPOVO SEVER;OMV EVRO DIZEL;197.500;5,095.50;0.00;0.00;849.25;RSD;8914381538;2024-07-15;YES;NO;217;OMV-RS;;;;D;5,366.40;Yes;775127;2024-07-08;1;
710111;107258;218;BG 1200 - ZS;2024-07-10 15:36:00;OMV EVRO DIZEL;30.28;5,904.60;984.10;00201611;260232;260232;                  ;SR;LAPOVO SEVER;OMV EVRO DIZEL;195.000;5,904.60;0.00;0.00;984.10;RSD;8914381538;2024-07-15;YES;NO;217;OMV-RS;;;;D;6,298.20;Yes;754514;2024-07-10;1;
710111;107258;218;BG 1200 - ZS;2024-07-12 11:11:00;OMV EVRO DIZEL;33.70;6,571.50;1,095.25;00369742;260774;260774;                  ;SR;KRAGUJEVAC ARS;OMV EVRO DIZEL;195.000;6,571.50;0.00;0.00;1,095.25;RSD;8914381538;2024-07-15;YES;NO;117;OMV-RS;;;;D;7,009.60;Yes;711124;2024-07-12;1;
710111;107258;218;BG 1200 - ZS;2024-07-16 10:03:00;OMV EVRO DIZEL;42.00;8,106.00;1,351.00;00408707;261454;261454;                  ;SR;BORSKA;OMV EVRO DIZEL;193.000;8,106.00;0.00;0.00;1,351.00;RSD;8914384146;2024-07-31;YES;NO;217;OMV-RS;;;;D;8,736.00;Yes;700343;2024-07-16;1;
710111;107258;218;BG 1200 - ZS;2024-07-19 07:29:00;OMV EVRO DIZEL;45.30;8,697.60;1,449.60;00434969;262350;262350;                  ;SR;BUBANJ POTOK;OMV EVRO DIZEL;192.000;8,697.60;0.00;0.00;1,449.60;RSD;8914384146;2024-07-31;YES;NO;217;OMV-RS;;;;D;9,422.40;Yes;772932;2024-07-19;1;
710111;107258;218;BG 1200 - ZS;2024-07-21 20:20:00;OMV EVRO DIZEL;44.70;8,493.00;1,415.50;00436708;263150;263150;                  ;SR;BUBANJ POTOK;OMV EVRO DIZEL;190.000;8,493.00;0.00;0.00;1,415.50;RSD;8914384146;2024-07-31;YES;NO;217;OMV-RS;;;;D;9,163.50;Yes;702053;2024-07-21;1;
710111;107258;218;BG 1200 - ZS;2024-07-24 16:21:00;OMV EVRO DIZEL;41.20;7,828.00;1,304.67;00413429;263861;263861;                  ;SR;BORSKA;OMV EVRO DIZEL;190.000;7,828.00;0.00;0.00;1,304.67;RSD;8914384146;2024-07-31;YES;NO;217;OMV-RS;;;;D;8,446.00;Yes;762127;2024-07-24;1;
710111;107258;218;BG 1200 - ZS;2024-07-30 09:13:00;OMV EVRO DIZEL;39.32;7,392.16;1,232.03;00445374;264491;264491;                  ;SR;CACAK 2;OMV EVRO DIZEL;188.000;7,392.16;0.00;0.00;1,232.03;RSD;8914384146;2024-07-31;YES;NO;117;OMV-RS;;;;D;7,942.60;Yes;791349;2024-07-30;1;
710111;107258;218;BG 1200 - ZS;2024-08-02 09:43:00;OMV EVRO DIZEL;45.11;8,480.68;1,413.45;00379782;265127;265127;                  ;SR;KRAGUJEVAC ARS;OMV EVRO DIZEL;188.000;8,480.68;0.00;0.00;1,413.45;RSD;8914386444;2024-08-15;YES;NO;117;OMV-RS;;;;D;9,112.20;Yes;794331;2024-08-02;1;
710111;107258;218;BG 1200 - ZS;2024-08-07 15:14:00;OMV EVRO DIZEL;38.92;7,278.04;1,213.01;00431690;265784;265784;                  ;SR;CELIJE;OMV EVRO DIZEL;187.000;7,278.04;0.00;0.00;1,213.01;RSD;8914386444;2024-08-15;YES;NO;117;OMV-RS;;;;D;7,822.90;Yes;751447;2024-08-07;1;
710111;107258;218;BG 1200 - ZS;2024-08-09 16:28:00;OMV EVRO DIZEL;26.74;4,920.16;820.03;00040824;266205;266205;                  ;SR;CELIJE;OMV EVRO DIZEL;184.000;4,973.64;0.00;0.00;820.03;RSD;8914386444;2024-08-15;YES;NO;117;OMV-RS;;;;D;5,294.50;Yes;762836;2024-08-09;1;
710111;107258;218;BG 1200 - ZS;2024-08-14 16:38:00;OMV EVRO DIZEL;46.65;8,583.60;1,430.60;00385704;266885;266885;                  ;SR;KRAGUJEVAC ARS;OMV EVRO DIZEL;184.000;8,583.60;0.00;0.00;1,430.60;RSD;8914386444;2024-08-15;YES;NO;117;OMV-RS;;;;D;9,236.70;Yes;763913;2024-08-14;1;
710111;107258;218;BG 1200 - ZS;2024-08-19 16:09:00;OMV EVRO DIZEL;39.71;7,306.64;1,217.77;00509627;267440;267440;                  ;SR;ADA CIGANLIJA;OMV EVRO DIZEL;184.000;7,306.64;0.00;0.00;1,217.77;RSD;8914389074;2024-08-31;YES;NO;217;OMV-RS;;;;D;7,862.60;Yes;760933;2024-08-19;1;
710111;107258;218;BG 1200 - ZS;2024-08-23 15:55:00;OMV EVRO DIZEL;43.47;7,868.07;1,311.34;00389973;268102;268102;                  ;SR;KRAGUJEVAC ARS;OMV EVRO DIZEL;181.000;7,868.07;0.00;0.00;1,311.34;RSD;8914389074;2024-08-31;YES;NO;117;OMV-RS;;;;D;8,476.70;Yes;755528;2024-08-23;1;
710111;107258;218;BG 1200 - ZS;2024-08-30 07:36:00;OMV EVRO DIZEL;41.17;7,451.77;1,241.96;00393030;268834;268834;                  ;SR;KRAGUJEVAC ARS;OMV EVRO DIZEL;181.000;7,451.77;0.00;0.00;1,241.96;RSD;8914389074;2024-08-31;YES;NO;117;OMV-RS;;;;D;8,028.20;Yes;773700;2024-08-30;1;
710111;107258;218;BG 1200 - ZS;2024-09-03 11:39:00;OMV EVRO DIZEL;41.98;7,556.40;1,259.40;00395084;269543;269543;                  ;SR;KRAGUJEVAC ARS;OMV EVRO DIZEL;180.000;7,556.40;0.00;0.00;1,259.40;RSD;8914391411;2024-09-15;YES;NO;117;OMV-RS;;;;D;8,144.10;Yes;713931;2024-09-03;1;
710111;107258;218;BG 1200 - ZS;2024-09-07 16:18:00;OMV EVRO DIZEL;31.82;5,727.60;954.60;00397193;270028;270028;                  ;SR;KRAGUJEVAC ARS;OMV EVRO DIZEL;180.000;5,727.60;0.00;0.00;954.60;RSD;8914391411;2024-09-15;YES;NO;117;OMV-RS;;;;D;6,173.10;Yes;761824;2024-09-07;1;
710111;107258;218;BG 1200 - ZS;2024-09-13 16:21:00;OMV EVRO DIZEL;40.59;7,204.73;1,200.79;00154305;270741;270741;                  ;SR;KRAGUJEVAC ARS;OMV EVRO DIZEL;177.500;7,204.73;0.00;0.00;1,200.79;RSD;8914391411;2024-09-15;YES;NO;117;OMV-RS;;;;D;7,752.70;Yes;762159;2024-09-13;1;
710111;107258;218;BG 1200 - ZS;2024-09-18 15:24:00;OMV EVRO DIZEL;40.17;7,130.18;1,188.36;00401642;271436;271436;                  ;SR;KRAGUJEVAC ARS;OMV EVRO DIZEL;177.500;7,130.18;0.00;0.00;1,188.36;RSD;8914394055;2024-09-30;YES;NO;117;OMV-RS;;;;D;7,672.50;Yes;752438;2024-09-18;1;
710111;107258;218;BG 1200 - ZS;2024-09-21 11:19:00;OMV EVRO DIZEL;35.40;6,248.10;1,041.35;00402940;272071;272071;                  ;SR;KRAGUJEVAC ARS;OMV EVRO DIZEL;176.500;6,248.10;0.00;0.00;1,041.35;RSD;8914394055;2024-09-30;YES;NO;117;OMV-RS;;;;D;6,726.00;Yes;711954;2024-09-21;1;
710111;107258;218;BG 1200 - ZS;2024-09-25 15:57:00;OMV EVRO DIZEL;37.11;6,587.03;1,097.84;00204792;272791;272791;                  ;SR;BESKA 1;OMV EVRO DIZEL;177.500;6,587.03;0.00;0.00;1,097.84;RSD;8914394055;2024-09-30;YES;NO;217;OMV-RS;;;;D;7,050.90;Yes;755732;2024-09-25;1;
710111;107258;218;BG 1200 - ZS;2024-09-27 07:11:00;OMV EVRO DIZEL;29.90;5,307.25;884.54;00458051;273292;273292;                  ;SR;CELIJE;OMV EVRO DIZEL;177.500;5,307.25;0.00;0.00;884.54;RSD;8914394055;2024-09-30;YES;NO;117;OMV-RS;;;;D;5,681.00;Yes;771217;2024-09-27;1;
710111;107258;218;BG 1200 - ZS;2024-09-28 15:14:00;OMV EVRO DIZEL;35.41;6,285.28;1,047.55;00459008;273881;273881;                  ;SR;CELIJE;OMV EVRO DIZEL;177.500;6,285.28;0.00;0.00;1,047.55;RSD;8914394055;2024-09-30;YES;NO;117;OMV-RS;;;;D;6,727.90;Yes;751507;2024-09-28;1;
710111;107258;218;BG 1200 - ZS;2024-10-01 09:02:00;OMV EVRO DIZEL;33.22;5,896.55;982.76;00407443;274410;274410;                  ;SR;KRAGUJEVAC ARS;OMV EVRO DIZEL;177.500;5,896.55;0.00;0.00;982.76;RSD;8914396403;2024-10-15;YES;NO;117;OMV-RS;;;;D;6,311.80;Yes;790221;2024-10-01;1;
710111;107258;218;BG 1200 - ZS;2024-10-04 09:33:00;OMV EVRO DIZEL;38.81;6,888.78;1,148.13;00408726;275055;275055;                  ;SR;KRAGUJEVAC ARS;OMV EVRO DIZEL;177.500;6,888.78;0.00;0.00;1,148.13;RSD;8914396403;2024-10-15;YES;NO;117;OMV-RS;;;;D;7,373.90;Yes;793408;2024-10-04;1;
710111;107258;218;BG 1200 - ZS;2024-10-08 14:52:00;OMV EVRO DIZEL;37.91;6,766.94;1,127.82;00410525;275734;275734;                  ;SR;KRAGUJEVAC ARS;OMV EVRO DIZEL;178.500;6,766.94;0.00;0.00;1,127.82;RSD;8914396403;2024-10-15;YES;NO;117;OMV-RS;;;;D;7,240.80;Yes;745222;2024-10-08;1;
710111;107258;218;BG 1200 - ZS;2024-10-11 12:15:00;OMV EVRO DIZEL;38.04;6,999.36;1,166.56;00411809;276428;276428;                  ;SR;KRAGUJEVAC ARS;OMV EVRO DIZEL;184.000;6,999.36;0.00;0.00;1,166.56;RSD;8914396403;2024-10-15;YES;NO;117;OMV-RS;;;;D;7,265.60;Yes;721557;2024-10-11;1;
710111;107258;218;BG 1200 - ZS;2024-10-16 10:11:00;OMV EVRO DIZEL;36.39;6,804.93;1,134.15;00468191;277026;277026;                  ;SR;CELIJE;OMV EVRO DIZEL;187.000;6,804.93;0.00;0.00;1,134.15;RSD;8914399056;2024-10-31;YES;NO;117;OMV-RS;;;;D;7,059.70;Yes;701208;2024-10-16;1;
710111;107258;218;BG 1200 - ZS;2024-10-18 14:23:00;OMV EVRO DIZEL;31.50;5,890.50;981.75;00540313;277578;277578;                  ;SR;ADA CIGANLIJA;OMV EVRO DIZEL;187.000;5,890.50;0.00;0.00;981.75;RSD;8914399056;2024-10-31;YES;NO;217;OMV-RS;;;;D;6,111.00;Yes;742331;2024-10-18;1;
710111;107258;218;BG 1200 - ZS;2024-10-23 15:02:00;OMV EVRO DIZEL;31.27;5,878.76;979.79;00543180;278120;278120;                  ;SR;ADA CIGANLIJA;OMV EVRO DIZEL;188.000;5,878.76;0.00;0.00;979.79;RSD;8914399056;2024-10-31;YES;NO;217;OMV-RS;;;;D;6,097.70;Yes;750213;2024-10-23;1;
710111;107258;218;BG 1200 - ZS;2024-10-25 10:18:00;OMV EVRO DIZEL;26.61;5,002.68;833.78;00544109;278556;278556;                  ;SR;ADA CIGANLIJA;OMV EVRO DIZEL;188.000;5,002.68;0.00;0.00;833.78;RSD;8914399056;2024-10-31;YES;NO;217;OMV-RS;;;;D;5,189.00;Yes;701838;2024-10-25;1;
710111;107258;218;BG 1200 - ZS;2024-10-30 08:41:00;OMV EVRO DIZEL;34.41;6,400.26;1,066.71;00475607;279119;279119;                  ;SR;CELIJE;OMV EVRO DIZEL;186.000;6,400.26;0.00;0.00;1,066.71;RSD;8914399056;2024-10-31;YES;NO;117;OMV-RS;;;;D;6,641.10;Yes;784133;2024-10-30;1;
710111;107258;218;BG 1200 - ZS;2024-11-02 05:20:00;OMV EVRO DIZEL;42.10;7,788.50;1,298.08;00337784;279871;279871;                  ;SR;ADA CIGANLIJA;OMV EVRO DIZEL;185.000;7,788.50;0.00;0.00;1,298.08;RSD;8914401397;2024-11-15;YES;NO;217;OMV-RS;;;;D;8,083.20;Yes;752046;2024-11-02;1;
710111;107258;218;BG 1200 - ZS;2024-11-05 08:57:00;OMV EVRO DIZEL;35.90;6,641.50;1,106.92;00478808;280460;280460;                  ;SR;CELIJE;OMV EVRO DIZEL;185.000;6,641.50;0.00;0.00;1,106.92;RSD;8914401397;2024-11-15;YES;NO;117;OMV-RS;;;;D;6,892.80;Yes;785751;2024-11-05;1;
710111;107258;218;BG 1200 - ZS;2024-11-07 17:10:00;OMV EVRO DIZEL;42.39;7,842.15;1,307.02;00423994;281194;281194;                  ;SR;KRAGUJEVAC ARS;OMV EVRO DIZEL;185.000;7,842.15;0.00;0.00;1,307.02;RSD;8914401397;2024-11-15;YES;NO;117;OMV-RS;;;;D;8,138.90;Yes;771105;2024-11-07;1;
710111;107258;218;BG 1200 - ZS;2024-11-09 17:04:00;OMV EVRO DIZEL;35.78;6,726.64;1,121.11;00481092;281842;281842;                  ;SR;CELIJE;OMV EVRO DIZEL;188.000;6,726.64;0.00;0.00;1,121.11;RSD;8914401397;2024-11-15;YES;NO;117;OMV-RS;;;;D;6,941.30;Yes;770458;2024-11-09;1;
710111;107258;218;BG 1200 - ZS;2024-11-12 14:16:00;OMV EVRO DIZEL;34.03;6,397.64;1,066.27;00426105;282418;282418;                  ;SR;KRAGUJEVAC ARS;OMV EVRO DIZEL;188.000;6,397.64;0.00;0.00;1,066.27;RSD;8914401397;2024-11-15;YES;NO;117;OMV-RS;;;;D;6,601.80;Yes;741700;2024-11-12;1;
710111;107258;218;BG 1200 - ZS;2024-11-14 13:30:00;OMV EVRO DIZEL;40.52;7,617.76;1,269.63;00483381;283142;283142;                  ;SR;CELIJE;OMV EVRO DIZEL;188.000;7,617.76;0.00;0.00;1,269.63;RSD;8914401397;2024-11-15;YES;NO;117;OMV-RS;;;;D;7,860.90;Yes;733115;2024-11-14;1;
710111;107258;218;BG 1200 - ZS;2024-11-18 11:09:00;OMV EVRO DIZEL;32.78;6,162.64;1,027.11;00485466;283669;283669;                  ;SR;CELIJE;OMV EVRO DIZEL;188.000;6,162.64;0.00;0.00;1,027.11;RSD;8914404050;2024-11-30;YES;NO;117;OMV-RS;;;;D;6,359.30;Yes;710958;2024-11-18;1;
710111;107258;218;BG 1200 - ZS;2024-11-20 15:27:00;OMV EVRO DIZEL;46.29;8,702.52;1,450.42;00429387;284481;284481;                  ;SR;KRAGUJEVAC ARS;OMV EVRO DIZEL;188.000;8,702.52;0.00;0.00;1,450.42;RSD;8914404050;2024-11-30;YES;NO;117;OMV-RS;;;;D;8,980.30;Yes;752813;2024-11-20;1;
710111;107258;218;BG 1200 - ZS;2024-11-23 13:25:00;OMV EVRO DIZEL;42.91;8,195.81;1,365.97;00430535;285152;285152;                  ;SR;KRAGUJEVAC ARS;OMV EVRO DIZEL;191.000;8,195.81;0.00;0.00;1,365.97;RSD;8914404050;2024-11-30;YES;NO;117;OMV-RS;;;;D;8,453.30;Yes;732539;2024-11-23;1;
710111;107258;218;BG 1200 - ZS;2024-11-27 17:26:00;OMV EVRO DIZEL;36.03;6,881.73;1,146.95;00432258;285819;285819;                  ;SR;KRAGUJEVAC ARS;OMV EVRO DIZEL;191.000;6,881.73;0.00;0.00;1,146.95;RSD;8914404050;2024-11-30;YES;NO;117;OMV-RS;;;;D;7,097.90;Yes;772719;2024-11-27;1;
710111;107258;218;BG 1200 - ZS;2024-11-29 13:01:00;OMV EVRO DIZEL;35.64;6,807.24;1,134.54;00432897;286492;286492;                  ;SR;KRAGUJEVAC ARS;OMV EVRO DIZEL;191.000;6,807.24;0.00;0.00;1,134.54;RSD;8914404050;2024-11-30;YES;NO;117;OMV-RS;;;;D;7,021.10;Yes;730212;2024-11-29;1;
710111;107258;218;BG 1200 - ZS;2024-12-02 12:31:00;OMV EVRO DIZEL;24.54;4,687.14;781.19;00434016;286890;286890;                  ;SR;KRAGUJEVAC ARS;OMV EVRO DIZEL;191.000;4,687.14;0.00;0.00;781.19;RSD;8914406383;2024-12-15;YES;NO;117;OMV-RS;;;;D;4,834.40;Yes;723205;2024-12-02;1;
710111;107258;218;BG 1200 - ZS;2024-12-04 15:51:00;OMV EVRO DIZEL;37.68;7,196.88;1,199.48;00492810;287623;287623;                  ;SR;CELIJE;OMV EVRO DIZEL;191.000;7,196.88;0.00;0.00;1,199.48;RSD;8914406383;2024-12-15;YES;NO;117;OMV-RS;;;;D;7,423.00;Yes;755227;2024-12-04;1;
710111;107258;218;BG 1200 - ZS;2024-12-06 16:45:00;OMV EVRO DIZEL;37.76;7,174.40;1,195.73;00493755;288253;288253;                  ;SR;CELIJE;OMV EVRO DIZEL;190.000;7,174.40;0.00;0.00;1,195.73;RSD;8914406383;2024-12-15;YES;NO;117;OMV-RS;;;;D;7,401.00;Yes;764621;2024-12-06;1;
710111;107258;218;BG 1200 - ZS;2024-12-10 11:20:00;OMV EVRO DIZEL;33.34;6,334.60;1,055.77;00437215;288811;288811;                  ;SR;KRAGUJEVAC ARS;OMV EVRO DIZEL;190.000;6,334.60;0.00;0.00;1,055.77;RSD;8914406383;2024-12-15;YES;NO;117;OMV-RS;;;;D;6,534.60;Yes;712124;2024-12-10;1;
710111;107258;218;BG 1200 - ZS;2024-12-12 12:13:00;OMV EVRO DIZEL;36.23;6,847.47;1,141.24;00438062;289427;289427;                  ;SR;KRAGUJEVAC ARS;OMV EVRO DIZEL;189.000;6,847.47;0.00;0.00;1,141.24;RSD;8914406383;2024-12-15;YES;NO;117;OMV-RS;;;;D;7,101.10;Yes;721410;2024-12-12;1;
710111;107258;218;BG 1200 - ZS;2024-12-14 12:44:00;OMV EVRO DIZEL;38.82;7,336.98;1,222.83;00043539;290114;290114;                  ;SR;CELIJE;OMV EVRO DIZEL;189.000;7,336.98;0.00;0.00;1,222.83;RSD;8914406383;2024-12-15;YES;NO;117;OMV-RS;;;;D;7,608.70;Yes;724552;2024-12-14;1;
710111;107258;218;BG 1200 - ZS;2024-12-18 09:15:00;OMV EVRO DIZEL;40.77;7,705.53;1,284.25;00168991;290885;290885;                  ;SR;KRAGUJEVAC ARS;OMV EVRO DIZEL;189.000;7,705.53;0.00;0.00;1,284.25;RSD;8914409008;2024-12-31;YES;NO;117;OMV-RS;;;;D;7,990.90;Yes;791633;2024-12-18;1;
710111;107258;218;BG 1200 - ZS;2024-12-23 10:49:00;OMV EVRO DIZEL;41.18;7,824.20;1,304.03;00331198;291556;291556;                  ;SR;ARANDJELOVAC;OMV EVRO DIZEL;190.000;7,824.20;0.00;0.00;1,304.03;RSD;8914409008;2024-12-31;YES;NO;117;OMV-RS;;;;D;8,112.50;Yes;704959;2024-12-23;1;
710111;107258;218;BG 1200 - ZS;2024-12-31 09:46:00;OMV EVRO DIZEL;44.44;8,443.60;1,407.27;00505003;292255;292255;                  ;SR;CELIJE;OMV EVRO DIZEL;190.000;8,443.60;0.00;0.00;1,407.27;RSD;8914409008;2024-12-31;YES;NO;117;OMV-RS;;;;D;8,754.70;Yes;794835;2024-12-31;1;
710111;107258;218;BG 1200 - ZS;2025-01-11 08:03:00;OMV EVRO DIZEL;45.52;8,830.88;1,471.81;00509984;292966;292966;                  ;SR;CELIJE;OMV EVRO DIZEL;194.000;8,830.88;0.00;0.00;1,471.81;RSD;8915352029;2025-01-15;YES;NO;117;OMV-RS;;;;D;9,149.50;Yes;780542;2025-01-11;1;
710111;107258;218;BG 1200 - ZS;2025-01-14 11:04:00;OMV EVRO DIZEL;40.93;7,940.42;1,323.40;00582317;293654;293654;                  ;SR;ADA CIGANLIJA;OMV EVRO DIZEL;194.000;7,940.42;0.00;0.00;1,323.40;RSD;8915352029;2025-01-15;YES;NO;217;OMV-RS;;;;D;8,226.90;Yes;710548;2025-01-14;1;
710111;107258;218;BG 1200 - ZS;2025-01-16 12:31:00;OMV EVRO DIZEL;36.19;7,057.05;1,176.17;00453593;294199;294199;                  ;SR;KRAGUJEVAC ARS;OMV EVRO DIZEL;195.000;7,057.05;0.00;0.00;1,176.17;RSD;8915354647;2025-01-31;YES;NO;117;OMV-RS;;;;D;7,274.20;Yes;723248;2025-01-16;1;
710111;107258;218;BG 1200 - ZS;2025-01-20 11:48:00;OMV EVRO DIZEL;45.59;9,026.82;1,504.47;00455126;294888;294888;                  ;SR;KRAGUJEVAC ARS;OMV EVRO DIZEL;198.000;9,026.82;0.00;0.00;1,504.47;RSD;8915354647;2025-01-31;YES;NO;117;OMV-RS;;;;D;9,300.40;Yes;714919;2025-01-20;1;
710111;107258;218;BG 1200 - ZS;2025-01-24 08:48:00;OMV EVRO DIZEL;43.14;8,541.72;1,423.62;00456810;295563;295563;                  ;SR;KRAGUJEVAC ARS;OMV EVRO DIZEL;198.000;8,541.72;0.00;0.00;1,423.62;RSD;8915354647;2025-01-31;YES;NO;117;OMV-RS;;;;D;8,800.60;Yes;784925;2025-01-24;1;
710111;107258;218;BG 1200 - ZS;2025-01-26 10:36:00;OMV EVRO DIZEL;46.31;9,169.38;1,528.23;00457697;296252;296252;                  ;SR;KRAGUJEVAC ARS;OMV EVRO DIZEL;198.000;9,169.38;0.00;0.00;1,528.23;RSD;8915354647;2025-01-31;YES;NO;117;OMV-RS;;;;D;9,447.20;Yes;703749;2025-01-26;1;
710111;107258;218;BG 1200 - ZS;2025-01-30 17:15:00;OMV EVRO DIZEL;39.05;7,731.90;1,288.65;00001463;296857;296857;                  ;SR;CELIJE;OMV EVRO DIZEL;198.000;7,731.90;0.00;0.00;1,288.65;RSD;8915354647;2025-01-31;YES;NO;117;OMV-RS;;;;D;7,966.20;Yes;771824;2025-01-30;1;
710111;107258;218;BG 1200 - ZS;2025-02-02 13:13:00;OMV EVRO DIZEL;35.60;6,942.00;1,157.00;00002772;297418;297418;                  ;SR;KRAGUJEVAC ARS;OMV EVRO DIZEL;195.000;6,942.00;0.00;0.00;1,157.00;RSD;8915357106;2025-02-15;YES;NO;117;OMV-RS;;;;D;7,155.60;Yes;731504;2025-02-02;1;
710111;107258;218;BG 1200 - ZS;2025-02-06 11:11:00;OMV EVRO DIZEL;34.03;6,635.85;1,105.97;00004388;297927;297927;                  ;SR;KRAGUJEVAC ARS;OMV EVRO DIZEL;195.000;6,635.85;0.00;0.00;1,105.97;RSD;8915357106;2025-02-15;YES;NO;117;OMV-RS;;;;D;6,840.00;Yes;711242;2025-02-06;1;
710111;107258;218;BG 1200 - ZS;2025-02-12 09:35:00;OMV EVRO DIZEL;39.16;7,753.68;1,292.28;00006858;298441;298441;                  ;SR;KRAGUJEVAC ARS;OMV EVRO DIZEL;198.000;7,753.68;0.00;0.00;1,292.28;RSD;8915359791;2025-02-28;YES;NO;117;OMV-RS;;;;D;7,871.20;Yes;793652;2025-02-12;1;
710111;107258;218;BG 1200 - ZS;2025-02-18 10:12:00;OMV EVRO DIZEL;34.43;6,886.00;1,147.67;00009102;298915;298915;                  ;SR;KRAGUJEVAC ARS;OMV EVRO DIZEL;200.000;6,886.00;0.00;0.00;1,147.67;RSD;8915359791;2025-02-28;YES;NO;117;OMV-RS;;;;D;6,989.30;Yes;701351;2025-02-18;1;
710111;107258;218;BG 1200 - ZS;2025-02-24 08:44:00;OMV EVRO DIZEL;42.73;8,546.00;1,424.33;00012559;299592;299592;                  ;SR;CELIJE;OMV EVRO DIZEL;200.000;8,546.00;0.00;0.00;1,424.33;RSD;8915359791;2025-02-28;YES;NO;117;OMV-RS;;;;D;8,716.90;Yes;784759;2025-02-24;1;
710111;107258;218;BG 1200 - ZS;2025-02-28 07:52:00;OMV EVRO DIZEL;31.35;6,270.00;1,045.00;00013431;300100;300100;                  ;SR;KRAGUJEVAC ARS;OMV EVRO DIZEL;200.000;6,270.00;0.00;0.00;1,045.00;RSD;8915359791;2025-02-28;YES;NO;117;OMV-RS;;;;D;6,395.40;Yes;775411;2025-02-28;1;
710111;107258;218;BG 1200 - ZS;2025-03-04 08:38:00;OMV EVRO DIZEL;43.42;8,640.58;1,440.10;00180855;300739;300739;                  ;SR;KRAGUJEVAC ARS;OMV EVRO DIZEL;199.000;8,640.58;0.00;0.00;1,440.10;RSD;8915362134;2025-03-15;YES;NO;117;OMV-RS;;;;D;8,814.30;Yes;783948;2025-03-04;1;
710111;107258;218;BG 1200 - ZS;2025-03-10 13:23:00;OMV EVRO DIZEL;42.85;8,330.04;1,388.34;00018147;301319;301319;                  ;SR;KRAGUJEVAC ARS;OMV EVRO DIZEL;194.400;8,330.04;0.00;0.00;1,388.34;RSD;8915362134;2025-03-15;YES;NO;117;OMV-RS;;;;D;8,570.00;Yes;732438;2025-03-10;1;
710111;107258;218;BG 1200 - ZS;2025-03-14 07:43:00;OMV EVRO DIZEL;24.42;4,747.25;791.21;00019656;301733;301733;                  ;SR;KRAGUJEVAC ARS;OMV EVRO DIZEL;194.400;4,747.25;0.00;0.00;791.21;RSD;8915362134;2025-03-15;YES;NO;117;OMV-RS;;;;D;4,884.00;Yes;774450;2025-03-14;1;
710111;107258;218;BG 1200 - ZS;2025-03-18 11:51:00;OMV EVRO DIZEL;41.38;7,915.99;1,319.33;00021358;302398;302398;                  ;SR;KRAGUJEVAC ARS;OMV EVRO DIZEL;191.300;7,915.99;0.00;0.00;1,319.33;RSD;8915364775;2025-03-31;YES;NO;117;OMV-RS;;;;D;8,151.90;Yes;715255;2025-03-18;1;
710111;107258;218;BG 1200 - ZS;2025-03-25 09:55:00;OMV EVRO DIZEL;33.97;6,420.33;1,070.05;00184326;302913;302913;                  ;SR;KRAGUJEVAC ARS;OMV EVRO DIZEL;189.000;6,420.33;0.00;0.00;1,070.05;RSD;8915364775;2025-03-31;YES;NO;117;OMV-RS;;;;D;6,624.20;Yes;795709;2025-03-25;1;
710111;107258;218;BG 1200 - ZS;2025-03-29 09:14:00;OMV EVRO DIZEL;41.24;7,835.60;1,305.93;00025757;303567;303567;                  ;SR;KRAGUJEVAC ARS;OMV EVRO DIZEL;190.000;7,835.60;0.00;0.00;1,305.93;RSD;8915364775;2025-03-31;YES;NO;117;OMV-RS;;;;D;8,083.00;Yes;791636;2025-03-29;1;
710111;107258;218;BG 1200 - ZS;2025-04-04 11:48:00;OMV EVRO DIZEL;36.39;6,914.10;1,152.35;00028296;304098;304098;                  ;SR;KRAGUJEVAC ARS;OMV EVRO DIZEL;190.000;6,914.10;0.00;0.00;1,152.35;RSD;8915367133;2025-04-15;YES;NO;117;OMV-RS;;;;D;7,132.40;Yes;714909;2025-04-04;1;
710111;107258;218;BG 1200 - ZS;2025-04-10 10:50:00;OMV EVRO DIZEL;32.88;6,247.20;1,041.20;00030920;304627;304627;                  ;SR;KRAGUJEVAC ARS;OMV EVRO DIZEL;190.000;6,247.20;0.00;0.00;1,041.20;RSD;8915367133;2025-04-15;YES;NO;117;OMV-RS;;;;D;6,444.50;Yes;705053;2025-04-10;1;
710111;107258;218;BG 1200 - ZS;2025-04-17 08:23:00;OMV EVRO DIZEL;38.40;7,142.40;1,190.40;00034088;305213;305213;                  ;SR;KRAGUJEVAC ARS;OMV EVRO DIZEL;186.000;7,142.40;0.00;0.00;1,190.40;RSD;8915369797;2025-04-30;YES;NO;117;OMV-RS;;;;D;7,372.80;Yes;782329;2025-04-17;1;
710111;107258;218;BG 1200 - ZS;2025-04-22 09:16:00;OMV EVRO DIZEL;44.97;8,229.51;1,371.58;00036681;305997;305997;                  ;SR;KRAGUJEVAC ARS;OMV EVRO DIZEL;183.000;8,229.51;0.00;0.00;1,371.58;RSD;8915369797;2025-04-30;YES;NO;117;OMV-RS;;;;D;8,499.30;Yes;791656;2025-04-22;1;
710111;107258;218;BG 1200 - ZS;2025-04-26 15:07:00;OMV EVRO DIZEL;36.50;6,679.50;1,113.25;00038750;306490;306490;                  ;SR;KRAGUJEVAC ARS;OMV EVRO DIZEL;183.000;6,679.50;0.00;0.00;1,113.25;RSD;8915369797;2025-04-30;YES;NO;117;OMV-RS;;;;D;6,898.50;Yes;750745;2025-04-26;1;
710111;107258;218;BG 1200 - ZS;2025-04-30 08:48:00;OMV EVRO DIZEL;41.75;7,640.25;1,273.37;00040296;307146;307146;                  ;SR;KRAGUJEVAC ARS;OMV EVRO DIZEL;183.000;7,640.25;0.00;0.00;1,273.37;RSD;8915369797;2025-04-30;YES;NO;117;OMV-RS;;;;D;7,890.80;Yes;784913;2025-04-30;1;
710111;107258;218;BG 1200 - ZS;2025-05-05 13:05:00;OMV EVRO DIZEL;32.70;5,951.40;991.90;00043025;307643;307643;                  ;SR;KRAGUJEVAC ARS;OMV EVRO DIZEL;182.000;5,951.40;0.00;0.00;991.90;RSD;8915372197;2025-05-15;YES;NO;117;OMV-RS;;;;D;6,147.60;Yes;730628;2025-05-05;1;
710111;107258;218;BG 1200 - ZS;2025-05-09 11:11:00;OMV EVRO DIZEL;34.63;6,302.66;1,050.44;00044916;308220;308220;                  ;SR;KRAGUJEVAC ARS;OMV EVRO DIZEL;182.000;6,302.66;0.00;0.00;1,050.44;RSD;8915372197;2025-05-15;YES;NO;117;OMV-RS;;;;D;6,510.40;Yes;711241;2025-05-09;1;
710111;107258;218;BG 1200 - ZS;2025-05-14 14:25:00;OMV EVRO DIZEL;43.13;7,763.40;1,293.90;00047321;308929;308929;                  ;SR;KRAGUJEVAC ARS;OMV EVRO DIZEL;180.000;7,763.40;0.00;0.00;1,293.90;RSD;8915372197;2025-05-15;YES;NO;117;OMV-RS;;;;D;8,022.20;Yes;742620;2025-05-14;1;
710111;107258;218;BG 1200 - ZS;2025-05-16 08:38:00;OMV EVRO DIZEL;32.23;5,801.40;966.90;00048134;309438;309438;                  ;SR;KRAGUJEVAC ARS;OMV EVRO DIZEL;180.000;5,801.40;0.00;0.00;966.90;RSD;8915374857;2025-05-31;YES;NO;117;OMV-RS;;;;D;5,994.80;Yes;783944;2025-05-16;1;
710111;107258;218;BG 1200 - ZS;2025-05-21 09:50:00;OMV EVRO DIZEL;40.66;7,359.46;1,226.58;00050384;310145;310145;                  ;SR;KRAGUJEVAC ARS;OMV EVRO DIZEL;181.000;7,359.46;0.00;0.00;1,226.58;RSD;8915374857;2025-05-31;YES;NO;117;OMV-RS;;;;D;7,603.40;Yes;795150;2025-05-21;1;
710111;107258;218;BG 1200 - ZS;2025-05-24 12:29:00;OMV EVRO DIZEL;40.24;7,283.44;1,213.91;00051802;310789;310789;                  ;SR;KRAGUJEVAC ARS;OMV EVRO DIZEL;181.000;7,283.44;0.00;0.00;1,213.91;RSD;8915374857;2025-05-31;YES;NO;117;OMV-RS;;;;D;7,524.90;Yes;723009;2025-05-24;1;
710111;107258;218;BG 1200 - ZS;2025-05-27 09:02:00;OMV EVRO DIZEL;42.38;7,670.78;1,278.46;00052916;311462;311462;                  ;SR;KRAGUJEVAC ARS;OMV EVRO DIZEL;181.000;7,670.78;0.00;0.00;1,278.46;RSD;8915374857;2025-05-31;YES;NO;117;OMV-RS;;;;D;7,925.10;Yes;790311;2025-05-27;1;
710111;107258;218;BG 1200 - ZS;2025-05-31 14:02:00;OMV EVRO DIZEL;39.39;7,129.59;1,188.26;00062696;312131;312131;                  ;SR;CELIJE;OMV EVRO DIZEL;181.000;7,129.59;0.00;0.00;1,188.26;RSD;8915374857;2025-05-31;YES;NO;117;OMV-RS;;;;D;7,365.90;Yes;740249;2025-05-31;1;
710111;107258;218;BG 1200 - ZS;2025-06-05 09:46:00;OMV EVRO DIZEL;34.25;6,199.25;1,033.21;00057287;312598;312598;                  ;SR;KRAGUJEVAC ARS;OMV EVRO DIZEL;181.000;6,199.25;0.00;0.00;1,033.21;RSD;8915377281;2025-06-15;YES;NO;117;OMV-RS;;;;D;6,404.80;Yes;794625;2025-06-05;1;
710111;107258;218;BG 1200 - ZS;2025-06-09 11:39:00;OMV EVRO DIZEL;41.93;7,589.33;1,264.89;00059570;313226;313226;                  ;SR;KRAGUJEVAC ARS;OMV EVRO DIZEL;181.000;7,589.33;0.00;0.00;1,264.89;RSD;8915377281;2025-06-15;YES;NO;117;OMV-RS;;;;D;7,840.90;Yes;713955;2025-06-09;1;
710111;107258;218;BG 1200 - ZS;2025-06-12 14:09:00;OMV EVRO DIZEL;27.80;5,031.80;838.63;00061187;313680;313680;                  ;SR;KRAGUJEVAC ARS;OMV EVRO DIZEL;181.000;5,031.80;0.00;0.00;838.63;RSD;8915377281;2025-06-15;YES;NO;117;OMV-RS;;;;D;5,198.60;Yes;740953;2025-06-12;1;
710111;107258;218;BG 1200 - ZS;2025-06-19 08:36:00;OMV EVRO DIZEL;41.90;7,667.70;1,277.95;00064625;314359;314359;                  ;SR;KRAGUJEVAC ARS;OMV EVRO DIZEL;183.000;7,667.70;0.00;0.00;1,277.95;RSD;8915379951;2025-06-30;YES;NO;117;OMV-RS;;;;D;7,919.10;Yes;783649;2025-06-19;1;
710111;107258;218;BG 1200 - ZS;2025-06-23 11:42:00;OMV EVRO DIZEL;40.94;7,614.84;1,269.14;00066779;315090;315090;                  ;SR;KRAGUJEVAC ARS;OMV EVRO DIZEL;186.000;7,614.84;0.00;0.00;1,269.14;RSD;8915379951;2025-06-30;YES;NO;117;OMV-RS;;;;D;7,860.50;Yes;714255;2025-06-23;1;
710111;107258;218;BG 1200 - ZS;2025-06-26 09:33:00;OMV EVRO DIZEL;32.54;6,052.44;1,008.74;00068143;315574;315574;                  ;SR;KRAGUJEVAC ARS;OMV EVRO DIZEL;186.000;6,052.44;0.00;0.00;1,008.74;RSD;8915379951;2025-06-30;YES;NO;117;OMV-RS;;;;D;6,247.70;Yes;793337;2025-06-26;1;
710111;107258;218;BG 1200 - ZS;2025-06-28 06:28:00;OMV EVRO DIZEL;32.96;6,196.48;1,032.75;00069111;316084;316084;                  ;SR;KRAGUJEVAC ARS;OMV EVRO DIZEL;188.000;6,196.48;0.00;0.00;1,032.75;RSD;8915379951;2025-06-30;YES;NO;117;OMV-RS;;;;D;6,394.20;Yes;762912;2025-06-28;1;
710111;107258;218;BG 1200 - ZS;2025-06-30 16:21:00;OMV EVRO DIZEL;36.78;6,914.64;1,152.44;00080951;316583;316583;                  ;SR;CELIJE;OMV EVRO DIZEL;188.000;6,914.64;0.00;0.00;1,152.44;RSD;8915379951;2025-06-30;YES;NO;117;OMV-RS;;;;D;7,135.30;Yes;762201;2025-06-30;1;
710111;107258;218;BG 1200 - ZS;2025-07-04 15:26:00;OMV EVRO DIZEL;32.90;6,185.20;1,030.87;00083210;317078;317078;                  ;SR;CELIJE;OMV EVRO DIZEL;188.000;6,185.20;0.00;0.00;1,030.87;RSD;8915382357;2025-07-15;YES;NO;117;OMV-RS;;;;D;6,382.60;Yes;752644;2025-07-04;1;
710111;107258;218;BG 1200 - ZS;2025-07-09 05:42:00;OMV EVRO DIZEL;44.43;8,352.84;1,392.14;00074417;317719;317719;                  ;SR;KRAGUJEVAC ARS;OMV EVRO DIZEL;188.000;8,352.84;0.00;0.00;1,392.14;RSD;8915382357;2025-07-15;YES;NO;117;OMV-RS;;;;D;8,619.40;Yes;754314;2025-07-09;1;
710111;107258;218;BG 1200 - ZS;2025-07-11 06:25:00;OMV EVRO DIZEL;26.61;5,002.68;833.78;00075288;318145;318145;                  ;SR;KRAGUJEVAC ARS;OMV EVRO DIZEL;188.000;5,002.68;0.00;0.00;833.78;RSD;8915382357;2025-07-15;YES;NO;117;OMV-RS;;;;D;5,162.30;Yes;762554;2025-07-11;1;
710111;107258;218;BG 1200 - ZS;2025-07-12 17:03:00;OMV EVRO DIZEL;32.51;6,176.90;1,029.48;00076081;318567;318567;                  ;SR;KRAGUJEVAC ARS;OMV EVRO DIZEL;190.000;6,176.90;0.00;0.00;1,029.48;RSD;8915382357;2025-07-15;YES;NO;117;OMV-RS;;;;D;6,372.00;Yes;770400;2025-07-12;1;
710111;107258;218;BG 1200 - ZS;2025-07-15 09:36:00;OMV EVRO DIZEL;46.91;8,912.90;1,485.48;00077389;319312;319312;                  ;SR;KRAGUJEVAC ARS;OMV EVRO DIZEL;190.000;8,912.90;0.00;0.00;1,485.48;RSD;8915382357;2025-07-15;YES;NO;117;OMV-RS;;;;D;9,194.40;Yes;793659;2025-07-15;1;
710111;107258;218;BG 1200 - ZS;2025-07-20 10:43:00;OMV EVRO DIZEL;44.85;8,566.35;1,427.72;00092599;319978;319978;                  ;SR;CELIJE;OMV EVRO DIZEL;191.000;8,566.35;0.00;0.00;1,427.72;RSD;8915385043;2025-07-31;YES;NO;117;OMV-RS;;;;D;8,835.50;Yes;704337;2025-07-20;1;
710111;107258;218;BG 1200 - ZS;2025-07-24 09:11:00;OMV EVRO DIZEL;42.17;8,054.47;1,342.41;00081835;320502;320502;                  ;SR;KRAGUJEVAC ARS;OMV EVRO DIZEL;191.000;8,054.47;0.00;0.00;1,342.41;RSD;8915385043;2025-07-31;YES;NO;117;OMV-RS;;;;D;8,307.50;Yes;791114;2025-07-24;1;
710111;107258;218;BG 1200 - ZS;2025-07-28 11:08:00;OMV EVRO DIZEL;28.94;5,498.60;916.43;00083821;320944;320944;                  ;SR;KRAGUJEVAC ARS;OMV EVRO DIZEL;190.000;5,498.60;0.00;0.00;916.43;RSD;8915385043;2025-07-31;YES;NO;117;OMV-RS;;;;D;5,672.20;Yes;710910;2025-07-28;1;
710111;107258;218;BG 1200 - ZS;2025-08-01 07:21:00;OMV EVRO DIZEL;39.77;7,556.30;1,259.38;00085535;321507;321507;                  ;SR;KRAGUJEVAC ARS;OMV EVRO DIZEL;190.000;7,556.30;0.00;0.00;1,259.38;RSD;8915387463;2025-08-15;YES;NO;117;OMV-RS;;;;D;7,794.90;Yes;772145;2025-08-01;1;
710111;107258;218;BG 1200 - ZS;2025-08-06 07:50:00;OMV EVRO DIZEL;25.48;4,841.20;806.87;00035705;321929;321929;                  ;SR;BESKA 2;OMV EVRO DIZEL;190.000;4,841.20;0.00;0.00;806.87;RSD;8915387463;2025-08-15;YES;NO;217;OMV-RS;;;;D;4,994.10;Yes;775050;2025-08-06;1;
710111;107258;218;BG 1200 - ZS;2025-08-08 07:46:00;OMV EVRO DIZEL;27.83;5,259.87;876.64;00118256;322370;322370;                  ;SR;LAPOVO JUG;OMV EVRO DIZEL;189.000;5,259.87;0.00;0.00;876.64;RSD;8915387463;2025-08-15;YES;NO;217;OMV-RS;;;;D;5,454.70;Yes;774648;2025-08-08;1;
710111;107258;218;BG 1200 - ZS;2025-08-11 07:22:00;OMV EVRO DIZEL;40.22;7,480.92;1,246.82;00121634;322972;322972;                  ;SR;LAPOVO JUG;OMV EVRO DIZEL;186.000;7,480.92;0.00;0.00;1,246.82;RSD;8915387463;2025-08-15;YES;NO;217;OMV-RS;;;;D;7,762.50;Yes;772247;2025-08-11;1;
710111;107258;218;BG 1200 - ZS;2025-08-27 08:27:00;OMV EVRO DIZEL;47.24;8,739.40;1,456.57;00097635;323764;323764;                  ;SR;KRAGUJEVAC ARS;OMV EVRO DIZEL;185.000;8,739.40;0.00;0.00;1,456.57;RSD;8915390137;2025-08-31;YES;NO;117;OMV-RS;;;;D;9,070.10;Yes;782738;2025-08-27;1;
710111;107258;218;BG 1200 - ZS;2025-08-29 17:16:00;OMV EVRO DIZEL;25.91;4,819.26;803.21;00098927;323976;323976;                  ;SR;KRAGUJEVAC ARS;OMV EVRO DIZEL;186.000;4,819.26;0.00;0.00;803.21;RSD;8915390137;2025-08-31;YES;NO;117;OMV-RS;;;;D;5,000.60;Yes;771710;2025-08-29;1;
710111;107258;218;BG 1200 - ZS;2025-09-03 07:41:00;OMV EVRO DIZEL;43.06;8,009.16;1,334.86;00101121;324498;324498;                  ;SR;KRAGUJEVAC ARS;OMV EVRO DIZEL;186.000;8,009.16;0.00;0.00;1,334.86;RSD;8915392542;2025-09-15;YES;NO;117;OMV-RS;;;;D;8,310.60;Yes;774130;2025-09-03;1;
710111;107258;218;BG 1200 - ZS;2025-09-06 10:22:00;OMV EVRO DIZEL;37.15;6,947.05;1,157.84;00102664;324982;324982;                  ;SR;KRAGUJEVAC ARS;OMV EVRO DIZEL;187.000;6,947.05;0.00;0.00;1,157.84;RSD;8915392542;2025-09-15;YES;NO;117;OMV-RS;;;;D;7,207.10;Yes;702248;2025-09-06;1;
710111;107258;218;BG 1200 - ZS;2025-09-08 20:30:00;OMV EVRO DIZEL;38.08;7,120.96;1,186.83;00122728;325487;325487;                  ;SR;CELIJE;OMV EVRO DIZEL;187.000;7,120.96;0.00;0.00;1,186.83;RSD;8915392542;2025-09-15;YES;NO;117;OMV-RS;;;;D;7,387.50;Yes;703021;2025-09-08;1;
710111;107258;218;BG 1200 - ZS;2025-09-12 08:40:00;OMV EVRO DIZEL;29.30;5,479.10;913.18;00105413;325852;325852;                  ;SR;KRAGUJEVAC ARS;OMV EVRO DIZEL;187.000;5,479.10;0.00;0.00;913.18;RSD;8915392542;2025-09-15;YES;NO;117;OMV-RS;;;;D;5,684.20;Yes;784030;2025-09-12;1;
710111;107258;218;BG 1200 - ZS;2025-09-15 11:37:00;OMV EVRO DIZEL;30.50;5,703.50;950.58;00106804;326291;326291;                  ;SR;KRAGUJEVAC ARS;OMV EVRO DIZEL;187.000;5,703.50;0.00;0.00;950.58;RSD;8915392542;2025-09-15;YES;NO;117;OMV-RS;;;;D;5,917.00;Yes;713753;2025-09-15;1;
710111;107258;218;BG 1200 - ZS;2025-09-17 17:26:00;OMV EVRO DIZEL;31.68;5,924.16;987.36;00127614;326782;326782;                  ;SR;CELIJE;OMV EVRO DIZEL;187.000;5,924.16;0.00;0.00;987.36;RSD;8915395222;2025-09-30;YES;NO;117;OMV-RS;;;;D;6,145.90;Yes;772658;2025-09-17;1;
710111;107258;218;BG 1200 - ZS;2025-09-20 07:53:00;OMV EVRO DIZEL;35.65;6,702.20;1,117.03;00108991;327319;327319;                  ;SR;KRAGUJEVAC ARS;OMV EVRO DIZEL;188.000;6,702.20;0.00;0.00;1,117.03;RSD;8915395222;2025-09-30;YES;NO;117;OMV-RS;;;;D;6,951.80;Yes;775405;2025-09-20;1;
710111;107258;218;BG 1200 - ZS;2025-09-21 08:06:00;OMV EVRO DIZEL;25.31;4,758.28;793.05;00109398;327641;327641;                  ;SR;KRAGUJEVAC ARS;OMV EVRO DIZEL;188.000;4,758.28;0.00;0.00;793.05;RSD;8915395222;2025-09-30;YES;NO;117;OMV-RS;;;;D;4,935.50;Yes;780616;2025-09-21;1;
710111;107258;218;BG 1200 - ZS;2025-09-24 09:57:00;OMV EVRO DIZEL;42.37;7,965.56;1,327.59;00122752;328278;328278;                  ;SR;ADA CIGANLIJA;OMV EVRO DIZEL;188.000;7,965.56;0.00;0.00;1,327.59;RSD;8915395222;2025-09-30;YES;NO;217;OMV-RS;;;;D;8,262.20;Yes;795725;2025-09-24;1;
710111;107258;218;BG 1200 - ZS;2025-09-26 11:13:00;OMV EVRO DIZEL;26.79;5,036.52;839.42;00111728;328639;328639;                  ;SR;KRAGUJEVAC ARS;OMV EVRO DIZEL;188.000;5,036.52;0.00;0.00;839.42;RSD;8915395222;2025-09-30;YES;NO;117;OMV-RS;;;;D;5,224.10;Yes;711340;2025-09-26;1;
710111;107258;382;BG 2161 - XH;2025-10-07 11:40:00;OMV EVRO DIZEL;40.61;7,634.68;1,272.45;00148163;108229;108229;                  ;SR;LAPOVO SEVER;OMV EVRO DIZEL;188.000;7,634.68;0.00;0.00;1,272.45;RSD;8915397668;2025-10-15;YES;NO;217;OMV-RS;;;;D;7,919.00;Yes;714104;2025-10-07;1;
710111;107258;382;BG 2161 - XH;2025-10-21 08:58:00;OMV EVRO DIZEL;45.87;8,531.82;1,421.97;00178657;109000;109000;                  ;SR;BUBANJ POTOK;OMV EVRO DIZEL;186.000;8,531.82;0.00;0.00;1,421.97;RSD;8915400359;2025-10-31;YES;NO;217;OMV-RS;;;;D;8,807.00;Yes;785902;2025-10-21;1;
710111;107258;382;BG 2161 - XH;2025-10-22 09:50:00;OMV EVRO DIZEL;52.95;9,848.70;1,641.45;00102811;109700;109700;                  ;SR;LAPOVO JUG;OMV EVRO DIZEL;186.000;9,848.70;0.00;0.00;1,641.45;RSD;8915400359;2025-10-31;YES;NO;217;OMV-RS;;;;D;10,166.40;Yes;795125;2025-10-22;1;
710111;107258;382;BG 2161 - XH;2025-10-23 12:45:00;OMV EVRO DIZEL;36.72;6,829.92;1,138.32;00141032;110245;110245;                  ;SR;LOZNICA;OMV EVRO DIZEL;186.000;6,829.92;0.00;0.00;1,138.32;RSD;8915400359;2025-10-31;YES;NO;117;OMV-RS;;;;D;7,050.20;Yes;724656;2025-10-23;1;
710111;107258;382;BG 2161 - XH;2025-10-29 09:43:00;OMV EVRO DIZEL;49.02;9,191.25;1,531.87;00061743;110997;110997;                  ;SR;BESKA 2;OMV EVRO DIZEL;187.500;9,191.25;0.00;0.00;1,531.87;RSD;8915400359;2025-10-31;YES;NO;217;OMV-RS;;;;D;9,460.90;Yes;794349;2025-10-29;1;
710111;107258;382;BG 2161 - XH;2025-11-05 09:32:00;OMV EVRO DIZEL;57.83;11,016.62;1,836.10;00106640;111861;111861;                  ;SR;LAPOVO JUG;OMV EVRO DIZEL;190.500;11,016.62;0.00;0.00;1,836.10;RSD;8915402843;2025-11-15;YES;NO;217;OMV-RS;;;;D;11,334.70;Yes;793314;2025-11-05;1;
710111;107258;382;BG 2161 - XH;2025-11-06 11:57:00;OMV EVRO DIZEL;52.81;10,086.71;1,681.12;00166063;112577;112577;                  ;SR;LAPOVO SEVER;OMV EVRO DIZEL;191.000;10,086.71;0.00;0.00;1,681.12;RSD;8915402843;2025-11-15;YES;NO;217;OMV-RS;;;;D;10,350.80;Yes;715722;2025-11-06;1;
710111;107258;382;BG 2161 - XH;2025-11-14 10:08:00;OMV EVRO DIZEL;49.45;9,593.30;1,598.88;00430160;113302;113302;                  ;SR;ADA CIGANLIJA;OMV EVRO DIZEL;194.000;9,593.30;0.00;0.00;1,598.88;RSD;8915402843;2025-11-15;YES;NO;217;OMV-RS;;;;D;9,791.10;Yes;700758;2025-11-14;1;
710111;107258;382;BG 2161 - XH;2025-11-17 09:51:00;ED MAXXMOTION;30.95;6,867.80;1,144.63;00187002;113750;113750;                  ;SR;BESKA 2;ED MAXXMOTION;221.900;6,867.80;0.00;0.00;1,144.63;RSD;8915405535;2025-11-30;YES;NO;217;OMV-RS;;;;D;0.00;No;795115;2025-11-17;1;
710111;107258;382;BG 2161 - XH;2025-11-19 09:34:00;OMV EVRO DIZEL;41.00;8,077.00;1,346.17;00158113;114300;114300;                  ;SR;BACKA TOPOLA 2;OMV EVRO DIZEL;197.000;8,077.00;0.00;0.00;1,346.17;RSD;8915405535;2025-11-30;YES;NO;217;OMV-RS;;;;D;8,241.00;Yes;793754;2025-11-19;1;
710111;107258;382;BG 2161 - XH;2025-11-25 15:06:00;OMV EVRO DIZEL;53.64;10,728.00;1,788.00;00125342;115000;115000;                  ;SR;LAPOVO SEVER;OMV EVRO DIZEL;200.000;10,728.00;0.00;0.00;1,788.00;RSD;8915405535;2025-11-30;YES;NO;217;OMV-RS;;;;D;10,942.60;Yes;750632;2025-11-25;1;
710111;107258;382;BG 2161 - XH;2025-12-08 10:35:00;OMV EVRO DIZEL;32.90;6,382.60;1,063.77;00114693;115424;115424;                  ;SR;LAPOVO JUG;OMV EVRO DIZEL;194.000;6,382.60;0.00;0.00;1,063.77;RSD;8915408077;2025-12-15;YES;NO;217;OMV-RS;;;;D;6,514.20;Yes;703705;2025-12-08;1;
710111;107258;382;BG 2161 - XH;2025-12-09 14:56:00;OMV EVRO DIZEL;57.42;11,139.48;1,856.58;00215026;116209;116209;                  ;SR;BESKA 1;OMV EVRO DIZEL;194.000;11,139.48;0.00;0.00;1,856.58;RSD;8915408077;2025-12-15;YES;NO;217;OMV-RS;;;;D;11,369.16;Yes;745629;2025-12-09;1;
710111;107258;382;BG 2161 - XH;2025-12-11 17:29:00;OMV EVRO DIZEL;58.41;11,214.72;1,869.12;00143368;117050;117050;                  ;SR;PARACIN;OMV EVRO DIZEL;192.000;11,214.72;0.00;0.00;1,869.12;RSD;8915408077;2025-12-15;YES;NO;117;OMV-RS;;;;D;11,565.18;Yes;772952;2025-12-11;1;
710111;107258;382;BG 2161 - XH;2025-12-16 09:22:00;EDMAXXM ZIMSKI;32.69;6,796.25;1,132.71;00161845;117470;117470;                  ;SR;ADA CIGANLIJA;EDMAXXM ZIMSKI;207.900;6,796.25;0.00;0.00;1,132.71;RSD;8915410794;2025-12-31;YES;NO;217;OMV-RS;;;;D;0.00;No;792223;2025-12-16;1;
710111;107258;382;BG 2161 - XH;2025-12-23 07:59:00;OMV EVRO DIZEL;25.18;4,771.61;795.27;00165395;117837;117837;                  ;SR;ADA CIGANLIJA;OMV EVRO DIZEL;189.500;4,771.61;0.00;0.00;795.27;RSD;8915410794;2025-12-31;YES;NO;217;OMV-RS;;;;D;4,935.28;Yes;775939;2025-12-23;1;
710111;107258;382;BG 2161 - XH;2025-12-30 09:39:00;OMV EVRO DIZEL;47.87;8,975.63;1,495.94;00091353;118485;118485;                  ;SR;RUMA;OMV EVRO DIZEL;187.500;8,975.63;0.00;0.00;1,495.94;RSD;8915410794;2025-12-31;YES;NO;217;OMV-RS;;;;D;9,286.78;Yes;793949;2025-12-30;1;
710111;107258;382;BG 2161 - XH;2026-01-28 15:09:00;OMV EVRO DIZEL;48.15;8,979.98;1,496.66;00096215;119301;119301;                  ;SR;JURIJA GAGARINA;OMV EVRO DIZEL;186.500;8,979.98;0.00;0.00;1,496.66;RSD;8916354637;2026-01-31;YES;NO;217;OMV-RS;;;;D;9,292.95;Yes;751002;2026-01-28;1;
710111;107258;382;BG 2161 - XH;2026-02-10 11:10:00;OMV EVRO DIZEL;48.43;9,177.49;1,529.58;00180221;119987;119987;                  ;SR;MARTINCI 2;OMV EVRO DIZEL;189.500;9,177.49;0.00;0.00;1,529.58;RSD;8916357592;2026-02-15;YES;NO;217;OMV-RS;;;;D;9,492.28;Yes;711114;2026-02-10;1;
710111;107258;382;BG 2161 - XH;2026-02-23 11:05:00;OMV EVRO DIZEL;43.76;8,358.16;1,393.03;00251965;120606;120606;                  ;SR;DOBANOVCI-SURCIN;OMV EVRO DIZEL;191.000;8,358.16;0.00;0.00;1,393.03;RSD;8916360516;2026-02-28;YES;NO;217;OMV-RS;;;;D;8,664.48;Yes;710517;2026-02-23;1;
710111;107258;382;BG 2161 - XH;2026-02-26 12:15:00;OMV EVRO DIZEL;58.02;11,081.82;1,846.97;00112909;121350;121350;                  ;SR;RAZANJ;OMV EVRO DIZEL;191.000;11,081.82;0.00;0.00;1,846.97;RSD;8916360516;2026-02-28;YES;NO;217;OMV-RS;;;;D;11,487.96;Yes;721610;2026-02-26;1;
710111;107258;382;BG 2161 - XH;2026-03-04 11:20:00;OMV EVRO DIZEL;33.86;6,534.98;1,089.16;00128418;121815;121815;                  ;SR;DOBANOVCI-SURCIN;OMV EVRO DIZEL;193.000;6,534.98;0.00;0.00;1,089.16;RSD;8916363465;2026-03-15;YES;NO;217;OMV-RS;;;;D;6,772.00;Yes;712116;2026-03-04;1;
710111;107258;382;BG 2161 - XH;2026-03-11 08:56:00;OMV EVRO DIZEL;38.18;7,750.54;1,291.76;00124076;122600;122600;                  ;SR;BUBANJ POTOK;OMV EVRO DIZEL;203.000;7,750.54;0.00;0.00;1,291.76;RSD;8916363465;2026-03-15;YES;NO;217;OMV-RS;;;;D;7,750.54;Yes;785622;2026-03-11;1;
710111;107258;382;BG 2161 - XH;2026-03-13 07:18:00;OMV EVRO DIZEL;49.19;9,985.57;1,664.26;00147540;123335;123335;                  ;SR;JURIJA GAGARINA;OMV EVRO DIZEL;203.000;9,985.57;0.00;0.00;1,664.26;RSD;8916366460;2026-03-31;YES;NO;217;OMV-RS;;;;D;9,985.57;Yes;771828;2026-03-13;1;
710111;107258;382;BG 2161 - XH;2026-03-18 15:05:00;OMV EVRO DIZEL;48.15;10,015.20;1,669.20;00156634;124026;124026;                  ;SR;LAPOVO SEVER;OMV EVRO DIZEL;208.000;10,015.20;0.00;0.00;1,669.20;RSD;8916366460;2026-03-31;YES;NO;217;OMV-RS;;;;D;10,015.20;Yes;750554;2026-03-18;1;
710111;107258;382;BG 2161 - XH;2026-03-24 09:48:00;OMV EVRO DIZEL;56.09;11,891.08;1,981.85;00231715;124834;124834;                  ;SR;ADA CIGANLIJA;OMV EVRO DIZEL;212.000;11,891.08;0.00;0.00;1,981.85;RSD;8916366460;2026-03-31;YES;NO;217;OMV-RS;;;;D;11,891.08;Yes;794904;2026-03-24;1;
710111;107258;382;BG 2161 - XH;2026-03-31 10:29:00;OMV EVRO DIZEL;52.74;11,233.62;1,872.27;00281874;125639;125639;                  ;SR;ALEKSINAC;OMV EVRO DIZEL;213.000;11,233.62;0.00;0.00;1,872.27;RSD;8916366460;2026-03-31;YES;NO;217;OMV-RS;;;;D;11,233.62;Yes;702939;2026-03-31;1;
710111;107258;382;BG 2161 - XH;2026-04-02 07:23:00;OMV EVRO DIZEL;43.28;9,218.64;1,536.44;00237163;126193;126193;                  ;SR;ADA CIGANLIJA;OMV EVRO DIZEL;213.000;9,218.64;0.00;0.00;1,536.44;RSD;8916369392;2026-04-09;YES;NO;217;OMV-RS;;;;D;9,218.64;Yes;772315;2026-04-02;1;
710111;107258;382;BG 2161 - XH;2026-04-16 08:51:00;OMV EVRO DIZEL;43.82;9,508.94;1,584.82;00322082;126800;126800;                  ;SR;KRUSEVAC;OMV EVRO DIZEL;217.000;9,508.94;0.00;0.00;1,584.82;RSD;8916372386;2026-04-30;YES;NO;117;OMV-RS;;;;D;9,508.94;Yes;785204;2026-04-16;1;
710111;107258;382;BG 2161 - XH;2026-04-23 11:21:00;OMV EVRO DIZEL;47.42;10,290.14;1,715.02;00210904;127525;127525;                  ;SR;MARTINCI 2;OMV EVRO DIZEL;217.000;10,290.14;0.00;0.00;1,715.02;RSD;8916372386;2026-04-30;YES;NO;217;OMV-RS;;;;D;10,290.14;Yes;712154;2026-04-23;1;
710111;107258;382;BG 2161 - XH;2026-04-28 08:25:00;OMV EVRO DIZEL;47.69;10,444.11;1,740.68;00255030;128150;128150;                  ;SR;ADA CIGANLIJA;OMV EVRO DIZEL;219.000;10,444.11;0.00;0.00;1,740.68;RSD;8916372386;2026-04-30;YES;NO;217;OMV-RS;;;;D;10,444.11;Yes;782541;2026-04-28;1;
710111;107258;382;BG 2161 - XH;2026-05-04 15:00:00;OMV EVRO DIZEL;52.98;11,708.58;1,951.43;00306512;128891;128891;                  ;SR;BESKA 1;OMV EVRO DIZEL;221.000;11,708.58;0.00;0.00;1,951.43;RSD;8916375402;2026-05-15;YES;NO;217;OMV-RS;;;;D;11,708.58;Yes;750109;2026-05-04;1;
710111;107258;382;BG 2161 - XH;2026-05-08 11:41:00;ED MAXXMOTION;10.02;2,493.98;415.66;00172838;129584;129584;                  ;SR;LAPOVO SEVER;ED MAXXMOTION;248.900;2,493.98;0.00;0.00;415.66;RSD;8916375402;2026-05-15;YES;NO;217;OMV-RS;;;;D;0.00;No;714126;2026-05-08;1;
710111;107258;382;BG 2161 - XH;2026-05-11 08:54:00;OMV EVRO DIZEL;52.21;11,642.83;1,940.47;00234524;129695;129695;                  ;SR;ADA CIGANLIJA;OMV EVRO DIZEL;223.000;11,642.83;0.00;0.00;1,940.47;RSD;8916375402;2026-05-15;YES;NO;217;OMV-RS;;;;D;11,642.83;Yes;785435;2026-05-11;1;
710111;107258;382;BG 2161 - XH;2026-05-13 08:25:00;OMV EVRO DIZEL;37.83;8,436.09;1,406.01;00235548;130193;130193;                  ;SR;ADA CIGANLIJA;OMV EVRO DIZEL;223.000;8,436.09;0.00;0.00;1,406.01;RSD;8916375402;2026-05-15;YES;NO;217;OMV-RS;;;;D;8,436.09;Yes;782605;2026-05-13;1;
710111;107258;382;BG 2161 - XH;2026-05-14 15:35:00;OMV EVRO DIZEL;49.66;11,074.18;1,845.70;00211881;130929;130929;                  ;SR;PARACIN;OMV EVRO DIZEL;223.000;11,074.18;0.00;0.00;1,845.70;RSD;8916375402;2026-05-15;YES;NO;117;OMV-RS;;;;D;11,074.18;Yes;753613;2026-05-14;1;
710111;107258;382;BG 2161 - XH;2026-05-18 10:20:00;OMV EVRO DIZEL;42.82;9,548.86;1,591.48;00018874;131600;131600;                  ;SR;KRUSEVAC;OMV EVRO DIZEL;223.000;9,548.86;0.00;0.00;1,591.48;RSD;8916378386;2026-05-31;YES;NO;117;OMV-RS;;;;D;9,548.86;Yes;702113;2026-05-18;1;
710111;107258;382;BG 2161 - XH;2026-05-21 08:49:00;OMV EVRO DIZEL;45.08;9,895.06;1,649.18;00239649;132204;132204;                  ;SR;ADA CIGANLIJA;OMV EVRO DIZEL;219.500;9,895.06;0.00;0.00;1,649.18;RSD;8916378386;2026-05-31;YES;NO;217;OMV-RS;;;;D;10,052.84;Yes;785000;2026-05-21;1;
710111;107258;382;BG 2161 - XH;2026-05-26 15:26:00;OMV EVRO DIZEL;58.64;12,988.76;2,164.79;00148555;132907;132907;                  ;SR;DOBANOVCI-SURCIN;OMV EVRO DIZEL;221.500;12,988.76;0.00;0.00;2,164.79;RSD;8916378386;2026-05-31;YES;NO;217;OMV-RS;;;;D;13,194.00;Yes;752647;2026-05-26;1;
710111;107258;382;BG 2161 - XH;2026-06-05 10:54:00;OMV EVRO DIZEL;58.99;12,889.32;2,148.22;00282457;133781;133781;                  ;SR;ADA CIGANLIJA;OMV EVRO DIZEL;218.500;12,889.32;0.00;0.00;2,148.22;RSD;8916381034;2026-06-15;YES;NO;217;OMV-RS;;;;D;13,095.78;Yes;705441;2026-06-05;1;
710111;107258;382;BG 2161 - XH;2026-06-12 08:37:00;OMV EVRO DIZEL;53.35;11,576.95;1,929.49;00059231;134550;134550;                  ;SR;BUBANJ POTOK;OMV EVRO DIZEL;217.000;11,576.95;0.00;0.00;1,929.49;RSD;8916381034;2026-06-15;YES;NO;217;OMV-RS;;;;D;11,843.70;Yes;783721;2026-06-12;1;
710111;107258;382;BG 2161 - XH;2026-06-23 11:36:00;OMV EVRO DIZEL;36.89;7,783.79;1,297.30;00295120;0;0;                  ;SR;ADA CIGANLIJA;OMV EVRO DIZEL;211.000;7,783.79;0.00;0.00;1,297.30;RSD;8916386380;2026-06-28;YES;NO;217;OMV-RS;;;;D;8,005.13;Yes;713640;2026-06-23;1;
710111;107258;382;BG 2161 - XH;2026-07-08 09:52:00;OMV EVRO DIZEL;47.07;10,025.91;1,670.98;00201876;135690;135690;                  ;SR;JURIJA GAGARINA;OMV EVRO DIZEL;213.000;10,025.91;0.00;0.00;1,670.98;RSD;8916391266;2026-07-12;YES;NO;217;OMV-RS;;;;D;10,308.33;Yes;795222;2026-07-08;1;
710111;107258;382;BG 2161 - XH;2026-07-13 20:42:00;OMV EVRO DIZEL;33.24;7,146.60;1,191.10;00276988;136141;136141;                  ;SR;JURIJA GAGARINA;OMV EVRO DIZEL;215.000;7,146.60;0.00;0.00;1,191.10;RSD;8916393376;2026-07-15;YES;NO;217;OMV-RS;;;;D;7,312.80;Yes;704247;2026-07-13;1;
710111;107258;382;BG 2161 - XH;2026-07-15 12:08:00;OMV EVRO DIZEL;47.97;10,313.55;1,718.92;00083051;136810;136810;                  ;SR;BUBANJ POTOK;OMV EVRO DIZEL;215.000;10,313.55;0.00;0.00;1,718.92;RSD;8916393376;2026-07-15;YES;NO;217;OMV-RS;;;;D;10,553.40;Yes;720836;2026-07-15;1;
710111;107258;382;BG 2161 - XH;2026-07-27 08:19:00;OMV EVRO DIZEL;39.64;8,760.44;1,460.07;00281986;137245;137245;                  ;SR;ADA CIGANLIJA;OMV EVRO DIZEL;221.000;8,760.44;0.00;0.00;1,460.07;RSD;;;NO;NO;217;OMV-RS;;;;D;8,879.36;Yes;781947;2026-07-27;1;
710111;107258;382;BG 2161 - XH;2026-07-29 17:06:00;OMV EVRO DIZEL;45.94;10,198.68;1,699.78;00138925;137960;137960;                  ;SR;JURIJA GAGARINA;OMV EVRO DIZEL;222.000;10,198.68;0.00;0.00;1,699.78;RSD;;;NO;NO;217;OMV-RS;;;;D;10,290.56;Yes;770702;2026-07-29;1;
710111;107258;127;BG 2161 - XH;2024-02-05 16:05:00;EDMAXXM ZIMSKI;37.35;7,765.10;1,294.18;00212982;61335;61335;                  ;SR;PALIC;EDMAXXM ZIMSKI;207.901;7,765.10;0.00;0.00;1,294.18;RSD;8914357027;2024-02-15;YES;NO;117;OMV-RS;;;;D;0.00;No;760606;2024-02-05;1;
710111;107258;127;BG 2161 - XH;2024-02-22 09:15:00;EDMAXXM ZIMSKI;55.21;12,361.50;2,060.25;00418200;62000;62000;                  ;SR;BESKA 2;EDMAXXM ZIMSKI;223.900;12,361.50;0.00;0.00;2,060.25;RSD;8914359644;2024-02-29;YES;NO;217;OMV-RS;;;;D;0.00;No;791610;2024-02-22;1;
710111;107258;127;BG 2161 - XH;2024-02-29 08:39:00;EDMAXXM ZIMSKI;42.57;9,574.00;1,595.67;00393751;62600;62600;                  ;SR;LAPOVO JUG;EDMAXXM ZIMSKI;224.900;9,574.00;0.00;0.00;1,595.67;RSD;8914359644;2024-02-29;YES;NO;217;OMV-RS;;;;D;0.00;No;783942;2024-02-29;1;
710111;107258;127;BG 2161 - XH;2024-03-04 08:19:00;EDMAXXM ZIMSKI;46.78;10,520.80;1,753.47;00424311;63275;63275;                  ;SR;BESKA 2;EDMAXXM ZIMSKI;224.900;10,520.80;0.00;0.00;1,753.47;RSD;8914361928;2024-03-15;YES;NO;217;OMV-RS;;;;D;0.00;No;781933;2024-03-04;1;
710111;107258;127;BG 2161 - XH;2024-03-07 14:34:00;EDMAXXM ZIMSKI;46.89;10,451.80;1,741.97;00148542;64000;64000;                  ;SR;BESKA 1;EDMAXXM ZIMSKI;222.900;10,451.80;0.00;0.00;1,741.97;RSD;8914361928;2024-03-15;YES;NO;217;OMV-RS;;;;D;0.00;No;743432;2024-03-07;1;
710111;107258;127;BG 2161 - XH;2024-03-12 18:31:00;EDMAXXM ZIMSKI;49.68;10,974.30;1,829.05;00423446;64700;64700;                  ;SR;BESKA 1;EDMAXXM ZIMSKI;220.900;10,974.30;0.00;0.00;1,829.05;RSD;8914361928;2024-03-15;YES;NO;217;OMV-RS;;;;D;0.00;No;783150;2024-03-12;1;
710111;107258;127;BG 2161 - XH;2024-03-18 14:31:00;EDMAXXM ZIMSKI;56.95;12,409.40;2,068.23;00426627;65500;65500;                  ;SR;BESKA 1;EDMAXXM ZIMSKI;217.900;12,409.40;0.00;0.00;2,068.23;RSD;8914364543;2024-03-31;YES;NO;217;OMV-RS;;;;D;0.00;No;743153;2024-03-18;1;
710111;107258;127;BG 2161 - XH;2024-03-29 08:50:00;ED MAXXMOTION;45.26;9,454.80;1,575.80;00420076;66100;66100;                  ;SR;ADA CIGANLIJA;ED MAXXMOTION;208.900;9,454.80;0.00;0.00;1,575.80;RSD;8914364543;2024-03-31;YES;NO;217;OMV-RS;;;;D;0.00;No;785612;2024-03-29;1;
710111;107258;127;BG 2161 - XH;2024-04-09 09:10:00;ED MAXXMOTION;52.60;11,251.10;1,875.18;00226068;66900;66900;                  ;SR;METRO;ED MAXXMOTION;213.899;11,251.10;0.00;0.00;1,875.18;RSD;8914366835;2024-04-15;YES;NO;217;OMV-RS;;;;D;0.00;No;791059;2024-04-09;1;
710111;107258;127;BG 2161 - XH;2024-04-23 09:57:00;ED MAXXMOTION;37.09;7,933.60;1,322.27;00000494;67500;67500;                  ;SR;JURIJA GAGARINA;ED MAXXMOTION;213.901;7,933.60;0.00;0.00;1,322.27;RSD;8914369474;2024-04-30;YES;NO;217;OMV-RS;;;;D;0.00;No;795808;2024-04-23;1;
710111;107258;127;BG 2161 - XH;2024-04-29 11:01:00;ED MAXXMOTION;53.23;12,077.90;2,012.98;00354013;68275;68275;                  ;SR;RUMA;ED MAXXMOTION;226.900;12,077.90;0.00;0.00;2,012.98;RSD;8914369474;2024-04-30;YES;NO;217;OMV-RS;;;;D;0.00;No;710122;2024-04-29;1;
710111;107258;127;BG 2161 - XH;2024-05-16 12:55:00;ED MAXXMOTION;57.75;12,410.50;2,068.42;00392651;69055;69055;                  ;SR;BUBANJ POTOK;ED MAXXMOTION;214.900;12,410.50;0.00;0.00;2,068.42;RSD;8914374363;2024-05-31;YES;NO;217;OMV-RS;;;;D;0.00;No;725521;2024-05-16;1;
710111;107258;127;BG 2161 - XH;2024-05-30 10:03:00;ED MAXXMOTION;40.54;8,468.80;1,411.47;00260245;69679;69679;                  ;SR;TRSTENIK;ED MAXXMOTION;208.900;8,468.80;0.00;0.00;1,411.47;RSD;8914374363;2024-05-31;YES;NO;117;OMV-RS;;;;D;0.00;No;700353;2024-05-30;1;
710111;107258;127;BG 2161 - XH;2024-06-11 09:53:00;ED MAXXMOTION;46.84;10,300.10;1,716.68;00452161;70355;70355;                  ;SR;LAPOVO JUG;ED MAXXMOTION;219.900;10,300.10;0.00;0.00;1,716.68;RSD;8914376641;2024-06-15;YES;NO;217;OMV-RS;;;;D;0.00;No;795401;2024-06-11;1;
710111;107258;127;BG 2161 - XH;2024-06-18 07:04:00;ED MAXXMOTION;59.12;12,409.30;2,068.22;00424902;71097;71097;                  ;SR;JURIJA GAGARINA;ED MAXXMOTION;209.900;12,409.30;0.00;0.00;2,068.22;RSD;8914379249;2024-06-30;YES;NO;217;OMV-RS;;;;D;0.00;No;770449;2024-06-18;1;
710111;107258;127;BG 2161 - XH;2024-06-19 09:44:00;ED MAXXMOTION;28.47;5,975.90;995.98;00371251;71550;71550;                  ;SR;VRANJE;ED MAXXMOTION;209.902;5,975.90;0.00;0.00;995.98;RSD;8914379249;2024-06-30;YES;NO;117;OMV-RS;;;;D;0.00;No;794428;2024-06-19;1;
710111;107258;127;BG 2161 - XH;2024-06-24 12:48:00;ED MAXXMOTION;52.44;11,793.80;1,965.63;00383009;72350;72350;                  ;SR;LAPOVO SEVER;ED MAXXMOTION;224.901;11,793.80;0.00;0.00;1,965.63;RSD;8914379249;2024-06-30;YES;NO;217;OMV-RS;;;;D;0.00;No;725631;2024-06-24;1;
710111;107258;127;BG 2161 - XH;2024-07-16 08:32:00;ED MAXXMOTION;45.89;10,596.00;1,766.00;00194437;72893;72893;                  ;SR;LAPOVO JUG;ED MAXXMOTION;230.900;10,596.00;0.00;0.00;1,766.00;RSD;8914384146;2024-07-31;YES;NO;217;OMV-RS;;;;D;0.00;No;783237;2024-07-16;1;
710111;107258;127;BG 2161 - XH;2024-07-18 06:44:00;OMV EVRO DIZEL;45.79;8,837.47;1,472.91;00445294;73492;73492;                  ;SR;JURIJA GAGARINA;OMV EVRO DIZEL;193.000;8,837.47;0.00;0.00;1,472.91;RSD;8914384146;2024-07-31;YES;NO;217;OMV-RS;;;;D;9,524.30;Yes;764452;2024-07-18;1;
710111;107258;127;BG 2161 - XH;2024-07-24 07:00:00;OMV EVRO DIZEL;49.38;9,382.20;1,563.70;00307688;74167;74167;                  ;SR;JURIJA GAGARINA;OMV EVRO DIZEL;190.000;9,382.20;0.00;0.00;1,563.70;RSD;8914384146;2024-07-31;YES;NO;217;OMV-RS;;;;D;10,122.90;Yes;770054;2024-07-24;1;
710111;107258;127;BG 2161 - XH;2024-07-26 12:46:00;OMV EVRO DIZEL;56.85;10,801.50;1,800.25;00399973;74988;74988;                  ;SR;LAPOVO SEVER;OMV EVRO DIZEL;190.000;10,801.50;0.00;0.00;1,800.25;RSD;8914384146;2024-07-31;YES;NO;217;OMV-RS;;;;D;11,654.30;Yes;725508;2024-07-26;1;
710111;107258;127;BG 2161 - XH;2024-08-02 06:49:00;OMV EVRO DIZEL;56.11;10,548.68;1,758.11;00454423;75705;75705;                  ;SR;JURIJA GAGARINA;OMV EVRO DIZEL;188.000;10,548.68;0.00;0.00;1,758.11;RSD;8914386444;2024-08-15;YES;NO;217;OMV-RS;;;;D;11,334.20;Yes;764958;2024-08-02;1;
710111;107258;127;BG 2161 - XH;2024-08-15 11:47:00;OMV EVRO DIZEL;53.38;9,821.92;1,636.99;00215643;76500;76500;                  ;SR;CACAK;OMV EVRO DIZEL;184.000;9,821.92;0.00;0.00;1,636.99;RSD;8914386444;2024-08-15;YES;NO;217;OMV-RS;;;;D;10,569.20;Yes;714809;2024-08-15;1;
710111;107258;127;BG 2161 - XH;2024-09-11 13:39:00;OMV EVRO DIZEL;54.09;9,709.16;1,618.19;00201935;77090;77090;                  ;SR;BESKA 1;OMV EVRO DIZEL;179.500;9,709.16;0.00;0.00;1,618.19;RSD;8914391411;2024-09-15;YES;NO;217;OMV-RS;;;;D;10,493.50;Yes;733929;2024-09-11;1;
710111;107258;127;BG 2161 - XH;2024-09-23 11:47:00;OMV EVRO DIZEL;54.39;9,599.84;1,599.97;00564432;77826;77826;                  ;SR;ALEKSINAC;OMV EVRO DIZEL;176.500;9,599.84;0.00;0.00;1,599.97;RSD;8914394055;2024-09-30;YES;NO;217;OMV-RS;;;;D;10,334.10;Yes;714818;2024-09-23;1;
710111;107258;127;BG 2161 - XH;2024-09-26 10:09:00;OMV EVRO DIZEL;44.03;7,815.33;1,302.55;00327901;78445;78445;                  ;SR;JURIJA GAGARINA;OMV EVRO DIZEL;177.500;7,815.33;0.00;0.00;1,302.55;RSD;8914394055;2024-09-30;YES;NO;217;OMV-RS;;;;D;8,365.70;Yes;700939;2024-09-26;1;
710111;107258;127;BG 2161 - XH;2024-10-08 09:43:00;OMV EVRO DIZEL;41.36;7,382.76;1,230.46;00573673;79031;79031;                  ;SR;ALEKSINAC;OMV EVRO DIZEL;178.500;7,382.76;0.00;0.00;1,230.46;RSD;8914396403;2024-10-15;YES;NO;217;OMV-RS;;;;D;7,899.80;Yes;794325;2024-10-08;1;
710111;107258;127;BG 2161 - XH;2024-10-09 11:06:00;OMV EVRO DIZEL;29.40;5,409.60;901.60;00340428;79422;79422;                  ;SR;JURIJA GAGARINA;OMV EVRO DIZEL;184.000;5,409.60;0.00;0.00;901.60;RSD;8914396403;2024-10-15;YES;NO;217;OMV-RS;;;;D;5,615.40;Yes;710631;2024-10-09;1;
710111;107258;127;BG 2161 - XH;2024-10-17 09:23:00;OMV EVRO DIZEL;49.53;9,262.11;1,543.68;00103172;80050;80050;                  ;SR;JURIJA GAGARINA;OMV EVRO DIZEL;187.000;9,262.11;0.00;0.00;1,543.68;RSD;8914399056;2024-10-31;YES;NO;217;OMV-RS;;;;D;9,608.80;Yes;792344;2024-10-17;1;
710111;107258;127;BG 2161 - XH;2024-10-23 13:21:00;OMV EVRO DIZEL;47.63;8,954.44;1,492.41;00333709;80731;80731;                  ;SR;ADA CIGANLIJA;OMV EVRO DIZEL;188.000;8,954.44;0.00;0.00;1,492.41;RSD;8914399056;2024-10-31;YES;NO;217;OMV-RS;;;;D;9,287.90;Yes;732129;2024-10-23;1;
710111;107258;127;BG 2161 - XH;2024-10-29 11:52:00;OMV EVRO DIZEL;51.33;9,547.38;1,591.23;00467544;81500;81500;                  ;SR;LAPOVO SEVER;OMV EVRO DIZEL;186.000;9,547.38;0.00;0.00;1,591.23;RSD;8914399056;2024-10-31;YES;NO;217;OMV-RS;;;;D;9,906.70;Yes;715303;2024-10-29;1;
710111;107258;127;BG 2161 - XH;2024-11-04 09:34:00;OMV EVRO DIZEL;51.63;9,551.55;1,591.92;00447212;82560;82560;                  ;SR;OBILAZNICA 1;OMV EVRO DIZEL;185.000;9,551.55;0.00;0.00;1,591.92;RSD;8914401397;2024-11-15;YES;NO;217;OMV-RS;;;;D;9,913.00;Yes;793545;2024-11-04;1;
710111;107258;127;BG 2161 - XH;2024-11-07 09:32:00;OMV EVRO DIZEL;37.14;6,870.90;1,145.15;00448829;82700;82700;                  ;SR;OBILAZNICA 1;OMV EVRO DIZEL;185.000;6,870.90;0.00;0.00;1,145.15;RSD;8914401397;2024-11-15;YES;NO;217;OMV-RS;;;;D;7,130.90;Yes;793300;2024-11-07;1;
710111;107258;127;BG 2161 - XH;2024-11-13 11:19:00;OMV EVRO DIZEL;35.47;6,668.36;1,111.39;00564704;83200;83200;                  ;SR;BACKA TOPOLA 2;OMV EVRO DIZEL;188.000;6,668.36;0.00;0.00;1,111.39;RSD;8914401397;2024-11-15;YES;NO;217;OMV-RS;;;;D;6,881.20;Yes;711953;2024-11-13;1;
710111;107258;127;BG 2161 - XH;2024-11-26 10:00:00;OMV EVRO DIZEL;53.56;10,229.96;1,704.99;00469365;83875;83875;                  ;SR;RUMA;OMV EVRO DIZEL;191.000;10,229.96;0.00;0.00;1,704.99;RSD;8914404050;2024-11-30;YES;NO;217;OMV-RS;;;;D;10,551.30;Yes;700120;2024-11-26;1;
710111;107258;127;BG 2161 - XH;2024-11-28 09:15:00;OMV EVRO DIZEL;42.09;8,039.19;1,339.86;00348778;84487;84487;                  ;SR;JURIJA GAGARINA;OMV EVRO DIZEL;191.000;8,039.19;0.00;0.00;1,339.86;RSD;8914404050;2024-11-30;YES;NO;217;OMV-RS;;;;D;8,291.70;Yes;791518;2024-11-28;1;
710111;107258;127;BG 2161 - XH;2024-12-04 11:55:00;OMV EVRO DIZEL;59.90;11,440.90;1,906.82;00483987;85300;85300;                  ;SR;LAPOVO SEVER;OMV EVRO DIZEL;191.000;11,440.90;0.00;0.00;1,906.82;RSD;8914406383;2024-12-15;YES;NO;217;OMV-RS;;;;D;11,800.30;Yes;715633;2024-12-04;1;
710111;107258;127;BG 2161 - XH;2024-12-13 15:33:00;OMV EVRO DIZEL;55.48;10,485.72;1,747.62;00487806;86048;86048;                  ;SR;LAPOVO SEVER;OMV EVRO DIZEL;189.000;10,485.72;0.00;0.00;1,747.62;RSD;8914406383;2024-12-15;YES;NO;217;OMV-RS;;;;D;10,874.10;Yes;753458;2024-12-13;1;
710111;107258;127;BG 2161 - XH;2024-12-25 11:22:00;OMV EVRO DIZEL;47.24;8,975.60;1,495.93;00359871;86690;86690;                  ;SR;ADA CIGANLIJA;OMV EVRO DIZEL;190.000;8,975.60;0.00;0.00;1,495.93;RSD;8914409008;2024-12-31;YES;NO;217;OMV-RS;;;;D;9,306.30;Yes;712342;2024-12-25;1;
710111;107258;127;BG 2161 - XH;2025-01-24 07:26:00;OMV EVRO DIZEL;51.24;10,145.52;1,690.92;00586126;8734;8734;                  ;SR;ADA CIGANLIJA;OMV EVRO DIZEL;198.000;10,145.52;0.00;0.00;1,690.92;RSD;8915354647;2025-01-31;YES;NO;217;OMV-RS;;;;D;10,453.00;Yes;772902;2025-01-24;1;
710111;107258;127;BG 2161 - XH;2025-03-04 10:08:00;OMV EVRO DIZEL;52.74;10,495.26;1,749.21;00019516;88069;88069;                  ;SR;ADA CIGANLIJA;OMV EVRO DIZEL;199.000;10,495.26;0.00;0.00;1,749.21;RSD;8915362134;2025-03-15;YES;NO;217;OMV-RS;;;;D;10,706.20;Yes;701217;2025-03-04;1;
710111;107258;127;BG 2161 - XH;2025-03-10 08:09:00;OMV EVRO DIZEL;49.40;9,603.36;1,600.56;00021549;88768;88768;                  ;SR;OBILAZNICA 1;OMV EVRO DIZEL;194.400;9,603.36;0.00;0.00;1,600.56;RSD;8915362134;2025-03-15;YES;NO;217;OMV-RS;;;;D;9,880.00;Yes;781234;2025-03-10;1;
710111;107258;127;BG 2161 - XH;2025-03-20 13:45:00;OMV EVRO DIZEL;57.75;11,030.25;1,838.37;00022964;89550;89550;                  ;SR;LAPOVO SEVER;OMV EVRO DIZEL;191.000;11,030.25;0.00;0.00;1,838.37;RSD;8915364775;2025-03-31;YES;NO;217;OMV-RS;;;;D;11,376.80;Yes;735003;2025-03-20;1;
710111;107258;127;BG 2161 - XH;2025-04-09 08:32:00;OMV EVRO DIZEL;41.74;7,930.60;1,321.77;00017913;90149;90149;                  ;SR;JURIJA GAGARINA;OMV EVRO DIZEL;190.000;7,930.60;0.00;0.00;1,321.77;RSD;8915367133;2025-04-15;YES;NO;217;OMV-RS;;;;D;8,181.00;Yes;783313;2025-04-09;1;
710111;107258;127;BG 2161 - XH;2025-04-10 08:34:00;OMV EVRO DIZEL;22.65;4,303.50;717.25;00034310;90430;90430;                  ;SR;ADA CIGANLIJA;OMV EVRO DIZEL;190.000;4,303.50;0.00;0.00;717.25;RSD;8915367133;2025-04-15;YES;NO;217;OMV-RS;;;;D;4,439.40;Yes;783837;2025-04-10;1;
710111;107258;127;BG 2161 - XH;2025-04-22 14:00:00;OMV EVRO DIZEL;57.62;10,544.46;1,757.41;00365373;91250;91250;                  ;SR;ADA CIGANLIJA;OMV EVRO DIZEL;183.000;10,544.46;0.00;0.00;1,757.41;RSD;8915369797;2025-04-30;YES;NO;217;OMV-RS;;;;D;10,890.20;Yes;740449;2025-04-22;1;
710111;107258;127;BG 2161 - XH;2025-04-30 07:18:00;OMV EVRO DIZEL;24.88;4,553.04;758.84;00044540;91594;91594;                  ;SR;ADA CIGANLIJA;OMV EVRO DIZEL;183.000;4,553.04;0.00;0.00;758.84;RSD;8915369797;2025-04-30;YES;NO;217;OMV-RS;;;;D;4,702.30;Yes;771859;2025-04-30;1;
710111;107258;127;BG 2161 - XH;2025-05-09 10:13:00;OMV EVRO DIZEL;29.81;5,425.42;904.24;00048714;91975;91975;                  ;SR;ADA CIGANLIJA;OMV EVRO DIZEL;182.000;5,425.42;0.00;0.00;904.24;RSD;8915372197;2025-05-15;YES;NO;217;OMV-RS;;;;D;5,604.30;Yes;701345;2025-05-09;1;
710111;107258;127;BG 2161 - XH;2025-05-15 17:33:00;OMV EVRO DIZEL;57.01;10,261.80;1,710.30;00051890;92810;92810;                  ;SR;LAPOVO SEVER;OMV EVRO DIZEL;180.000;10,261.80;0.00;0.00;1,710.30;RSD;8915372197;2025-05-15;YES;NO;217;OMV-RS;;;;D;10,603.90;Yes;773352;2025-05-15;1;
710111;107258;127;BG 2161 - XH;2025-05-20 15:13:00;OMV EVRO DIZEL;56.71;10,264.51;1,710.75;00039810;93600;93600;                  ;SR;LAPOVO SEVER;OMV EVRO DIZEL;181.000;10,264.51;0.00;0.00;1,710.75;RSD;8915374857;2025-05-31;YES;NO;217;OMV-RS;;;;D;10,604.80;Yes;751411;2025-05-20;1;
710111;107258;127;BG 2161 - XH;2025-05-22 14:37:00;OMV EVRO DIZEL;31.40;5,683.40;947.23;00055062;94050;94050;                  ;SR;ADA CIGANLIJA;OMV EVRO DIZEL;181.000;5,683.40;0.00;0.00;947.23;RSD;8915374857;2025-05-31;YES;NO;217;OMV-RS;;;;D;5,871.80;Yes;743717;2025-05-22;1;
710111;107258;127;BG 2161 - XH;2025-06-02 14:33:00;OMV EVRO DIZEL;51.92;9,397.52;1,566.25;00116188;94747;94747;                  ;SR;DOBANOVCI-SURCIN;OMV EVRO DIZEL;181.000;9,397.52;0.00;0.00;1,566.25;RSD;8915377281;2025-06-15;YES;NO;217;OMV-RS;;;;D;9,709.00;Yes;743317;2025-06-02;1;
710111;107258;127;BG 2161 - XH;2025-06-05 11:24:00;OMV EVRO DIZEL;58.58;10,602.98;1,767.16;00037068;95600;95600;                  ;SR;RAZANJ;OMV EVRO DIZEL;181.000;10,602.98;0.00;0.00;1,767.16;RSD;8915377281;2025-06-15;YES;NO;217;OMV-RS;;;;D;10,954.50;Yes;712426;2025-06-05;1;
710111;107258;127;BG 2161 - XH;2025-06-10 08:26:00;OMV EVRO DIZEL;53.10;9,611.10;1,601.85;00019256;96300;96300;                  ;SR;OBILAZNICA 1;OMV EVRO DIZEL;181.000;9,611.10;0.00;0.00;1,601.85;RSD;8915377281;2025-06-15;YES;NO;217;OMV-RS;;;;D;9,929.70;Yes;782706;2025-06-10;1;
710111;107258;127;BG 2161 - XH;2025-06-11 14:16:00;OMV EVRO DIZEL;39.52;7,153.12;1,192.19;00048301;96817;96817;                  ;SR;LAPOVO SEVER;OMV EVRO DIZEL;181.000;7,153.12;0.00;0.00;1,192.19;RSD;8915377281;2025-06-15;YES;NO;217;OMV-RS;;;;D;7,390.20;Yes;741640;2025-06-11;1;
710111;107258;127;BG 2161 - XH;2025-06-19 08:00:00;OMV EVRO DIZEL;50.25;9,195.75;1,532.62;00092853;97500;97500;                  ;SR;BUBANJ POTOK;OMV EVRO DIZEL;183.000;9,195.75;0.00;0.00;1,532.62;RSD;8915379951;2025-06-30;YES;NO;217;OMV-RS;;;;D;9,497.30;Yes;780101;2025-06-19;1;
710111;107258;127;BG 2161 - XH;2025-06-23 08:52:00;OMV EVRO DIZEL;39.69;7,382.34;1,230.39;00045341;98000;98000;                  ;SR;JURIJA GAGARINA;OMV EVRO DIZEL;186.000;7,382.34;0.00;0.00;1,230.39;RSD;8915379951;2025-06-30;YES;NO;217;OMV-RS;;;;D;7,620.50;Yes;785222;2025-06-23;1;
710111;107258;127;BG 2161 - XH;2025-06-26 07:19:00;OMV EVRO DIZEL;55.13;10,254.18;1,709.03;00076644;98714;98714;                  ;SR;ADA CIGANLIJA;OMV EVRO DIZEL;186.000;10,254.18;0.00;0.00;1,709.03;RSD;8915379951;2025-06-30;YES;NO;217;OMV-RS;;;;D;10,585.00;Yes;771955;2025-06-26;1;
710111;107258;127;BG 2161 - XH;2025-07-01 08:33:00;OMV EVRO DIZEL;58.76;11,046.88;1,841.15;00128629;99441;99441;                  ;SR;DOBANOVCI-SURCIN;OMV EVRO DIZEL;188.000;11,046.88;0.00;0.00;1,841.15;RSD;8915382357;2025-07-15;YES;NO;217;OMV-RS;;;;D;11,399.40;Yes;783359;2025-07-01;1;
710111;107258;127;BG 2161 - XH;2025-07-02 14:37:00;OMV EVRO DIZEL;48.60;9,136.80;1,522.80;00078937;100111;100111;                  ;SR;ADA CIGANLIJA;OMV EVRO DIZEL;188.000;9,136.80;0.00;0.00;1,522.80;RSD;8915382357;2025-07-15;YES;NO;217;OMV-RS;;;;D;9,428.40;Yes;743805;2025-07-02;1;
710111;107258;127;BG 2161 - XH;2025-07-15 09:09:00;OMV EVRO DIZEL;52.85;10,041.50;1,673.58;00003798;100859;100859;                  ;SR;LAPOVO JUG;OMV EVRO DIZEL;190.000;10,041.50;0.00;0.00;1,673.58;RSD;8915382357;2025-07-15;YES;NO;217;OMV-RS;;;;D;10,358.60;Yes;791015;2025-07-15;1;
710111;107258;127;BG 2161 - XH;2025-07-18 11:28:00;OMV EVRO DIZEL;61.38;11,662.20;1,943.70;00086491;101616;101616;                  ;SR;RUMA;OMV EVRO DIZEL;190.000;11,662.20;0.00;0.00;1,943.70;RSD;8915385043;2025-07-31;YES;NO;217;OMV-RS;;;;D;12,030.50;Yes;712837;2025-07-18;1;
710111;107258;127;BG 2161 - XH;2025-07-31 08:11:00;OMV EVRO DIZEL;40.61;7,715.90;1,285.98;00094106;102325;102325;                  ;SR;ADA CIGANLIJA;OMV EVRO DIZEL;190.000;7,715.90;0.00;0.00;1,285.98;RSD;8915385043;2025-07-31;YES;NO;217;OMV-RS;;;;D;7,959.60;Yes;781214;2025-07-31;1;
710111;107258;127;BG 2161 - XH;2025-08-07 07:34:00;OMV EVRO DIZEL;56.92;10,814.80;1,802.47;00061160;103310;103310;                  ;SR;JURIJA GAGARINA;OMV EVRO DIZEL;190.000;10,814.80;0.00;0.00;1,802.47;RSD;8915387463;2025-08-15;YES;NO;217;OMV-RS;;;;D;11,156.30;Yes;773429;2025-08-07;1;
710111;107258;127;BG 2161 - XH;2025-08-19 09:06:00;OMV EVRO DIZEL;50.16;9,279.60;1,546.60;00045216;104019;104019;                  ;SR;JURIJA GAGARINA;OMV EVRO DIZEL;185.000;9,279.60;0.00;0.00;1,546.60;RSD;8915390137;2025-08-31;YES;NO;217;OMV-RS;;;;D;9,630.70;Yes;790615;2025-08-19;1;
710111;107258;127;BG 2161 - XH;2025-09-01 09:03:00;OMV EVRO DIZEL;50.15;9,327.90;1,554.65;00106478;104743;104743;                  ;SR;ADA CIGANLIJA;OMV EVRO DIZEL;186.000;9,327.90;0.00;0.00;1,554.65;RSD;8915392542;2025-09-15;YES;NO;217;OMV-RS;;;;D;9,679.00;Yes;790330;2025-09-01;1;
710111;107258;127;BG 2161 - XH;2025-09-03 14:13:00;OMV EVRO DIZEL;47.90;8,909.40;1,484.90;00125969;105435;105435;                  ;SR;LAPOVO SEVER;OMV EVRO DIZEL;186.000;8,909.40;0.00;0.00;1,484.90;RSD;8915392542;2025-09-15;YES;NO;217;OMV-RS;;;;D;9,244.70;Yes;741321;2025-09-03;1;
710111;107258;127;BG 2161 - XH;2025-09-08 18:12:00;OMV EVRO DIZEL;48.18;9,009.66;1,501.61;00169256;106054;106054;                  ;SR;KRUSEVAC;OMV EVRO DIZEL;187.000;9,009.66;0.00;0.00;1,501.61;RSD;8915392542;2025-09-15;YES;NO;117;OMV-RS;;;;D;9,346.90;Yes;781341;2025-09-08;1;
710111;107258;127;BG 2161 - XH;2025-09-10 15:11:00;OMV EVRO DIZEL;54.02;10,101.74;1,683.62;00066677;106882;106882;                  ;SR;JURIJA GAGARINA;OMV EVRO DIZEL;187.000;10,101.74;0.00;0.00;1,683.62;RSD;8915392542;2025-09-15;YES;NO;217;OMV-RS;;;;D;10,479.90;Yes;751211;2025-09-10;1;
710111;107258;127;BG 2161 - XH;2025-09-26 13:18:00;OMV EVRO DIZEL;55.37;10,409.56;1,734.93;00105359;107700;107700;                  ;SR;LAPOVO SEVER;OMV EVRO DIZEL;188.000;10,409.56;0.00;0.00;1,734.93;RSD;8915395222;2025-09-30;YES;NO;217;OMV-RS;;;;D;10,797.20;Yes;731848;2025-09-26;1;
710111;107258;408;BG 2266 - UF;2025-10-02 06:51:00;OMV EVRO DIZEL;43.48;8,174.24;1,362.37;00126548;84300;84300;                  ;SR;ADA CIGANLIJA;OMV EVRO DIZEL;188.000;8,174.24;0.00;0.00;1,362.37;RSD;8915397668;2025-10-15;YES;NO;217;OMV-RS;;;;D;8,478.60;Yes;765141;2025-10-02;1;
710111;107258;408;BG 2266 - UF;2025-10-11 07:13:00;OMV EVRO DIZEL;40.77;7,664.76;1,277.46;00130842;85000;85000;                  ;SR;ADA CIGANLIJA;OMV EVRO DIZEL;188.000;7,664.76;0.00;0.00;1,277.46;RSD;8915397668;2025-10-15;YES;NO;217;OMV-RS;;;;D;7,909.40;Yes;771349;2025-10-11;1;
710111;107258;408;BG 2266 - UF;2025-10-23 07:13:00;OMV EVRO DIZEL;40.00;7,440.00;1,240.00;00137600;85600;85600;                  ;SR;ADA CIGANLIJA;OMV EVRO DIZEL;186.000;7,440.00;0.00;0.00;1,240.00;RSD;8915400359;2025-10-31;YES;NO;217;OMV-RS;;;;D;7,680.00;Yes;771354;2025-10-23;1;
710111;107258;408;BG 2266 - UF;2025-11-03 06:46:00;OMV EVRO DIZEL;41.91;7,983.86;1,330.64;00139703;86300;86300;                  ;SR;ADA CIGANLIJA;OMV EVRO DIZEL;190.500;7,983.86;0.00;0.00;1,330.64;RSD;8915402843;2025-11-15;YES;NO;217;OMV-RS;;;;D;8,214.40;Yes;764700;2025-11-03;1;
710111;107258;408;BG 2266 - UF;2025-11-11 07:11:00;OMV EVRO DIZEL;42.15;8,177.10;1,362.85;00148348;87000;87000;                  ;SR;ADA CIGANLIJA;OMV EVRO DIZEL;194.000;8,177.10;0.00;0.00;1,362.85;RSD;8915402843;2025-11-15;YES;NO;217;OMV-RS;;;;D;8,345.70;Yes;771149;2025-11-11;1;
710111;107258;408;BG 2266 - UF;2025-11-20 07:28:00;OMV EVRO DIZEL;41.14;8,104.58;1,350.76;00154361;87650;87650;                  ;SR;ADA CIGANLIJA;OMV EVRO DIZEL;197.000;8,104.58;0.00;0.00;1,350.76;RSD;8915405535;2025-11-30;YES;NO;217;OMV-RS;;;;D;8,269.10;Yes;772859;2025-11-20;1;
710111;107258;408;BG 2266 - UF;2025-11-29 07:16:00;OMV EVRO DIZEL;41.63;8,201.11;1,366.85;00160470;0;0;                  ;SR;ADA CIGANLIJA;OMV EVRO DIZEL;197.000;8,201.11;0.00;0.00;1,366.85;RSD;8915405535;2025-11-30;YES;NO;217;OMV-RS;;;;D;8,367.63;Yes;771710;2025-11-29;1;
710111;107258;408;BG 2266 - UF;2025-12-12 13:58:00;OMV EVRO DIZEL;42.63;8,184.96;1,364.16;00188254;89020;89020;                  ;SR;OBILAZNICA 1;OMV EVRO DIZEL;192.000;8,184.96;0.00;0.00;1,364.16;RSD;8915408077;2025-12-15;YES;NO;217;OMV-RS;;;;D;8,440.74;Yes;735830;2025-12-12;1;
710111;107258;408;BG 2266 - UF;2025-12-22 16:15:00;OMV EVRO DIZEL;41.47;7,858.57;1,309.76;00034480;0;0;                  ;SR;BUBANJ POTOK;OMV EVRO DIZEL;189.500;7,858.57;0.00;0.00;1,309.76;RSD;8915410794;2025-12-31;YES;NO;217;OMV-RS;;;;D;8,128.12;Yes;761538;2025-12-22;1;
710111;107258;408;BG 2266 - UF;2026-01-13 07:16:00;OMV EVRO DIZEL;39.16;7,225.02;1,204.17;00187849;90350;90350;                  ;SR;ADA CIGANLIJA;OMV EVRO DIZEL;184.500;7,225.02;0.00;0.00;1,204.17;RSD;8916351914;2026-01-15;YES;NO;217;OMV-RS;;;;D;7,479.56;Yes;771706;2026-01-13;1;
710111;107258;408;BG 2266 - UF;2026-01-21 14:58:00;EDMAXXM ZIMSKI;44.71;9,026.95;1,504.49;00183260;91100;91100;                  ;SR;PARTIZANSKI PUT;EDMAXXM ZIMSKI;201.900;9,026.95;0.00;0.00;1,504.49;RSD;8916354637;2026-01-31;YES;NO;217;OMV-RS;;;;D;0.00;No;745823;2026-01-21;1;
710111;107258;408;BG 2266 - UF;2026-02-02 07:22:00;EDMAXXM ZIMSKI;37.34;7,576.29;1,262.71;00200027;91700;91700;                  ;SR;ADA CIGANLIJA;EDMAXXM ZIMSKI;202.900;7,576.29;0.00;0.00;1,262.71;RSD;8916357592;2026-02-15;YES;NO;217;OMV-RS;;;;D;0.00;No;772306;2026-02-02;1;
710111;107258;408;BG 2266 - UF;2026-02-11 07:14:00;OMV EVRO DIZEL;41.70;7,902.15;1,317.02;00206126;92350;92350;                  ;SR;ADA CIGANLIJA;OMV EVRO DIZEL;189.500;7,902.15;0.00;0.00;1,317.02;RSD;8916357592;2026-02-15;YES;NO;217;OMV-RS;;;;D;8,173.20;Yes;771443;2026-02-11;1;
710111;107258;408;BG 2266 - UF;2026-02-19 07:16:00;OMV EVRO DIZEL;36.49;6,896.61;1,149.43;00210519;0;0;                  ;SR;ADA CIGANLIJA;OMV EVRO DIZEL;189.000;6,896.61;0.00;0.00;1,149.43;RSD;8916360516;2026-02-28;YES;NO;217;OMV-RS;;;;D;7,152.04;Yes;771632;2026-02-19;1;
710111;107258;408;BG 2266 - UF;2026-02-27 07:20:00;OMV EVRO DIZEL;37.45;7,152.95;1,192.16;00196558;93500;93500;                  ;SR;ADA CIGANLIJA;OMV EVRO DIZEL;191.000;7,152.95;0.00;0.00;1,192.16;RSD;8916360516;2026-02-28;YES;NO;217;OMV-RS;;;;D;7,415.10;Yes;772031;2026-02-27;1;
710111;107258;408;BG 2266 - UF;2026-03-09 06:39:00;OMV EVRO DIZEL;41.05;8,251.05;1,375.17;00202429;94200;94200;                  ;SR;PARTIZANSKI PUT;OMV EVRO DIZEL;201.000;8,251.05;0.00;0.00;1,375.17;RSD;8916363465;2026-03-15;YES;NO;217;OMV-RS;;;;D;8,333.15;Yes;763946;2026-03-09;1;
710111;107258;408;BG 2266 - UF;2026-03-13 15:04:00;EDMAXXM ZIMSKI;42.45;9,716.81;1,619.47;00235285;95800;95800;                  ;SR;OBILAZNICA 1;EDMAXXM ZIMSKI;228.900;9,716.81;0.00;0.00;1,619.47;RSD;8916366460;2026-03-31;YES;NO;217;OMV-RS;;;;D;0.00;No;750445;2026-03-13;1;
710111;107258;408;BG 2266 - UF;2026-06-19 06:43:00;OMV EVRO DIZEL;34.30;7,340.20;1,223.37;00064367;96287;96287;                  ;SR;BUBANJ POTOK;OMV EVRO DIZEL;214.000;7,340.20;0.00;0.00;1,223.37;RSD;8916383263;2026-06-21;YES;NO;217;OMV-RS;;;;D;7,546.00;Yes;764403;2026-06-19;1;
710111;107258;408;BG 2266 - UF;2026-07-26 14:35:00;OMV EVRO DIZEL;38.34;8,473.14;1,412.19;00281478;96927;96927;                  ;SR;ADA CIGANLIJA;OMV EVRO DIZEL;221.000;8,473.14;0.00;0.00;1,412.19;RSD;;;NO;NO;217;OMV-RS;;;;D;8,588.16;Yes;743511;2026-07-26;1;
710111;107258;424;BG 2290 - RP;2025-10-21 08:21:00;OMV EVRO DIZEL;59.22;11,014.92;1,835.82;00102496;0;0;                  ;SR;LAPOVO JUG;OMV EVRO DIZEL;186.000;11,014.92;0.00;0.00;1,835.82;RSD;8915400359;2025-10-31;YES;NO;217;OMV-RS;;;;D;11,370.20;Yes;782150;2025-10-21;1;
710111;107258;424;BG 2290 - RP;2025-11-07 11:58:00;OMV EVRO DIZEL;56.13;10,776.96;1,796.16;00107185;82926;82926;                  ;SR;LAPOVO JUG;OMV EVRO DIZEL;192.000;10,776.96;0.00;0.00;1,796.16;RSD;8915402843;2025-11-15;YES;NO;217;OMV-RS;;;;D;11,001.50;Yes;715929;2025-11-07;1;
710111;107258;424;BG 2290 - RP;2025-11-13 10:04:00;OMV EVRO DIZEL;33.23;6,446.62;1,074.44;00108696;0;0;                  ;SR;LAPOVO JUG;OMV EVRO DIZEL;194.000;6,446.62;0.00;0.00;1,074.44;RSD;8915402843;2025-11-15;YES;NO;217;OMV-RS;;;;D;6,579.50;Yes;700520;2025-11-13;1;
710111;107258;424;BG 2290 - RP;2025-11-28 08:50:00;EDMAXXM ZIMSKI;54.79;11,719.60;1,953.27;00051252;0;0;                  ;SR;KRNJACA 2;EDMAXXM ZIMSKI;213.900;11,719.60;0.00;0.00;1,953.27;RSD;8915405535;2025-11-30;YES;NO;217;OMV-RS;;;;D;0.00;No;785109;2025-11-28;1;
710111;107258;424;BG 2290 - RP;2025-12-11 08:24:00;OMV EVRO DIZEL;54.37;10,439.04;1,739.84;00212543;0;0;                  ;SR;BUBANJ POTOK;OMV EVRO DIZEL;192.000;10,439.04;0.00;0.00;1,739.84;RSD;8915408077;2025-12-15;YES;NO;217;OMV-RS;;;;D;10,765.26;Yes;782410;2025-12-11;1;
710111;107258;424;BG 2290 - RP;2026-02-04 10:36:00;OMV EVRO DIZEL;53.34;9,947.91;1,657.98;00217442;0;0;                  ;SR;OBILAZNICA 1;OMV EVRO DIZEL;186.500;9,947.91;0.00;0.00;1,657.98;RSD;8916357592;2026-02-15;YES;NO;217;OMV-RS;;;;D;10,294.62;Yes;703609;2026-02-04;1;
710111;107258;424;BG 2290 - RP;2026-03-03 08:05:00;OMV EVRO DIZEL;55.79;10,767.47;1,794.58;00266055;0;0;                  ;SR;BUBANJ POTOK;OMV EVRO DIZEL;193.000;10,767.47;0.00;0.00;1,794.58;RSD;8916363465;2026-03-15;YES;NO;217;OMV-RS;;;;D;11,158.00;Yes;780606;2026-03-03;1;
710111;107258;424;BG 2290 - RP;2026-03-16 10:58:00;OMV EVRO DIZEL;52.42;10,903.36;1,817.23;00015444;0;0;                  ;SR;LAPOVO JUG;OMV EVRO DIZEL;208.000;10,903.36;0.00;0.00;1,817.23;RSD;8916366460;2026-03-31;YES;NO;217;OMV-RS;;;;D;10,903.36;Yes;710010;2026-03-16;1;
710111;107258;424;BG 2290 - RP;2026-03-18 08:52:00;OMV EVRO DIZEL;60.10;12,500.80;2,083.47;00141225;0;0;                  ;SR;LAPOVO JUG;OMV EVRO DIZEL;208.000;12,500.80;0.00;0.00;2,083.47;RSD;8916366460;2026-03-31;YES;NO;217;OMV-RS;;;;D;12,500.80;Yes;785417;2026-03-18;1;
710111;107258;424;BG 2290 - RP;2026-03-19 07:43:00;AdBlue;10.56;1,048.40;174.73;00277317;0;0;                  ;SR;BUBANJ POTOK;AdBlue;99.280;1,048.40;0.00;0.00;174.73;RSD;8916366460;2026-03-31;YES;NO;217;OMV-RS;;;;D;1,309.44;Yes;774336;2026-03-19;1;
710111;107258;424;BG 2290 - RP;2026-04-17 15:09:00;ED MAXXMOTION;55.02;12,759.14;2,126.52;00221836;65859;65859;                  ;SR;ADA CIGANLIJA;ED MAXXMOTION;231.900;12,759.14;0.00;0.00;2,126.52;RSD;8916372386;2026-04-30;YES;NO;217;OMV-RS;;;;D;0.00;No;751005;2026-04-17;1;
710111;107258;424;BG 2290 - RP;2026-05-08 08:09:00;OMV EVRO DIZEL;58.00;12,818.00;2,136.33;00262306;0;0;                  ;SR;ADA CIGANLIJA;OMV EVRO DIZEL;221.000;12,818.00;0.00;0.00;2,136.33;RSD;8916375402;2026-05-15;YES;NO;217;OMV-RS;;;;D;12,818.00;Yes;780917;2026-05-08;1;
710111;107258;424;BG 2290 - RP;2026-05-18 07:53:00;OMV EVRO DIZEL;57.48;12,818.04;2,136.34;00316275;0;0;                  ;SR;BUBANJ POTOK;OMV EVRO DIZEL;223.000;12,818.04;0.00;0.00;2,136.34;RSD;8916378386;2026-05-31;YES;NO;217;OMV-RS;;;;D;12,818.04;Yes;775358;2026-05-18;1;
710111;107258;424;BG 2290 - RP;2026-05-23 10:52:00;ED MAXXMOTION;41.34;10,000.15;1,666.69;00272665;0;0;                  ;SR;ADA CIGANLIJA;ED MAXXMOTION;241.900;10,000.15;0.00;0.00;1,666.69;RSD;8916378386;2026-05-31;YES;NO;217;OMV-RS;;;;D;0.00;No;705211;2026-05-23;1;
710111;107258;424;BG 2290 - RP;2026-05-30 12:19:00;OMV EVRO DIZEL;53.67;11,726.90;1,954.48;00067970;0;0;                  ;SR;BORSKA;OMV EVRO DIZEL;218.500;11,726.90;0.00;0.00;1,954.48;RSD;8916378386;2026-05-31;YES;NO;217;OMV-RS;;;;D;11,914.74;Yes;721958;2026-05-30;1;
710111;107258;424;BG 2290 - RP;2026-06-09 08:38:00;OMV EVRO DIZEL;30.52;6,653.36;1,108.89;00285212;91900;91900;                  ;SR;ADA CIGANLIJA;OMV EVRO DIZEL;218.000;6,653.36;0.00;0.00;1,108.89;RSD;8916381034;2026-06-15;YES;NO;217;OMV-RS;;;;D;6,775.44;Yes;783836;2026-06-09;1;
710111;107258;424;BG 2290 - RP;2026-06-18 10:54:00;OMV EVRO DIZEL;47.00;10,105.00;1,684.17;00255818;0;0;                  ;SR;ADA CIGANLIJA;OMV EVRO DIZEL;215.000;10,105.00;0.00;0.00;1,684.17;RSD;8916383263;2026-06-21;YES;NO;217;OMV-RS;;;;D;10,340.00;Yes;705442;2026-06-18;1;
710111;107258;424;BG 2290 - RP;2026-06-25 10:35:00;OMV EVRO DIZEL;28.04;5,916.44;986.07;00259755;0;0;                  ;SR;ADA CIGANLIJA;OMV EVRO DIZEL;211.000;5,916.44;0.00;0.00;986.07;RSD;8916386380;2026-06-28;YES;NO;217;OMV-RS;;;;D;6,084.68;Yes;703518;2026-06-25;1;
710111;107258;424;BG 2290 - RP;2026-07-15 07:15:00;OMV EVRO DIZEL;43.57;9,367.55;1,561.26;00172761;93500;93500;                  ;SR;BUBANJ POTOK;OMV EVRO DIZEL;215.000;9,367.55;0.00;0.00;1,561.26;RSD;8916393376;2026-07-15;YES;NO;217;OMV-RS;;;;D;9,585.40;Yes;771549;2026-07-15;1;
710111;107258;424;BG 2290 - RP;2026-07-15 15:16:00;OMV EVRO DIZEL;19.90;4,278.50;713.08;00235675;94050;94050;                  ;SR;DOLJEVAC;OMV EVRO DIZEL;215.000;4,278.50;0.00;0.00;713.08;RSD;8916393376;2026-07-15;YES;NO;217;OMV-RS;;;;D;4,378.00;Yes;751649;2026-07-15;1;
710111;107258;424;BG 2290 - RP;2026-07-20 08:39:00;AdBlue;10.64;1,094.64;182.44;00175288;0;0;                  ;SR;BUBANJ POTOK;AdBlue;102.880;1,094.64;0.00;0.00;182.44;RSD;;;NO;NO;217;OMV-RS;;;;D;1,319.36;Yes;784001;2026-07-20;1;
710111;107258;424;BG 2290 - RP;2026-07-20 08:39:00;OMV EVRO DIZEL;52.47;11,438.46;1,906.41;00175288;0;0;                  ;SR;BUBANJ POTOK;OMV EVRO DIZEL;218.000;11,438.46;0.00;0.00;1,906.41;RSD;;;NO;NO;217;OMV-RS;;;;D;11,648.34;Yes;784001;2026-07-20;1;
710111;107258;424;BG 2290 - RP;2026-07-30 09:37:00;OMV EVRO DIZEL;31.94;7,154.56;;00284300;;;;SR;Beograd;OMV EVRO DIZEL;224.000;7,154.56;;;;RSD;;;NO;;0;OMV-RS;;;;D;0.00;;793804;2026-07-30;0;
710111;107258;267;BG 2280 - EU;2024-01-10 11:45:00;OMV EVRO DIZEL;40.88;7,501.48;1,250.25;00320668;0;0;                  ;SR;BUBANJ POTOK;OMV EVRO DIZEL;183.500;7,501.48;0.00;0.00;1,250.25;RSD;8914352150;2024-01-15;YES;NO;217;OMV-RS;;;;D;7,930.70;Yes;714525;2024-01-10;1;
710111;107258;267;BG 2280 - EU;2024-02-01 08:04:00;EDMAXXM ZIMSKI;34.21;7,420.10;1,236.68;00286205;51760;51760;                  ;SR;OBILAZNICA 1;EDMAXXM ZIMSKI;216.899;7,420.10;0.00;0.00;1,236.68;RSD;8914357027;2024-02-15;YES;NO;217;OMV-RS;;;;D;0.00;No;780440;2024-02-01;1;
710111;107258;267;BG 2280 - EU;2024-02-14 09:46:00;OMV EVRO DIZEL;37.59;7,236.08;1,206.01;00320602;52222;52222;                  ;SR;RUMA;OMV EVRO DIZEL;192.500;7,236.08;0.00;0.00;1,206.01;RSD;8914357027;2024-02-15;YES;NO;217;OMV-RS;;;;D;7,593.20;Yes;794704;2024-02-14;1;
710111;107258;267;BG 2280 - EU;2024-03-04 15:41:00;OMV EVRO DIZEL;33.71;6,607.16;1,101.19;00327582;0;0;                  ;SR;LAPOVO SEVER;OMV EVRO DIZEL;196.000;6,607.16;0.00;0.00;1,101.19;RSD;8914361928;2024-03-15;YES;NO;217;OMV-RS;;;;D;6,876.80;Yes;754620;2024-03-04;1;
710111;107258;267;BG 2280 - EU;2024-03-12 18:30:00;OMV EVRO DIZEL;37.94;7,265.51;1,210.92;00330567;53573;53573;                  ;SR;LAPOVO SEVER;OMV EVRO DIZEL;191.500;7,265.51;0.00;0.00;1,210.92;RSD;8914361928;2024-03-15;YES;NO;217;OMV-RS;;;;D;7,663.90;Yes;783513;2024-03-12;1;
710111;107258;267;BG 2280 - EU;2024-03-19 12:52:00;OMV EVRO DIZEL;35.29;6,634.52;1,105.75;00356255;54137;54137;                  ;SR;BUBANJ POTOK;OMV EVRO DIZEL;188.000;6,634.52;0.00;0.00;1,105.75;RSD;8914364543;2024-03-31;YES;NO;217;OMV-RS;;;;D;7,022.70;Yes;725248;2024-03-19;1;
710111;107258;267;BG 2280 - EU;2024-03-21 06:27:00;OMV EVRO DIZEL;37.10;6,974.80;1,162.47;00357080;54669;54669;                  ;SR;BUBANJ POTOK;OMV EVRO DIZEL;188.000;6,974.80;0.00;0.00;1,162.47;RSD;8914364543;2024-03-31;YES;NO;217;OMV-RS;;;;D;7,382.90;Yes;762741;2024-03-21;1;
710111;107258;267;BG 2280 - EU;2024-03-21 06:30:00;AdBlue;12.10;1,089.00;181.50;00357084;54669;54669;                  ;SR;BUBANJ POTOK;AdBlue;99.000;1,197.90;90.75;0.00;181.50;RSD;8914364543;2024-03-31;YES;NO;217;OMV-RS;;;;D;0.00;No;763056;2024-03-21;1;
710111;107258;267;BG 2280 - EU;2024-03-22 09:31:00;OMV EVRO DIZEL;29.83;5,608.04;934.67;00144742;55181;55181;                  ;SR;LAPOVO JUG;OMV EVRO DIZEL;188.000;5,608.04;0.00;0.00;934.67;RSD;8914364543;2024-03-31;YES;NO;217;OMV-RS;;;;D;5,936.20;Yes;793229;2024-03-22;1;
710111;107258;267;BG 2280 - EU;2024-03-28 06:44:00;OMV EVRO DIZEL;31.71;6,009.05;1,001.51;00213796;56223;56223;                  ;SR;BATAJNICA;OMV EVRO DIZEL;189.500;6,009.05;0.00;0.00;1,001.51;RSD;8914364543;2024-03-31;YES;NO;217;OMV-RS;;;;D;6,373.70;Yes;764451;2024-03-28;1;
710111;107258;267;BG 2280 - EU;2024-03-29 07:42:00;OMV EVRO DIZEL;28.98;5,491.71;915.28;00214159;56701;56701;                  ;SR;BATAJNICA;OMV EVRO DIZEL;189.500;5,491.71;0.00;0.00;915.28;RSD;8914364543;2024-03-31;YES;NO;217;OMV-RS;;;;D;5,825.00;Yes;774240;2024-03-29;1;
710111;107258;267;BG 2280 - EU;2024-04-09 11:00:00;OMV EVRO DIZEL;39.98;7,676.16;1,279.36;00208532;57991;57991;                  ;SR;KRNJACA 2;OMV EVRO DIZEL;192.000;7,676.16;0.00;0.00;1,279.36;RSD;8914366835;2024-04-15;YES;NO;217;OMV-RS;;;;D;8,235.90;Yes;710010;2024-04-09;1;
710111;107258;267;BG 2280 - EU;2024-04-17 11:14:00;OMV EVRO DIZEL;37.12;7,127.04;1,187.84;00221259;58705;58705;                  ;SR;BATAJNICA;OMV EVRO DIZEL;192.000;7,127.04;0.00;0.00;1,187.84;RSD;8914369474;2024-04-30;YES;NO;217;OMV-RS;;;;D;7,646.70;Yes;711422;2024-04-17;1;
710111;107258;267;BG 2280 - EU;2024-04-26 10:21:00;OMV EVRO DIZEL;39.23;7,532.16;1,255.36;00224778;59449;59449;                  ;SR;BATAJNICA;OMV EVRO DIZEL;192.000;7,532.16;0.00;0.00;1,255.36;RSD;8914369474;2024-04-30;YES;NO;217;OMV-RS;;;;D;8,081.40;Yes;702125;2024-04-26;1;
710111;107258;267;BG 2280 - EU;2024-05-09 09:59:00;OMV EVRO DIZEL;38.88;7,445.52;1,240.92;00228826;60063;60063;                  ;SR;BATAJNICA;OMV EVRO DIZEL;191.500;7,445.52;0.00;0.00;1,240.92;RSD;8914371718;2024-05-15;YES;NO;217;OMV-RS;;;;D;7,970.40;Yes;795942;2024-05-09;1;
710111;107258;267;BG 2280 - EU;2024-05-14 09:56:00;OMV EVRO DIZEL;41.75;7,911.63;1,318.60;00230668;60792;60792;                  ;SR;BATAJNICA;OMV EVRO DIZEL;189.500;7,911.63;0.00;0.00;1,318.60;RSD;8914371718;2024-05-15;YES;NO;217;OMV-RS;;;;D;8,475.30;Yes;795650;2024-05-14;1;
710111;107258;267;BG 2280 - EU;2024-06-24 14:59:00;OMV EVRO DIZEL;42.22;8,042.91;1,340.48;00180568;64353;64353;                  ;SR;KRNJACA;OMV EVRO DIZEL;190.500;8,042.91;0.00;0.00;1,340.48;RSD;8914379249;2024-06-30;YES;NO;217;OMV-RS;;;;D;8,570.70;Yes;745940;2024-06-24;1;
710111;107258;267;BG 2280 - EU;2024-07-12 08:00:00;OMV EVRO DIZEL;33.06;6,446.70;1,074.45;00253719;65688;65688;                  ;SR;BATAJNICA;OMV EVRO DIZEL;195.000;6,446.70;0.00;0.00;1,074.45;RSD;8914381538;2024-07-15;YES;NO;217;OMV-RS;;;;D;6,876.50;Yes;780025;2024-07-12;1;
710111;107258;267;BG 2280 - EU;2024-07-31 16:18:00;OMV EVRO DIZEL;40.17;7,551.96;1,258.66;00498552;67827;67827;                  ;SR;ADA CIGANLIJA;OMV EVRO DIZEL;188.000;7,551.96;0.00;0.00;1,258.66;RSD;8914384146;2024-07-31;YES;NO;217;OMV-RS;;;;D;8,114.30;Yes;761804;2024-07-31;1;
710111;107258;267;BG 2280 - EU;2024-08-05 09:13:00;OMV EVRO DIZEL;39.90;7,461.30;1,243.55;00262406;68544;68544;                  ;SR;BATAJNICA;OMV EVRO DIZEL;187.000;7,461.30;0.00;0.00;1,243.55;RSD;8914386444;2024-08-15;YES;NO;217;OMV-RS;;;;D;8,019.90;Yes;791332;2024-08-05;1;
710111;107258;267;BG 2280 - EU;2024-08-07 07:01:00;AdBlue Kanister;1.00;2,099.00;349.83;00263101;0;0;                  ;SR;BATAJNICA;AdBlue Kanister;2,099.000;2,099.00;0.00;0.00;349.83;RSD;8914386444;2024-08-15;YES;NO;217;OMV-RS;;;;D;0.00;No;770154;2024-08-07;1;
710111;107258;267;BG 2280 - EU;2024-08-13 14:52:00;OMV EVRO DIZEL;45.00;8,280.00;1,380.00;00265659;69272;69272;                  ;SR;BATAJNICA;OMV EVRO DIZEL;184.000;8,280.00;0.00;0.00;1,380.00;RSD;8914386444;2024-08-15;YES;NO;217;OMV-RS;;;;D;8,910.00;Yes;745224;2024-08-13;1;
710111;107258;267;BG 2280 - EU;2024-08-29 13:28:00;OMV EVRO DIZEL;40.44;7,319.64;1,219.94;00005399;70716;70716;                  ;SR;DOBANOVCI-SURCIN;OMV EVRO DIZEL;181.000;7,319.64;0.00;0.00;1,219.94;RSD;8914389074;2024-08-31;YES;NO;217;OMV-RS;;;;D;7,885.80;Yes;732805;2024-08-29;1;
710111;107258;267;BG 2280 - EU;2024-09-05 08:25:00;OMV EVRO DIZEL;42.22;7,599.60;1,266.60;00274031;71451;71451;                  ;SR;BATAJNICA;OMV EVRO DIZEL;180.000;7,599.60;0.00;0.00;1,266.60;RSD;8914391411;2024-09-15;YES;NO;217;OMV-RS;;;;D;8,190.70;Yes;782603;2024-09-05;1;
710111;107258;267;BG 2280 - EU;2024-09-13 11:22:00;OMV EVRO DIZEL;42.13;7,520.21;1,253.37;00416943;0;0;                  ;SR;OBILAZNICA 1;OMV EVRO DIZEL;178.500;7,520.21;0.00;0.00;1,253.37;RSD;8914391411;2024-09-15;YES;NO;217;OMV-RS;;;;D;8,173.20;Yes;712302;2024-09-13;1;
710111;107258;267;BG 2280 - EU;2024-09-28 07:48:00;OMV EVRO DIZEL;40.47;7,183.43;1,197.24;00282482;73680;73680;                  ;SR;BATAJNICA;OMV EVRO DIZEL;177.500;7,183.43;0.00;0.00;1,197.24;RSD;8914394055;2024-09-30;YES;NO;217;OMV-RS;;;;D;7,689.30;Yes;774814;2024-09-28;1;
710111;107258;267;BG 2280 - EU;2024-10-07 09:31:00;OMV EVRO DIZEL;36.59;6,531.32;1,088.55;00285476;74349;74349;                  ;SR;BATAJNICA;OMV EVRO DIZEL;178.500;6,531.32;0.00;0.00;1,088.55;RSD;8914396403;2024-10-15;YES;NO;217;OMV-RS;;;;D;6,988.70;Yes;793145;2024-10-07;1;
710111;107258;267;BG 2280 - EU;2024-10-15 10:15:00;OMV EVRO DIZEL;39.70;7,423.90;1,237.32;00538241;75066;75066;                  ;SR;ADA CIGANLIJA;OMV EVRO DIZEL;187.000;7,423.90;0.00;0.00;1,237.32;RSD;8914396403;2024-10-15;YES;NO;217;OMV-RS;;;;D;7,701.80;Yes;701559;2024-10-15;1;
710111;107258;267;BG 2280 - EU;2024-10-23 08:41:00;OMV EVRO DIZEL;39.49;7,424.12;1,237.35;00195542;0;0;                  ;SR;BUBANJ POTOK;OMV EVRO DIZEL;188.000;7,424.12;0.00;0.00;1,237.35;RSD;8914399056;2024-10-31;YES;NO;217;OMV-RS;;;;D;7,700.60;Yes;784128;2024-10-23;1;
710111;107258;267;BG 2280 - EU;2024-10-29 10:12:00;OMV EVRO DIZEL;38.04;7,075.44;1,179.24;00546489;76436;76436;                  ;SR;ADA CIGANLIJA;OMV EVRO DIZEL;186.000;7,075.44;0.00;0.00;1,179.24;RSD;8914399056;2024-10-31;YES;NO;217;OMV-RS;;;;D;7,341.70;Yes;701222;2024-10-29;1;
710111;107258;267;BG 2280 - EU;2024-11-20 08:05:00;OMV EVRO DIZEL;42.14;7,922.32;1,320.39;00300466;78472;78472;                  ;SR;BATAJNICA;OMV EVRO DIZEL;188.000;7,922.32;0.00;0.00;1,320.39;RSD;8914404050;2024-11-30;YES;NO;217;OMV-RS;;;;D;8,175.20;Yes;780623;2024-11-20;1;
710111;107258;267;BG 2280 - EU;2024-11-27 08:57:00;OMV EVRO DIZEL;40.48;7,731.68;1,288.61;00302795;79164;79164;                  ;SR;BATAJNICA;OMV EVRO DIZEL;191.000;7,731.68;0.00;0.00;1,288.61;RSD;8914404050;2024-11-30;YES;NO;217;OMV-RS;;;;D;7,974.60;Yes;785902;2024-11-27;1;
710111;107258;267;BG 2280 - EU;2024-12-05 09:25:00;OMV EVRO DIZEL;41.00;7,831.00;1,305.17;00041192;79824;79824;                  ;SR;DOBANOVCI-SURCIN;OMV EVRO DIZEL;191.000;7,831.00;0.00;0.00;1,305.17;RSD;8914406383;2024-12-15;YES;NO;217;OMV-RS;;;;D;8,077.00;Yes;792506;2024-12-05;1;
710111;107258;267;BG 2280 - EU;2024-12-06 08:21:00;AdBlue;8.31;700.37;116.73;00041611;0;0;                  ;SR;DOBANOVCI-SURCIN;AdBlue;84.280;700.37;0.00;0.00;116.73;RSD;8914406383;2024-12-15;YES;NO;217;OMV-RS;;;;D;1,030.40;Yes;782052;2024-12-06;1;
710111;107258;267;BG 2280 - EU;2024-12-11 09:05:00;OMV EVRO DIZEL;35.55;6,718.95;1,119.82;00043503;80422;80422;                  ;SR;DOBANOVCI-SURCIN;OMV EVRO DIZEL;189.000;6,718.95;0.00;0.00;1,119.82;RSD;8914406383;2024-12-15;YES;NO;217;OMV-RS;;;;D;6,967.80;Yes;790529;2024-12-11;1;
710111;107258;267;BG 2280 - EU;2024-12-17 09:32:00;OMV EVRO DIZEL;36.75;6,945.75;1,157.62;00045914;80971;80971;                  ;SR;DOBANOVCI-SURCIN;OMV EVRO DIZEL;189.000;6,945.75;0.00;0.00;1,157.62;RSD;8914409008;2024-12-31;YES;NO;217;OMV-RS;;;;D;7,203.00;Yes;793228;2024-12-17;1;
710111;107258;267;BG 2280 - EU;2024-12-17 09:34:00;AdBlue;1.33;112.09;18.68;00045915;0;0;                  ;SR;DOBANOVCI-SURCIN;AdBlue;84.280;112.09;0.00;0.00;18.68;RSD;8914409008;2024-12-31;YES;NO;217;OMV-RS;;;;D;164.90;Yes;793452;2024-12-17;1;
710111;107258;267;BG 2280 - EU;2024-12-26 08:52:00;OMV EVRO DIZEL;40.01;7,601.90;1,266.98;00312545;81601;81601;                  ;SR;BATAJNICA;OMV EVRO DIZEL;190.000;7,601.90;0.00;0.00;1,266.98;RSD;8914409008;2024-12-31;YES;NO;217;OMV-RS;;;;D;7,882.00;Yes;785441;2024-12-26;1;
710111;107258;267;BG 2280 - EU;2025-01-16 09:24:00;OMV EVRO DIZEL;41.00;7,995.00;1,332.50;00583040;82229;82229;                  ;SR;ADA CIGANLIJA;OMV EVRO DIZEL;195.000;7,995.00;0.00;0.00;1,332.50;RSD;8915354647;2025-01-31;YES;NO;217;OMV-RS;;;;D;8,241.00;Yes;792643;2025-01-16;1;
710111;107258;267;BG 2280 - EU;2025-01-24 11:48:00;OMV EVRO DIZEL;41.54;8,224.92;1,370.82;00001082;82838;82838;                  ;SR;BATAJNICA;OMV EVRO DIZEL;198.000;8,224.92;0.00;0.00;1,370.82;RSD;8915354647;2025-01-31;YES;NO;217;OMV-RS;;;;D;8,474.16;Yes;715124;2025-01-24;1;
710111;107258;267;BG 2280 - EU;2025-02-01 09:22:00;OMV EVRO DIZEL;35.01;6,826.95;1,137.82;00003859;83429;83429;                  ;SR;ADA CIGANLIJA;OMV EVRO DIZEL;195.000;6,826.95;0.00;0.00;1,137.82;RSD;8915357106;2025-02-15;YES;NO;217;OMV-RS;;;;D;7,037.00;Yes;792522;2025-02-01;1;
710111;107258;267;BG 2280 - EU;2025-02-08 09:15:00;OMV EVRO DIZEL;37.00;7,215.00;1,202.50;00007816;84030;84030;                  ;SR;ADA CIGANLIJA;OMV EVRO DIZEL;195.000;7,215.00;0.00;0.00;1,202.50;RSD;8915359791;2025-02-28;YES;NO;217;OMV-RS;;;;D;7,437.00;Yes;791755;2025-02-08;1;
710111;107258;267;BG 2280 - EU;2025-02-18 08:43:00;OMV EVRO DIZEL;37.41;7,482.00;1,247.00;00008597;84588;84588;                  ;SR;BATAJNICA;OMV EVRO DIZEL;200.000;7,482.00;0.00;0.00;1,247.00;RSD;8915359791;2025-02-28;YES;NO;217;OMV-RS;;;;D;7,594.23;Yes;784702;2025-02-18;1;
710111;107258;267;BG 2280 - EU;2025-02-24 08:54:00;OMV EVRO DIZEL;37.96;7,592.00;1,265.33;00010603;58212;58212;                  ;SR;BATAJNICA;OMV EVRO DIZEL;200.000;7,592.00;0.00;0.00;1,265.33;RSD;8915359791;2025-02-28;YES;NO;217;OMV-RS;;;;D;7,743.84;Yes;785835;2025-02-24;1;
710111;107258;267;BG 2280 - EU;2025-03-03 09:09:00;OMV EVRO DIZEL;37.52;7,466.48;1,244.41;00074457;85833;85833;                  ;SR;DOBANOVCI-SURCIN;OMV EVRO DIZEL;199.000;7,466.48;0.00;0.00;1,244.41;RSD;8915362134;2025-03-15;YES;NO;217;OMV-RS;;;;D;7,616.60;Yes;790838;2025-03-03;1;
710111;107258;267;BG 2280 - EU;2025-03-10 20:16:00;OMV EVRO DIZEL;36.81;7,155.86;1,192.64;00077807;86466;86466;                  ;SR;DOBANOVCI-SURCIN;OMV EVRO DIZEL;194.400;7,155.86;0.00;0.00;1,192.64;RSD;8915362134;2025-03-15;YES;NO;217;OMV-RS;;;;D;7,362.00;Yes;701525;2025-03-10;1;
710111;107258;267;BG 2280 - EU;2025-03-18 09:36:00;OMV EVRO DIZEL;37.71;7,213.92;1,202.32;00018518;87071;87071;                  ;SR;BATAJNICA;OMV EVRO DIZEL;191.300;7,213.92;0.00;0.00;1,202.32;RSD;8915364775;2025-03-31;YES;NO;217;OMV-RS;;;;D;7,428.87;Yes;794122;2025-03-18;1;
710111;107258;267;BG 2280 - EU;2025-03-18 19:07:00;AdBlue;4.52;403.55;67.26;00080975;87175;87175;                  ;SR;DOBANOVCI-SURCIN;AdBlue;89.280;403.55;0.00;0.00;67.26;RSD;8915364775;2025-03-31;YES;NO;217;OMV-RS;;;;D;583.10;Yes;790539;2025-03-18;1;
710111;107258;267;BG 2280 - EU;2025-03-25 10:05:00;OMV EVRO DIZEL;36.68;6,932.52;1,155.42;00021097;87729;87729;                  ;SR;BATAJNICA;OMV EVRO DIZEL;189.000;6,932.52;0.00;0.00;1,155.42;RSD;8915364775;2025-03-31;YES;NO;217;OMV-RS;;;;D;7,152.60;Yes;701012;2025-03-25;1;
710111;107258;267;BG 2280 - EU;2025-04-03 10:35:00;OMV EVRO DIZEL;36.00;6,840.00;1,140.00;00087733;88391;88391;                  ;SR;DOBANOVCI-SURCIN;OMV EVRO DIZEL;190.000;6,840.00;0.00;0.00;1,140.00;RSD;8915367133;2025-04-15;YES;NO;217;OMV-RS;;;;D;7,056.00;Yes;703324;2025-04-03;1;
710111;107258;267;BG 2280 - EU;2025-04-11 11:28:00;OMV EVRO DIZEL;33.51;6,366.90;1,061.15;00034936;89051;89051;                  ;SR;ADA CIGANLIJA;OMV EVRO DIZEL;190.000;6,366.90;0.00;0.00;1,061.15;RSD;8915367133;2025-04-15;YES;NO;217;OMV-RS;;;;D;6,568.00;Yes;713222;2025-04-11;1;
710111;107258;267;BG 2280 - EU;2025-04-22 09:53:00;OMV EVRO DIZEL;39.49;7,226.67;1,204.44;00031117;89681;89681;                  ;SR;BATAJNICA;OMV EVRO DIZEL;183.000;7,226.67;0.00;0.00;1,204.44;RSD;8915369797;2025-04-30;YES;NO;217;OMV-RS;;;;D;7,463.61;Yes;795923;2025-04-22;1;
710111;107258;267;BG 2280 - EU;2025-05-01 09:29:00;OMV EVRO DIZEL;42.01;7,645.82;1,274.30;00034579;90404;90404;                  ;SR;BATAJNICA;OMV EVRO DIZEL;182.000;7,645.82;0.00;0.00;1,274.30;RSD;8915372197;2025-05-15;YES;NO;217;OMV-RS;;;;D;7,897.88;Yes;793457;2025-05-01;1;
710111;107258;267;BG 2280 - EU;2025-05-15 09:20:00;OMV EVRO DIZEL;37.14;6,685.20;1,114.20;00107259;91127;91127;                  ;SR;DOBANOVCI-SURCIN;OMV EVRO DIZEL;180.000;6,685.20;0.00;0.00;1,114.20;RSD;8915372197;2025-05-15;YES;NO;217;OMV-RS;;;;D;6,908.00;Yes;792004;2025-05-15;1;
710111;107258;267;BG 2280 - EU;2025-05-24 15:26:00;OMV EVRO DIZEL;40.92;7,406.52;1,234.42;00059011;0;0;                  ;SR;ADA CIGANLIJA;OMV EVRO DIZEL;181.000;7,406.52;0.00;0.00;1,234.42;RSD;8915374857;2025-05-31;YES;NO;217;OMV-RS;;;;D;7,652.00;Yes;752649;2025-05-24;1;
710111;107258;267;BG 2280 - EU;2025-06-05 07:09:00;OMV EVRO DIZEL;42.52;7,696.12;1,282.69;00047905;92525;92525;                  ;SR;BATAJNICA;OMV EVRO DIZEL;181.000;7,696.12;0.00;0.00;1,282.69;RSD;8915377281;2025-06-15;YES;NO;217;OMV-RS;;;;D;7,951.24;Yes;771651;2025-06-05;1;
710111;107258;267;BG 2280 - EU;2025-06-21 09:09:00;OMV EVRO DIZEL;39.51;7,348.86;1,224.81;00065381;93311;93311;                  ;SR;METRO;OMV EVRO DIZEL;186.000;7,348.86;0.00;0.00;1,224.81;RSD;8915379951;2025-06-30;YES;NO;217;OMV-RS;;;;D;7,585.90;Yes;790922;2025-06-21;1;
710111;107258;267;BG 2280 - EU;2025-07-03 12:34:00;OMV EVRO DIZEL;41.15;7,736.20;1,289.37;00080506;93988;93988;                  ;SR;ADA CIGANLIJA;OMV EVRO DIZEL;188.000;7,736.20;0.00;0.00;1,289.37;RSD;8915382357;2025-07-15;YES;NO;217;OMV-RS;;;;D;7,983.10;Yes;723443;2025-07-03;1;
710111;107258;267;BG 2280 - EU;2025-07-16 08:29:00;OMV EVRO DIZEL;44.00;8,360.00;1,393.33;00069410;74709;74709;                  ;SR;DOBANOVCI-SURCIN;OMV EVRO DIZEL;190.000;8,360.00;0.00;0.00;1,393.33;RSD;8915385043;2025-07-31;YES;NO;217;OMV-RS;;;;D;8,624.00;Yes;782915;2025-07-16;1;
710111;107258;267;BG 2280 - EU;2025-07-25 11:03:00;OMV EVRO DIZEL;41.57;7,939.87;1,323.31;00142670;95439;95439;                  ;SR;DOBANOVCI-SURCIN;OMV EVRO DIZEL;191.000;7,939.87;0.00;0.00;1,323.31;RSD;8915385043;2025-07-31;YES;NO;217;OMV-RS;;;;D;8,189.30;Yes;710341;2025-07-25;1;
710111;107258;267;BG 2280 - EU;2025-08-05 09:00:00;OMV EVRO DIZEL;37.01;7,031.90;1,171.98;00079766;96116;96116;                  ;SR;DOBANOVCI-SURCIN;OMV EVRO DIZEL;190.000;7,031.90;0.00;0.00;1,171.98;RSD;8915387463;2025-08-15;YES;NO;217;OMV-RS;;;;D;7,254.00;Yes;790042;2025-08-05;1;
710111;107258;267;BG 2280 - EU;2025-08-13 11:43:00;OMV EVRO DIZEL;40.00;7,440.00;1,240.00;00154540;96731;96731;                  ;SR;DOBANOVCI-SURCIN;OMV EVRO DIZEL;186.000;7,440.00;0.00;0.00;1,240.00;RSD;8915387463;2025-08-15;YES;NO;217;OMV-RS;;;;D;7,720.00;Yes;714401;2025-08-13;1;
710111;107258;267;BG 2280 - EU;2025-09-13 16:09:00;OMV EVRO DIZEL;33.35;6,236.45;1,039.41;00113472;97323;97323;                  ;SR;JURIJA GAGARINA;OMV EVRO DIZEL;187.000;6,236.45;0.00;0.00;1,039.41;RSD;8915392542;2025-09-15;YES;NO;217;OMV-RS;;;;D;6,469.90;Yes;761015;2025-09-13;1;
710111;107258;267;BG 2280 - EU;2025-09-25 12:56:00;OMV EVRO DIZEL;34.00;6,392.00;1,065.33;00131334;98043;98043;                  ;SR;BULEVAR;OMV EVRO DIZEL;188.000;6,392.00;0.00;0.00;1,065.33;RSD;8915395222;2025-09-30;YES;NO;117;OMV-RS;;;;D;6,630.00;Yes;725713;2025-09-25;1;
710111;107258;291;BG 1461 - DX;2025-11-12 16:03:00;OMV EVRO DIZEL;43.42;8,423.48;1,403.91;00126289;0;0;                  ;SR;PANCEVO 1;OMV EVRO DIZEL;194.000;8,423.48;0.00;0.00;1,403.91;RSD;8915402843;2025-11-15;YES;NO;117;OMV-RS;;;;D;8,597.20;Yes;760315;2025-11-12;1;
710111;107258;291;BG 1461 - DX;2025-11-17 07:29:00;OMV EVRO DIZEL;42.00;8,274.00;1,379.00;00077784;0;0;                  ;SR;PARTIZANSKI PUT;OMV EVRO DIZEL;197.000;8,274.00;0.00;0.00;1,379.00;RSD;8915405535;2025-11-30;YES;NO;217;OMV-RS;;;;D;8,442.00;Yes;772954;2025-11-17;1;
710111;107258;291;BG 1461 - DX;2026-01-28 19:56:00;OMV EVRO DIZEL;32.14;5,994.11;999.02;00104233;0;0;                  ;SR;PARTIZANSKI PUT;OMV EVRO DIZEL;186.500;5,994.11;0.00;0.00;999.02;RSD;8916354637;2026-01-31;YES;NO;217;OMV-RS;;;;D;6,203.02;Yes;795643;2026-01-28;1;
710111;107258;291;BG 1461 - DX;2026-04-08 06:55:00;OMV EVRO DIZEL;36.00;7,704.00;1,284.00;00012109;0;0;                  ;SR;BULEVAR;OMV EVRO DIZEL;214.000;7,704.00;0.00;0.00;1,284.00;RSD;8916369392;2026-04-09;YES;NO;117;OMV-RS;;;;D;7,704.00;Yes;765532;2026-04-08;1;
710111;107258;291;BG 1461 - DX;2026-04-09 17:18:00;OMV EVRO DIZEL;34.59;7,506.03;1,251.00;00176536;0;0;                  ;SR;RAZANJ;OMV EVRO DIZEL;217.000;7,506.03;0.00;0.00;1,251.00;RSD;8916369392;2026-04-09;YES;NO;217;OMV-RS;;;;D;7,506.03;Yes;771831;2026-04-09;1;
710111;107258;291;BG 1461 - DX;2026-04-22 09:00:00;OMV EVRO DIZEL;34.57;7,501.69;1,250.28;00295221;0;0;                  ;SR;ALEKSINAC;OMV EVRO DIZEL;217.000;7,501.69;0.00;0.00;1,250.28;RSD;8916372386;2026-04-30;YES;NO;217;OMV-RS;;;;D;7,501.69;Yes;790011;2026-04-22;1;
710111;107258;291;BG 1461 - DX;2026-04-23 18:54:00;OMV EVRO DIZEL;40.84;8,862.28;1,477.05;00219301;0;0;                  ;SR;PARTIZANSKI PUT;OMV EVRO DIZEL;217.000;8,862.28;0.00;0.00;1,477.05;RSD;8916372386;2026-04-30;YES;NO;217;OMV-RS;;;;D;8,862.28;Yes;785416;2026-04-23;1;
710111;107258;291;BG 1461 - DX;2026-05-21 15:50:00;OMV EVRO DIZEL;45.00;9,877.50;1,646.25;00204379;0;0;                  ;SR;DOLJEVAC;OMV EVRO DIZEL;219.500;9,877.50;0.00;0.00;1,646.25;RSD;8916378386;2026-05-31;YES;NO;217;OMV-RS;;;;D;10,035.00;Yes;755047;2026-05-21;1;
710111;107258;291;BG 1461 - DX;2026-05-25 09:40:00;OMV EVRO DIZEL;32.89;7,285.14;1,214.19;00273922;0;0;                  ;SR;ADA CIGANLIJA;OMV EVRO DIZEL;221.500;7,285.14;0.00;0.00;1,214.19;RSD;8916378386;2026-05-31;YES;NO;217;OMV-RS;;;;D;7,400.25;Yes;794059;2026-05-25;1;
710111;107258;291;BG 1461 - DX;2026-06-11 06:09:00;OMV EVRO DIZEL;40.74;8,881.32;1,480.22;00118215;0;0;                  ;SR;PANCEVO 1;OMV EVRO DIZEL;218.000;8,881.32;0.00;0.00;1,480.22;RSD;8916381034;2026-06-15;YES;NO;117;OMV-RS;;;;D;9,044.28;Yes;760912;2026-06-11;1;
710111;107258;291;BG 1461 - DX;2026-06-16 17:59:00;OMV EVRO DIZEL;36.41;7,828.15;1,304.69;00217318;0;0;                  ;SR;DOLJEVAC;OMV EVRO DIZEL;215.000;7,828.15;0.00;0.00;1,304.69;RSD;8916383263;2026-06-21;YES;NO;217;OMV-RS;;;;D;8,010.20;Yes;780006;2026-06-16;1;
710111;107258;291;BG 1461 - DX;2026-07-06 08:14:00;OMV EVRO DIZEL;43.45;9,211.40;1,535.23;00049509;0;0;                  ;SR;ALEKSINAC;OMV EVRO DIZEL;212.000;9,211.40;0.00;0.00;1,535.23;RSD;8916391266;2026-07-12;YES;NO;217;OMV-RS;;;;D;9,515.55;Yes;781411;2026-07-06;1;
710111;107258;291;BG 1461 - DX;2026-07-23 15:52:00;OMV EVRO DIZEL;40.65;8,943.00;1,490.50;00244555;0;0;                  ;SR;PANCEVO 1;OMV EVRO DIZEL;220.000;8,943.00;0.00;0.00;1,490.50;RSD;;;NO;NO;117;OMV-RS;;;;D;9,024.30;Yes;755236;2026-07-23;1;
710111;107258;291;BG 1461 - DX;2026-07-25 17:31:00;OMV EVRO DIZEL;41.45;9,160.45;1,526.74;00201097;0;0;                  ;SR;LAPOVO SEVER;OMV EVRO DIZEL;221.000;9,160.45;0.00;0.00;1,526.74;RSD;;;NO;NO;217;OMV-RS;;;;D;9,284.80;Yes;773200;2026-07-25;1;
710111;107258;51;BG 2521 - SF;2024-02-05 08:26:00;OMV EVRO DIZEL;29.77;5,641.42;940.24;00392699;0;0;                  ;SR;ADA CIGANLIJA;OMV EVRO DIZEL;189.500;5,641.42;0.00;0.00;940.24;RSD;8914357027;2024-02-15;YES;NO;217;OMV-RS;;;;D;5,954.00;Yes;783019;2024-02-05;1;
710111;107258;51;BG 2521 - SF;2024-02-05 11:03:00;OMV EVRO DIZEL;15.19;2,878.51;479.75;00260447;0;0;                  ;SR;KRALJEVO 2;OMV EVRO DIZEL;189.500;2,878.51;0.00;0.00;479.75;RSD;8914357027;2024-02-15;YES;NO;217;OMV-RS;;;;D;3,038.00;Yes;710327;2024-02-05;1;
710111;107258;51;BG 2521 - SF;2024-02-09 11:50:00;OMV EVRO DIZEL;17.32;3,282.14;547.02;00261687;0;0;                  ;SR;KRALJEVO 2;OMV EVRO DIZEL;189.500;3,282.14;0.00;0.00;547.02;RSD;8914357027;2024-02-15;YES;NO;217;OMV-RS;;;;D;3,464.00;Yes;715103;2024-02-09;1;
710111;107258;51;BG 2521 - SF;2024-02-24 08:14:00;OMV EVRO DIZEL;46.95;9,202.20;1,533.70;00324623;0;0;                  ;SR;RUMA;OMV EVRO DIZEL;196.000;9,202.20;0.00;0.00;1,533.70;RSD;8914359644;2024-02-29;YES;NO;217;OMV-RS;;;;D;9,671.70;Yes;781427;2024-02-24;1;
710111;107258;51;BG 2521 - SF;2024-02-26 09:07:00;OMV EVRO DIZEL;30.92;6,060.32;1,010.05;00137825;0;0;                  ;SR;LAPOVO JUG;OMV EVRO DIZEL;196.000;6,060.32;0.00;0.00;1,010.05;RSD;8914359644;2024-02-29;YES;NO;217;OMV-RS;;;;D;6,369.50;Yes;790739;2024-02-26;1;
710111;107258;51;BG 2521 - SF;2024-02-28 14:33:00;OMV EVRO DIZEL;32.43;6,356.28;1,059.38;00015939;0;0;                  ;SR;TRSTENIK;OMV EVRO DIZEL;196.000;6,356.28;0.00;0.00;1,059.38;RSD;8914359644;2024-02-29;YES;NO;117;OMV-RS;;;;D;6,680.60;Yes;743321;2024-02-28;1;
710111;107258;51;BG 2521 - SF;2024-03-07 09:27:00;OMV EVRO DIZEL;31.03;6,004.31;1,000.72;00347383;0;0;                  ;SR;CELIJE;OMV EVRO DIZEL;193.500;6,004.31;0.00;0.00;1,000.72;RSD;8914361928;2024-03-15;YES;NO;117;OMV-RS;;;;D;6,330.10;Yes;792741;2024-03-07;1;
710111;107258;51;BG 2521 - SF;2024-03-10 09:04:00;OMV EVRO DIZEL;20.01;3,861.93;643.65;00329530;125250;125250;                  ;SR;LAPOVO SEVER;OMV EVRO DIZEL;193.000;3,861.93;0.00;0.00;643.65;RSD;8914361928;2024-03-15;YES;NO;217;OMV-RS;;;;D;4,042.00;Yes;790925;2024-03-10;1;
710111;107258;51;BG 2521 - SF;2024-03-11 11:48:00;OMV EVRO DIZEL;31.41;6,062.13;1,010.35;00168432;125404;125404;                  ;SR;CACAK;OMV EVRO DIZEL;193.000;6,062.13;0.00;0.00;1,010.35;RSD;8914361928;2024-03-15;YES;NO;217;OMV-RS;;;;D;6,344.80;Yes;714845;2024-03-11;1;
710111;107258;51;BG 2521 - SF;2024-03-18 09:09:00;EDMAXXM ZIMSKI;35.44;7,332.50;1,222.08;00414051;0;0;                  ;SR;ADA CIGANLIJA;EDMAXXM ZIMSKI;206.899;7,332.50;0.00;0.00;1,222.08;RSD;8914364543;2024-03-31;YES;NO;217;OMV-RS;;;;D;0.00;No;791454;2024-03-18;1;
710111;107258;51;BG 2521 - SF;2024-03-20 10:22:00;OMV EVRO DIZEL;37.38;7,027.44;1,171.24;00170429;0;0;                  ;SR;CACAK;OMV EVRO DIZEL;188.000;7,027.44;0.00;0.00;1,171.24;RSD;8914364543;2024-03-31;YES;NO;217;OMV-RS;;;;D;7,438.60;Yes;702224;2024-03-20;1;
710111;107258;51;BG 2521 - SF;2024-04-01 10:58:00;OMV EVRO DIZEL;49.29;9,439.04;1,573.17;00422090;0;0;                  ;SR;ADA CIGANLIJA;OMV EVRO DIZEL;191.500;9,439.04;0.00;0.00;1,573.17;RSD;8914366835;2024-04-15;YES;NO;217;OMV-RS;;;;D;10,005.90;Yes;710419;2024-04-01;1;
710111;107258;51;BG 2521 - SF;2024-04-08 13:52:00;OMV EVRO DIZEL;27.40;5,260.80;876.80;00174875;0;0;                  ;SR;CACAK;OMV EVRO DIZEL;192.000;5,260.80;0.00;0.00;876.80;RSD;8914366835;2024-04-15;YES;NO;217;OMV-RS;;;;D;5,644.40;Yes;735250;2024-04-08;1;
710111;107258;51;BG 2521 - SF;2024-04-12 13:33:00;OMV EVRO DIZEL;48.28;9,269.76;1,544.96;00279785;127300;127300;                  ;SR;PANCEVO 1;OMV EVRO DIZEL;192.000;9,269.76;0.00;0.00;1,544.96;RSD;8914366835;2024-04-15;YES;NO;117;OMV-RS;;;;D;9,945.70;Yes;733328;2024-04-12;1;
710111;107258;51;BG 2521 - SF;2024-04-18 10:19:00;ED MAXXMOTION;47.98;10,886.70;1,814.45;00321968;142580;142580;                  ;SR;OBILAZNICA 1;ED MAXXMOTION;226.901;10,886.70;0.00;0.00;1,814.45;RSD;8914369474;2024-04-30;YES;NO;217;OMV-RS;;;;D;0.00;No;701930;2024-04-18;1;
710111;107258;51;BG 2521 - SF;2024-04-23 14:04:00;OMV EVRO DIZEL;39.21;7,528.32;1,254.72;00376221;127876;127876;                  ;SR;OBILAZNICA 1;OMV EVRO DIZEL;192.000;7,528.32;0.00;0.00;1,254.72;RSD;8914369474;2024-04-30;YES;NO;217;OMV-RS;;;;D;8,077.30;Yes;740448;2024-04-23;1;
710111;107258;51;BG 2521 - SF;2024-05-15 16:00:00;OMV EVRO DIZEL;49.22;9,327.19;1,554.53;00282745;0;0;                  ;SR;JURIJA GAGARINA;OMV EVRO DIZEL;189.500;9,327.19;0.00;0.00;1,554.53;RSD;8914371718;2024-05-15;YES;NO;217;OMV-RS;;;;D;9,991.70;Yes;760035;2024-05-15;1;
710111;107258;51;BG 2521 - SF;2024-05-21 08:29:00;OMV EVRO DIZEL;40.18;7,533.75;1,255.62;00452478;0;0;                  ;SR;ADA CIGANLIJA;OMV EVRO DIZEL;187.500;7,533.75;0.00;0.00;1,255.62;RSD;8914374363;2024-05-31;YES;NO;217;OMV-RS;;;;D;8,076.20;Yes;783716;2024-05-21;1;
710111;107258;51;BG 2521 - SF;2024-06-07 07:06:00;ED MAXXMOTION;36.00;8,024.40;1,337.40;00479187;128554;128554;                  ;SR;BESKA 2;ED MAXXMOTION;222.900;8,024.40;0.00;0.00;1,337.40;RSD;8914376641;2024-06-15;YES;NO;217;OMV-RS;;;;D;0.00;No;770636;2024-06-07;1;
710111;107258;51;BG 2521 - SF;2024-06-20 06:17:00;OMV EVRO DIZEL;29.60;5,550.00;925.00;00472124;0;0;                  ;SR;ADA CIGANLIJA;OMV EVRO DIZEL;187.500;5,550.00;0.00;0.00;925.00;RSD;8914379249;2024-06-30;YES;NO;217;OMV-RS;;;;D;5,949.60;Yes;761743;2024-06-20;1;
710111;107258;51;BG 2521 - SF;2024-08-13 07:08:00;OMV EVRO DIZEL;43.18;7,945.12;1,324.19;00303608;0;0;                  ;SR;ADA CIGANLIJA;OMV EVRO DIZEL;184.000;7,945.12;0.00;0.00;1,324.19;RSD;8914386444;2024-08-15;YES;NO;217;OMV-RS;;;;D;8,549.60;Yes;770832;2024-08-13;1;
710111;107258;51;BG 2521 - SF;2024-08-23 16:04:00;OMV EVRO DIZEL;29.45;5,330.45;888.41;00378701;0;0;                  ;SR;ZRENJANIN 2;OMV EVRO DIZEL;181.000;5,330.45;0.00;0.00;888.41;RSD;8914389074;2024-08-31;YES;NO;117;OMV-RS;;;;D;5,742.80;Yes;760452;2024-08-23;1;
710111;107258;51;BG 2521 - SF;2024-09-09 08:38:00;ED MAXXMOTION;15.38;3,120.60;520.10;00382172;0;0;                  ;SR;METRO;ED MAXXMOTION;202.900;3,120.60;0.00;0.00;520.10;RSD;8914391411;2024-09-15;YES;NO;217;OMV-RS;;;;D;0.00;No;783842;2024-09-09;1;
710111;107258;51;BG 2521 - SF;2024-09-20 09:45:00;OMV EVRO DIZEL;35.19;6,246.23;1,041.04;00392183;0;0;                  ;SR;ZRENJANIN 2;OMV EVRO DIZEL;177.500;6,246.23;0.00;0.00;1,041.04;RSD;8914394055;2024-09-30;YES;NO;117;OMV-RS;;;;D;6,721.30;Yes;794529;2024-09-20;1;
710111;107258;51;BG 2521 - SF;2024-09-30 14:42:00;OMV EVRO DIZEL;42.44;7,533.10;1,255.52;00177934;0;0;                  ;SR;UZICE;OMV EVRO DIZEL;177.500;7,533.10;0.00;0.00;1,255.52;RSD;8914394055;2024-09-30;YES;NO;117;OMV-RS;;;;D;8,063.60;Yes;744310;2024-09-30;1;
710111;107258;51;BG 2521 - SF;2024-10-03 13:56:00;OMV EVRO DIZEL;36.55;6,487.63;1,081.27;00532423;0;0;                  ;SR;ADA CIGANLIJA;OMV EVRO DIZEL;177.500;6,487.63;0.00;0.00;1,081.27;RSD;8914396403;2024-10-15;YES;NO;217;OMV-RS;;;;D;6,944.50;Yes;735608;2024-10-03;1;
710111;107258;51;BG 2521 - SF;2024-10-25 14:11:00;OMV EVRO DIZEL;49.76;9,354.88;1,559.15;00334473;0;0;                  ;SR;ADA CIGANLIJA;OMV EVRO DIZEL;188.000;9,354.88;0.00;0.00;1,559.15;RSD;8914399056;2024-10-31;YES;NO;217;OMV-RS;;;;D;9,703.20;Yes;741155;2024-10-25;1;
710111;107258;51;BG 2521 - SF;2024-11-15 08:24:00;OMV EVRO DIZEL;37.88;7,121.44;1,186.91;00503593;0;0;                  ;SR;OBILAZNICA 1;OMV EVRO DIZEL;188.000;7,121.44;0.00;0.00;1,186.91;RSD;8914401397;2024-11-15;YES;NO;217;OMV-RS;;;;D;7,348.70;Yes;782412;2024-11-15;1;
710111;107258;51;BG 2521 - SF;2024-11-18 07:58:00;OMV EVRO DIZEL;26.38;4,959.44;826.57;00081291;0;0;                  ;SR;BUBANJ POTOK;OMV EVRO DIZEL;188.000;4,959.44;0.00;0.00;826.57;RSD;8914404050;2024-11-30;YES;NO;217;OMV-RS;;;;D;5,117.70;Yes;775857;2024-11-18;1;
710111;107258;51;BG 2521 - SF;2024-12-13 10:28:00;OMV EVRO DIZEL;37.96;7,174.44;1,195.74;00353987;0;0;                  ;SR;JURIJA GAGARINA;OMV EVRO DIZEL;189.000;7,174.44;0.00;0.00;1,195.74;RSD;8914406383;2024-12-15;YES;NO;217;OMV-RS;;;;D;7,440.20;Yes;702806;2024-12-13;1;
710111;107258;51;BG 2521 - SF;2025-01-10 11:19:00;OMV EVRO DIZEL;36.52;7,011.84;1,168.64;00363545;0;0;                  ;SR;JURIJA GAGARINA;OMV EVRO DIZEL;192.000;7,011.84;0.00;0.00;1,168.64;RSD;8915352029;2025-01-15;YES;NO;217;OMV-RS;;;;D;7,267.50;Yes;711941;2025-01-10;1;
710111;107258;51;BG 2521 - SF;2025-01-21 11:13:00;OMV EVRO DIZEL;36.54;7,234.92;1,205.82;00552594;0;0;                  ;SR;BUBANJ POTOK;OMV EVRO DIZEL;198.000;7,234.92;0.00;0.00;1,205.82;RSD;8915354647;2025-01-31;YES;NO;217;OMV-RS;;;;D;7,454.20;Yes;711914;2025-01-21;1;
710111;107258;51;BG 2521 - SF;2025-01-22 12:42:00;OMV EVRO DIZEL;29.85;5,910.30;985.05;00618232;0;0;                  ;SR;BESKA 1;OMV EVRO DIZEL;198.000;5,910.30;0.00;0.00;985.05;RSD;8915354647;2025-01-31;YES;NO;217;OMV-RS;;;;D;6,089.40;Yes;724443;2025-01-22;1;
710111;107258;51;BG 2521 - SF;2025-01-27 10:55:00;OMV EVRO DIZEL;41.20;8,157.60;1,359.60;00226539;0;0;                  ;SR;BESKA 1;OMV EVRO DIZEL;198.000;8,157.60;0.00;0.00;1,359.60;RSD;8915354647;2025-01-31;YES;NO;217;OMV-RS;;;;D;8,404.80;Yes;705700;2025-01-27;1;
710111;107258;51;BG 2521 - SF;2025-02-01 07:47:00;OMV EVRO DIZEL;23.69;4,619.55;769.92;00003364;142565;142565;                  ;SR;RUMA;OMV EVRO DIZEL;195.000;4,619.55;0.00;0.00;769.92;RSD;8915357106;2025-02-15;YES;NO;217;OMV-RS;;;;D;4,761.70;Yes;775025;2025-02-01;1;
710111;107258;51;BG 2521 - SF;2025-02-05 11:12:00;OMV EVRO DIZEL;36.00;7,020.00;1,170.00;00064676;141211;141211;                  ;SR;DOBANOVCI-SURCIN;OMV EVRO DIZEL;195.000;7,020.00;0.00;0.00;1,170.00;RSD;8915357106;2025-02-15;YES;NO;217;OMV-RS;;;;D;7,236.00;Yes;711145;2025-02-05;1;
710111;107258;51;BG 2521 - SF;2025-02-10 10:50:00;OMV EVRO DIZEL;30.21;5,890.95;981.82;00005584;0;0;                  ;SR;LAPOVO SEVER;OMV EVRO DIZEL;195.000;5,890.95;0.00;0.00;981.82;RSD;8915359791;2025-02-28;YES;NO;217;OMV-RS;;;;D;6,072.20;Yes;705409;2025-02-10;1;
710111;107258;51;BG 2521 - SF;2025-02-20 13:01:00;OMV EVRO DIZEL;49.66;9,882.34;1,647.06;00010208;0;0;                  ;SR;ADA CIGANLIJA;OMV EVRO DIZEL;199.000;9,882.34;0.00;0.00;1,647.06;RSD;8915359791;2025-02-28;YES;NO;217;OMV-RS;;;;D;10,081.00;Yes;730431;2025-02-20;1;
710111;107258;51;BG 2521 - SF;2025-03-04 11:25:00;OMV EVRO DIZEL;30.58;6,085.42;1,014.24;00074973;135584;135584;                  ;SR;DOBANOVCI-SURCIN;OMV EVRO DIZEL;199.000;6,085.42;0.00;0.00;1,014.24;RSD;8915362134;2025-03-15;YES;NO;217;OMV-RS;;;;D;6,207.70;Yes;712452;2025-03-04;1;
710111;107258;51;BG 2521 - SF;2025-03-19 09:43:00;OMV EVRO DIZEL;38.00;7,269.40;1,211.57;00030539;136300;136300;                  ;SR;JURIJA GAGARINA;OMV EVRO DIZEL;191.300;7,269.40;0.00;0.00;1,211.57;RSD;8915364775;2025-03-31;YES;NO;217;OMV-RS;;;;D;7,486.00;Yes;794319;2025-03-19;1;
710111;107258;51;BG 2521 - SF;2025-04-05 14:30:00;OMV EVRO DIZEL;31.00;5,890.00;981.67;00088775;136559;136559;                  ;SR;DOBANOVCI-SURCIN;OMV EVRO DIZEL;190.000;5,890.00;0.00;0.00;981.67;RSD;8915367133;2025-04-15;YES;NO;217;OMV-RS;;;;D;6,076.00;Yes;742905;2025-04-05;1;
710111;107258;51;BG 2521 - SF;2025-04-29 09:37:00;OMV EVRO DIZEL;32.21;5,894.43;982.40;00043988;0;0;                  ;SR;ADA CIGANLIJA;OMV EVRO DIZEL;183.000;5,894.43;0.00;0.00;982.40;RSD;8915369797;2025-04-30;YES;NO;217;OMV-RS;;;;D;6,087.70;Yes;793724;2025-04-29;1;
710111;107258;51;BG 2521 - SF;2025-05-12 08:38:00;OMV EVRO DIZEL;39.72;7,149.60;1,191.60;00050544;0;0;                  ;SR;ADA CIGANLIJA;OMV EVRO DIZEL;180.000;7,149.60;0.00;0.00;1,191.60;RSD;8915372197;2025-05-15;YES;NO;217;OMV-RS;;;;D;7,387.90;Yes;783853;2025-05-12;1;
710111;107258;51;BG 2521 - SF;2025-06-16 12:39:00;OMV EVRO DIZEL;34.98;6,401.34;1,066.89;00075934;0;0;                  ;SR;JURIJA GAGARINA;OMV EVRO DIZEL;183.000;6,401.34;0.00;0.00;1,066.89;RSD;8915379951;2025-06-30;YES;NO;217;OMV-RS;;;;D;6,611.20;Yes;723924;2025-06-16;1;
710111;107258;51;BG 2521 - SF;2025-07-07 10:15:00;OMV EVRO DIZEL;52.32;9,836.16;1,639.36;00081469;0;0;                  ;SR;ADA CIGANLIJA;OMV EVRO DIZEL;188.000;9,836.16;0.00;0.00;1,639.36;RSD;8915382357;2025-07-15;YES;NO;217;OMV-RS;;;;D;10,150.10;Yes;701529;2025-07-07;1;
710111;107258;51;BG 2521 - SF;2025-08-11 09:11:00;OMV EVRO DIZEL;21.89;4,071.54;678.59;00023110;0;0;                  ;SR;BUBANJ POTOK;OMV EVRO DIZEL;186.000;4,071.54;0.00;0.00;678.59;RSD;8915387463;2025-08-15;YES;NO;217;OMV-RS;;;;D;4,224.80;Yes;791117;2025-08-11;1;
710111;107258;51;BG 2521 - SF;2025-08-26 10:08:00;OMV EVRO DIZEL;32.20;5,957.00;992.83;00108673;0;0;                  ;SR;ADA CIGANLIJA;OMV EVRO DIZEL;185.000;5,957.00;0.00;0.00;992.83;RSD;8915390137;2025-08-31;YES;NO;217;OMV-RS;;;;D;6,182.40;Yes;700808;2025-08-26;1;
710111;107258;51;BG 2521 - SF;2025-09-06 16:31:00;OMV EVRO DIZEL;24.19;4,523.53;753.92;00127985;0;0;                  ;SR;LAPOVO SEVER;OMV EVRO DIZEL;187.000;4,523.53;0.00;0.00;753.92;RSD;8915392542;2025-09-15;YES;NO;217;OMV-RS;;;;D;4,692.90;Yes;763145;2025-09-06;1;
710111;107258;51;BG 2521 - SF;2025-09-16 16:18:00;OMV EVRO DIZEL;42.83;8,009.21;1,334.87;00119176;0;0;                  ;SR;ADA CIGANLIJA;OMV EVRO DIZEL;187.000;8,009.21;0.00;0.00;1,334.87;RSD;8915395222;2025-09-30;YES;NO;217;OMV-RS;;;;D;8,309.00;Yes;761859;2025-09-16;1;
710111;107258;51;BG 2521 - SF;2025-09-29 09:18:00;OMV EVRO DIZEL;45.01;8,461.88;1,410.31;00148031;0;0;                  ;SR;OBILAZNICA 1;OMV EVRO DIZEL;188.000;8,461.88;0.00;0.00;1,410.31;RSD;8915395222;2025-09-30;YES;NO;217;OMV-RS;;;;D;8,777.00;Yes;791829;2025-09-29;1;
710111;107258;242;BG 2275 - ZR;2024-01-16 12:47:00;OMV EVRO DIZEL;41.00;7,523.50;1,253.92;00324328;58631;58631;                  ;SR;CELIJE;OMV EVRO DIZEL;183.500;7,523.50;0.00;0.00;1,253.92;RSD;8914354763;2024-01-31;YES;NO;117;OMV-RS;;;;D;7,954.00;Yes;724805;2024-01-16;1;
710111;107258;242;BG 2275 - ZR;2024-01-27 09:33:00;OMV EVRO DIZEL;43.00;8,041.00;1,340.17;00328962;59355;59355;                  ;SR;CELIJE;OMV EVRO DIZEL;187.000;8,041.00;0.00;0.00;1,340.17;RSD;8914354763;2024-01-31;YES;NO;117;OMV-RS;;;;D;8,514.00;Yes;793359;2024-01-27;1;
710111;107258;242;BG 2275 - ZR;2024-02-05 12:14:00;OMV EVRO DIZEL;40.00;7,580.00;1,263.33;00333077;60031;60031;                  ;SR;CELIJE;OMV EVRO DIZEL;189.500;7,580.00;0.00;0.00;1,263.33;RSD;8914357027;2024-02-15;YES;NO;117;OMV-RS;;;;D;8,000.00;Yes;721442;2024-02-05;1;
710111;107258;242;BG 2275 - ZR;2024-02-15 09:17:00;OMV EVRO DIZEL;42.95;8,310.83;1,385.14;00337480;60942;60942;                  ;SR;CELIJE;OMV EVRO DIZEL;193.500;8,310.83;0.00;0.00;1,385.14;RSD;8914357027;2024-02-15;YES;NO;117;OMV-RS;;;;D;8,804.80;Yes;791744;2024-02-15;1;
710111;107258;242;BG 2275 - ZR;2024-02-23 12:59:00;OMV EVRO DIZEL;43.01;8,365.45;1,394.24;00341365;61735;61735;                  ;SR;CELIJE;OMV EVRO DIZEL;194.500;8,365.45;0.00;0.00;1,394.24;RSD;8914359644;2024-02-29;YES;NO;117;OMV-RS;;;;D;8,817.10;Yes;725920;2024-02-23;1;
710111;107258;242;BG 2275 - ZR;2024-03-06 10:03:00;OMV EVRO DIZEL;44.00;8,514.00;1,419.00;00346970;62640;62640;                  ;SR;CELIJE;OMV EVRO DIZEL;193.500;8,514.00;0.00;0.00;1,419.00;RSD;8914361928;2024-03-15;YES;NO;117;OMV-RS;;;;D;8,976.00;Yes;700404;2024-03-06;1;
710111;107258;242;BG 2275 - ZR;2024-03-14 14:03:00;OMV EVRO DIZEL;41.00;7,851.50;1,308.58;00350707;63381;63381;                  ;SR;CELIJE;OMV EVRO DIZEL;191.500;7,851.50;0.00;0.00;1,308.58;RSD;8914361928;2024-03-15;YES;NO;117;OMV-RS;;;;D;8,282.00;Yes;740341;2024-03-14;1;
710111;107258;242;BG 2275 - ZR;2024-03-22 11:43:00;OMV EVRO DIZEL;42.00;7,896.00;1,316.00;00354722;64243;64243;                  ;SR;CELIJE;OMV EVRO DIZEL;188.000;7,896.00;0.00;0.00;1,316.00;RSD;8914364543;2024-03-31;YES;NO;117;OMV-RS;;;;D;8,358.00;Yes;714405;2024-03-22;1;
710111;107258;242;BG 2275 - ZR;2024-04-01 16:15:00;OMV EVRO DIZEL;44.00;8,426.00;1,404.33;00360223;65118;65118;                  ;SR;CELIJE;OMV EVRO DIZEL;191.500;8,426.00;0.00;0.00;1,404.33;RSD;8914366835;2024-04-15;YES;NO;117;OMV-RS;;;;D;8,932.00;Yes;761540;2024-04-01;1;
710111;107258;242;BG 2275 - ZR;2024-04-11 14:26:00;OMV EVRO DIZEL;42.00;8,064.00;1,344.00;00365372;65918;65918;                  ;SR;CELIJE;OMV EVRO DIZEL;192.000;8,064.00;0.00;0.00;1,344.00;RSD;8914366835;2024-04-15;YES;NO;117;OMV-RS;;;;D;8,652.00;Yes;742657;2024-04-11;1;
710111;107258;242;BG 2275 - ZR;2024-04-22 16:16:00;OMV EVRO DIZEL;44.00;8,448.00;1,408.00;00371192;66775;66775;                  ;SR;CELIJE;OMV EVRO DIZEL;192.000;8,448.00;0.00;0.00;1,408.00;RSD;8914369474;2024-04-30;YES;NO;117;OMV-RS;;;;D;9,064.00;Yes;761614;2024-04-22;1;
710111;107258;242;BG 2275 - ZR;2024-04-29 06:57:00;OMV EVRO DIZEL;46.00;8,832.00;1,472.00;00374770;67708;67708;                  ;SR;CELIJE;OMV EVRO DIZEL;192.000;8,832.00;0.00;0.00;1,472.00;RSD;8914369474;2024-04-30;YES;NO;117;OMV-RS;;;;D;9,476.00;Yes;765737;2024-04-29;1;
710111;107258;242;BG 2275 - ZR;2024-05-13 11:28:00;OMV EVRO DIZEL;40.00;7,660.00;1,276.67;00382818;68473;68473;                  ;SR;CELIJE;OMV EVRO DIZEL;191.500;7,660.00;0.00;0.00;1,276.67;RSD;8914371718;2024-05-15;YES;NO;117;OMV-RS;;;;D;8,120.00;Yes;712902;2024-05-13;1;
710111;107258;242;BG 2275 - ZR;2024-05-20 11:45:00;OMV EVRO DIZEL;40.00;7,580.00;1,263.33;00386896;69272;69272;                  ;SR;CELIJE;OMV EVRO DIZEL;189.500;7,580.00;0.00;0.00;1,263.33;RSD;8914374363;2024-05-31;YES;NO;117;OMV-RS;;;;D;8,040.00;Yes;714606;2024-05-20;1;
710111;107258;242;BG 2275 - ZR;2024-05-31 10:42:00;OMV EVRO DIZEL;44.00;8,250.00;1,375.00;00392809;70179;70179;                  ;SR;CELIJE;OMV EVRO DIZEL;187.500;8,250.00;0.00;0.00;1,375.00;RSD;8914374363;2024-05-31;YES;NO;117;OMV-RS;;;;D;8,844.00;Yes;704303;2024-05-31;1;
710111;107258;242;BG 2275 - ZR;2024-06-12 10:21:00;OMV EVRO DIZEL;45.00;8,347.50;1,391.25;00399746;71020;71020;                  ;SR;CELIJE;OMV EVRO DIZEL;185.500;8,347.50;0.00;0.00;1,391.25;RSD;8914376641;2024-06-15;YES;NO;117;OMV-RS;;;;D;8,955.00;Yes;702146;2024-06-12;1;
710111;107258;242;BG 2275 - ZR;2024-06-20 13:33:00;OMV EVRO DIZEL;42.00;7,875.00;1,312.50;00404440;71768;71768;                  ;SR;CELIJE;OMV EVRO DIZEL;187.500;7,875.00;0.00;0.00;1,312.50;RSD;8914379249;2024-06-30;YES;NO;117;OMV-RS;;;;D;8,442.00;Yes;733319;2024-06-20;1;
710111;107258;242;BG 2275 - ZR;2024-07-02 09:25:00;OMV EVRO DIZEL;42.00;8,169.00;1,361.50;00410903;72579;72579;                  ;SR;CELIJE;OMV EVRO DIZEL;194.500;8,169.00;0.00;0.00;1,361.50;RSD;8914381538;2024-07-15;YES;NO;117;OMV-RS;;;;D;8,610.00;Yes;792611;2024-07-02;1;
710111;107258;242;BG 2275 - ZR;2024-07-11 13:29:00;OMV EVRO DIZEL;43.00;8,385.00;1,397.50;00415775;73371;73371;                  ;SR;CELIJE;OMV EVRO DIZEL;195.000;8,385.00;0.00;0.00;1,397.50;RSD;8914381538;2024-07-15;YES;NO;117;OMV-RS;;;;D;8,944.00;Yes;733005;2024-07-11;1;
710111;107258;242;BG 2275 - ZR;2024-07-22 15:08:00;OMV EVRO DIZEL;44.00;8,360.00;1,393.33;00422587;74118;74118;                  ;SR;CELIJE;OMV EVRO DIZEL;190.000;8,360.00;0.00;0.00;1,393.33;RSD;8914384146;2024-07-31;YES;NO;117;OMV-RS;;;;D;9,020.00;Yes;750902;2024-07-22;1;
710111;107258;242;BG 2275 - ZR;2024-07-31 16:20:00;OMV EVRO DIZEL;40.00;7,520.00;1,253.33;00427744;74873;74873;                  ;SR;CELIJE;OMV EVRO DIZEL;188.000;7,520.00;0.00;0.00;1,253.33;RSD;8914384146;2024-07-31;YES;NO;117;OMV-RS;;;;D;8,080.00;Yes;762023;2024-07-31;1;
710111;107258;242;BG 2275 - ZR;2024-08-17 13:28:00;OMV EVRO DIZEL;44.00;8,096.00;1,349.33;00437129;76421;76421;                  ;SR;CELIJE;OMV EVRO DIZEL;184.000;8,096.00;0.00;0.00;1,349.33;RSD;8914389074;2024-08-31;YES;NO;117;OMV-RS;;;;D;8,712.00;Yes;732822;2024-08-17;1;
710111;107258;242;BG 2275 - ZR;2024-08-24 12:49:00;OMV EVRO DIZEL;40.00;7,240.00;1,206.67;00440435;77115;77115;                  ;SR;CELIJE;OMV EVRO DIZEL;181.000;7,240.00;0.00;0.00;1,206.67;RSD;8914389074;2024-08-31;YES;NO;117;OMV-RS;;;;D;7,800.00;Yes;725014;2024-08-24;1;
710111;107258;242;BG 2275 - ZR;2024-09-02 12:20:00;OMV EVRO DIZEL;43.00;7,740.00;1,290.00;00445215;77873;77873;                  ;SR;CELIJE;OMV EVRO DIZEL;180.000;7,740.00;0.00;0.00;1,290.00;RSD;8914391411;2024-09-15;YES;NO;117;OMV-RS;;;;D;8,342.00;Yes;722112;2024-09-02;1;
710111;107258;242;BG 2275 - ZR;2024-09-10 13:53:00;OMV EVRO DIZEL;40.00;7,200.00;1,200.00;00449493;78556;78556;                  ;SR;CELIJE;OMV EVRO DIZEL;180.000;7,200.00;0.00;0.00;1,200.00;RSD;8914391411;2024-09-15;YES;NO;117;OMV-RS;;;;D;7,760.00;Yes;735324;2024-09-10;1;
710111;107258;242;BG 2275 - ZR;2024-09-20 10:59:00;OMV EVRO DIZEL;41.00;7,277.50;1,212.92;00454319;79343;79343;                  ;SR;CELIJE;OMV EVRO DIZEL;177.500;7,277.50;0.00;0.00;1,212.92;RSD;8914394055;2024-09-30;YES;NO;117;OMV-RS;;;;D;7,831.00;Yes;705915;2024-09-20;1;
710111;107258;242;BG 2275 - ZR;2024-09-28 09:17:00;OMV EVRO DIZEL;47.00;8,342.50;1,390.42;00458731;80196;80196;                  ;SR;CELIJE;OMV EVRO DIZEL;177.500;8,342.50;0.00;0.00;1,390.42;RSD;8914394055;2024-09-30;YES;NO;117;OMV-RS;;;;D;8,930.00;Yes;791746;2024-09-28;1;
710111;107258;242;BG 2275 - ZR;2024-10-07 14:59:00;OMV EVRO DIZEL;39.27;7,009.70;1,168.28;00534168;80865;80865;                  ;SR;ADA CIGANLIJA;OMV EVRO DIZEL;178.500;7,009.70;0.00;0.00;1,168.28;RSD;8914396403;2024-10-15;YES;NO;217;OMV-RS;;;;D;7,500.60;Yes;745926;2024-10-07;1;
710111;107258;242;BG 2275 - ZR;2024-10-14 11:02:00;OMV EVRO DIZEL;42.00;7,854.00;1,309.00;00467225;81685;81685;                  ;SR;CELIJE;OMV EVRO DIZEL;187.000;7,854.00;0.00;0.00;1,309.00;RSD;8914396403;2024-10-15;YES;NO;117;OMV-RS;;;;D;8,148.00;Yes;710247;2024-10-14;1;
710111;107258;242;BG 2275 - ZR;2024-10-23 14:34:00;OMV EVRO DIZEL;45.00;8,460.00;1,410.00;00472198;82494;82494;                  ;SR;CELIJE;OMV EVRO DIZEL;188.000;8,460.00;0.00;0.00;1,410.00;RSD;8914399056;2024-10-31;YES;NO;117;OMV-RS;;;;D;8,775.00;Yes;743456;2024-10-23;1;
710111;107258;242;BG 2275 - ZR;2024-10-30 12:46:00;OMV EVRO DIZEL;44.00;8,184.00;1,364.00;00475720;83325;83325;                  ;SR;CELIJE;OMV EVRO DIZEL;186.000;8,184.00;0.00;0.00;1,364.00;RSD;8914399056;2024-10-31;YES;NO;117;OMV-RS;;;;D;8,492.00;Yes;724641;2024-10-30;1;
710111;107258;242;BG 2275 - ZR;2024-10-30 12:47:00;AdBlue Kanister;1.00;2,099.00;349.83;00475721;83325;83325;                  ;SR;CELIJE;AdBlue Kanister;2,099.000;2,099.00;0.00;0.00;349.83;RSD;8914399056;2024-10-31;YES;NO;117;OMV-RS;;;;D;0.00;No;724808;2024-10-30;1;
710111;107258;242;BG 2275 - ZR;2024-11-08 07:01:00;OMV EVRO DIZEL;47.00;8,742.00;1,457.00;00480169;84151;84151;                  ;SR;CELIJE;OMV EVRO DIZEL;186.000;8,742.00;0.00;0.00;1,457.00;RSD;8914401397;2024-11-15;YES;NO;117;OMV-RS;;;;D;9,024.00;Yes;770154;2024-11-08;1;
710111;107258;242;BG 2275 - ZR;2024-11-14 08:16:00;OMV EVRO DIZEL;35.00;6,580.00;1,096.67;00483242;84728;84728;                  ;SR;CELIJE;OMV EVRO DIZEL;188.000;6,580.00;0.00;0.00;1,096.67;RSD;8914401397;2024-11-15;YES;NO;117;OMV-RS;;;;D;6,790.00;Yes;781650;2024-11-14;1;
710111;107258;242;BG 2275 - ZR;2024-11-19 14:01:00;OMV EVRO DIZEL;44.00;8,272.00;1,378.67;00485978;85482;85482;                  ;SR;CELIJE;OMV EVRO DIZEL;188.000;8,272.00;0.00;0.00;1,378.67;RSD;8914404050;2024-11-30;YES;NO;117;OMV-RS;;;;D;8,536.00;Yes;740134;2024-11-19;1;
710111;107258;242;BG 2275 - ZR;2024-11-26 14:06:00;OMV EVRO DIZEL;45.00;8,595.00;1,432.50;00489070;86221;86221;                  ;SR;CELIJE;OMV EVRO DIZEL;191.000;8,595.00;0.00;0.00;1,432.50;RSD;8914404050;2024-11-30;YES;NO;117;OMV-RS;;;;D;8,865.00;Yes;740716;2024-11-26;1;
710111;107258;242;BG 2275 - ZR;2024-12-03 08:27:00;OMV EVRO DIZEL;42.00;8,022.00;1,337.00;00492145;86982;86982;                  ;SR;CELIJE;OMV EVRO DIZEL;191.000;8,022.00;0.00;0.00;1,337.00;RSD;8914406383;2024-12-15;YES;NO;117;OMV-RS;;;;D;8,274.00;Yes;782828;2024-12-03;1;
710111;107258;242;BG 2275 - ZR;2024-12-07 09:52:00;OMV EVRO DIZEL;42.00;7,980.00;1,330.00;00494058;87675;87675;                  ;SR;CELIJE;OMV EVRO DIZEL;190.000;7,980.00;0.00;0.00;1,330.00;RSD;8914406383;2024-12-15;YES;NO;117;OMV-RS;;;;D;8,232.00;Yes;795258;2024-12-07;1;
710111;107258;242;BG 2275 - ZR;2024-12-13 09:08:00;OMV EVRO DIZEL;43.00;8,127.00;1,354.50;00496641;88388;88388;                  ;SR;CELIJE;OMV EVRO DIZEL;189.000;8,127.00;0.00;0.00;1,354.50;RSD;8914406383;2024-12-15;YES;NO;117;OMV-RS;;;;D;8,428.00;Yes;790956;2024-12-13;1;
710111;107258;242;BG 2275 - ZR;2024-12-20 10:09:00;OMV EVRO DIZEL;47.00;8,883.00;1,480.50;00499957;89170;89170;                  ;SR;CELIJE;OMV EVRO DIZEL;189.000;8,883.00;0.00;0.00;1,480.50;RSD;8914409008;2024-12-31;YES;NO;117;OMV-RS;;;;D;9,212.00;Yes;701026;2024-12-20;1;
710111;107258;242;BG 2275 - ZR;2024-12-28 15:15:00;OMV EVRO DIZEL;45.00;8,550.00;1,425.00;00503758;89866;89866;                  ;SR;CELIJE;OMV EVRO DIZEL;190.000;8,550.00;0.00;0.00;1,425.00;RSD;8914409008;2024-12-31;YES;NO;117;OMV-RS;;;;D;8,865.00;Yes;751653;2024-12-28;1;
710111;107258;242;BG 2275 - ZR;2025-01-14 13:27:00;OMV EVRO DIZEL;46.00;8,924.00;1,487.33;00511438;90649;90649;                  ;SR;CELIJE;OMV EVRO DIZEL;194.000;8,924.00;0.00;0.00;1,487.33;RSD;8915352029;2025-01-15;YES;NO;117;OMV-RS;;;;D;9,246.00;Yes;732925;2025-01-14;1;
710111;107258;242;BG 2275 - ZR;2025-01-21 10:30:00;OMV EVRO DIZEL;40.00;7,920.00;1,320.00;00585002;91306;91306;                  ;SR;ADA CIGANLIJA;OMV EVRO DIZEL;198.000;7,920.00;0.00;0.00;1,320.00;RSD;8915354647;2025-01-31;YES;NO;217;OMV-RS;;;;D;8,160.00;Yes;703241;2025-01-21;1;
710111;107258;242;BG 2275 - ZR;2025-01-24 08:18:00;OMV EVRO DIZEL;37.10;7,345.80;1,224.30;00586143;91971;91971;                  ;SR;ADA CIGANLIJA;OMV EVRO DIZEL;198.000;7,345.80;0.00;0.00;1,224.30;RSD;8915354647;2025-01-31;YES;NO;217;OMV-RS;;;;D;7,568.40;Yes;782022;2025-01-24;1;
710111;107258;242;BG 2275 - ZR;2025-01-29 09:24:00;OMV EVRO DIZEL;43.00;8,514.00;1,419.00;00000776;92629;92629;                  ;SR;CELIJE;OMV EVRO DIZEL;198.000;8,514.00;0.00;0.00;1,419.00;RSD;8915354647;2025-01-31;YES;NO;117;OMV-RS;;;;D;8,772.00;Yes;792714;2025-01-29;1;
710111;107258;242;BG 2275 - ZR;2025-01-31 09:37:00;OMV EVRO DIZEL;40.00;7,920.00;1,320.00;00001735;93332;93332;                  ;SR;KRAGUJEVAC ARS;OMV EVRO DIZEL;198.000;7,920.00;0.00;0.00;1,320.00;RSD;8915354647;2025-01-31;YES;NO;117;OMV-RS;;;;D;8,160.00;Yes;793816;2025-01-31;1;
710111;107258;242;BG 2275 - ZR;2025-02-03 16:49:00;OMV EVRO DIZEL;42.00;8,190.00;1,365.00;00003943;94066;94066;                  ;SR;ADA CIGANLIJA;OMV EVRO DIZEL;195.000;8,190.00;0.00;0.00;1,365.00;RSD;8915357106;2025-02-15;YES;NO;217;OMV-RS;;;;D;8,442.00;Yes;765154;2025-02-03;1;
710111;107258;242;BG 2275 - ZR;2025-02-05 11:35:00;OMV EVRO DIZEL;45.00;8,775.00;1,462.50;00004633;94872;94872;                  ;SR;ADA CIGANLIJA;OMV EVRO DIZEL;195.000;8,775.00;0.00;0.00;1,462.50;RSD;8915357106;2025-02-15;YES;NO;217;OMV-RS;;;;D;9,045.00;Yes;713758;2025-02-05;1;
710111;107258;242;BG 2275 - ZR;2025-02-08 09:14:00;OMV EVRO DIZEL;46.00;8,970.00;1,495.00;00005564;95495;95495;                  ;SR;ADA CIGANLIJA;OMV EVRO DIZEL;195.000;8,970.00;0.00;0.00;1,495.00;RSD;8915359791;2025-02-28;YES;NO;217;OMV-RS;;;;D;9,246.00;Yes;791654;2025-02-08;1;
710111;107258;242;BG 2275 - ZR;2025-02-08 09:16:00;AdBlue Kanister;1.00;1,999.00;333.17;00005566;95495;95495;                  ;SR;ADA CIGANLIJA;AdBlue Kanister;1,999.000;1,999.00;0.00;0.00;333.17;RSD;8915359791;2025-02-28;YES;NO;217;OMV-RS;;;;D;0.00;No;791850;2025-02-08;1;
710111;107258;242;BG 2275 - ZR;2025-02-11 10:43:00;OMV EVRO DIZEL;32.00;6,240.00;1,040.00;00000844;95953;95953;                  ;SR;BESKA 2;OMV EVRO DIZEL;195.000;6,240.00;0.00;0.00;1,040.00;RSD;8915359791;2025-02-28;YES;NO;217;OMV-RS;;;;D;6,432.00;Yes;704520;2025-02-11;1;
710111;107258;242;BG 2275 - ZR;2025-02-14 08:38:00;OMV EVRO DIZEL;45.00;8,910.00;1,485.00;00007964;96652;96652;                  ;SR;CELIJE;OMV EVRO DIZEL;198.000;8,910.00;0.00;0.00;1,485.00;RSD;8915359791;2025-02-28;YES;NO;117;OMV-RS;;;;D;9,045.00;Yes;784148;2025-02-14;1;
710111;107258;242;BG 2275 - ZR;2025-02-18 16:58:00;EDMAXXM ZIMSKI;38.62;8,183.60;1,363.93;00009247;97280;97280;                  ;SR;KOVIN;EDMAXXM ZIMSKI;211.901;8,183.60;0.00;0.00;1,363.93;RSD;8915359791;2025-02-28;YES;NO;117;OMV-RS;;;;D;0.00;No;770033;2025-02-18;1;
710111;107258;242;BG 2275 - ZR;2025-02-21 09:47:00;OMV EVRO DIZEL;40.00;7,960.00;1,326.67;00003873;97866;97866;                  ;SR;BESKA 2;OMV EVRO DIZEL;199.000;7,960.00;0.00;0.00;1,326.67;RSD;8915359791;2025-02-28;YES;NO;217;OMV-RS;;;;D;8,120.00;Yes;795003;2025-02-21;1;
710111;107258;242;BG 2275 - ZR;2025-02-24 18:27:00;OMV EVRO DIZEL;42.00;8,400.00;1,400.00;00013751;98562;98562;                  ;SR;VRBAS;OMV EVRO DIZEL;200.000;8,400.00;0.00;0.00;1,400.00;RSD;8915359791;2025-02-28;YES;NO;117;OMV-RS;;;;D;8,568.00;Yes;782947;2025-02-24;1;
710111;107258;242;BG 2275 - ZR;2025-02-25 17:02:00;OMV EVRO DIZEL;40.00;8,000.00;1,333.33;00012574;99192;99192;                  ;SR;ADA CIGANLIJA;OMV EVRO DIZEL;200.000;8,000.00;0.00;0.00;1,333.33;RSD;8915359791;2025-02-28;YES;NO;217;OMV-RS;;;;D;8,160.00;Yes;770519;2025-02-25;1;
710111;107258;242;BG 2275 - ZR;2025-02-27 15:15:00;OMV EVRO DIZEL;42.00;8,400.00;1,400.00;00014908;99883;99883;                  ;SR;VRBAS;OMV EVRO DIZEL;200.000;8,400.00;0.00;0.00;1,400.00;RSD;8915359791;2025-02-28;YES;NO;117;OMV-RS;;;;D;8,568.00;Yes;751705;2025-02-27;1;
710111;107258;242;BG 2275 - ZR;2025-03-03 09:07:00;OMV EVRO DIZEL;43.00;8,557.00;1,426.17;00015787;100615;100615;                  ;SR;CELIJE;OMV EVRO DIZEL;199.000;8,557.00;0.00;0.00;1,426.17;RSD;8915362134;2025-03-15;YES;NO;117;OMV-RS;;;;D;8,729.00;Yes;791107;2025-03-03;1;
710111;107258;242;BG 2275 - ZR;2025-03-05 16:21:00;OMV EVRO DIZEL;43.00;8,557.00;1,426.17;00019493;101338;101338;                  ;SR;BESKA 1;OMV EVRO DIZEL;199.000;8,557.00;0.00;0.00;1,426.17;RSD;8915362134;2025-03-15;YES;NO;217;OMV-RS;;;;D;8,729.00;Yes;762500;2025-03-05;1;
710111;107258;242;BG 2275 - ZR;2025-03-06 16:23:00;OMV EVRO DIZEL;39.00;7,702.50;1,283.75;00004390;101965;101965;                  ;SR;BESKA 1;OMV EVRO DIZEL;197.500;7,702.50;0.00;0.00;1,283.75;RSD;8915362134;2025-03-15;YES;NO;217;OMV-RS;;;;D;7,917.00;Yes;762729;2025-03-06;1;
710111;107258;242;BG 2275 - ZR;2025-03-07 14:16:00;AdBlue;11.40;1,017.79;169.63;00020462;102478;102478;                  ;SR;BESKA 1;AdBlue;89.280;1,017.79;0.00;0.00;169.63;RSD;8915362134;2025-03-15;YES;NO;217;OMV-RS;;;;D;1,413.60;Yes;742027;2025-03-07;1;
710111;107258;242;BG 2275 - ZR;2025-03-08 08:49:00;OMV EVRO DIZEL;35.56;6,912.86;1,152.14;00018142;102575;102575;                  ;SR;ADA CIGANLIJA;OMV EVRO DIZEL;194.400;6,912.86;0.00;0.00;1,152.14;RSD;8915362134;2025-03-15;YES;NO;217;OMV-RS;;;;D;7,112.00;Yes;785252;2025-03-08;1;
710111;107258;242;BG 2275 - ZR;2025-03-13 15:19:00;OMV EVRO DIZEL;42.00;8,164.80;1,360.80;00035086;103262;103262;                  ;SR;DOBANOVCI-SURCIN;OMV EVRO DIZEL;194.400;8,164.80;0.00;0.00;1,360.80;RSD;8915362134;2025-03-15;YES;NO;217;OMV-RS;;;;D;8,400.00;Yes;751830;2025-03-13;1;
710111;107258;242;BG 2275 - ZR;2025-03-15 11:35:00;OMV EVRO DIZEL;43.00;8,230.20;1,371.70;00022076;103985;103985;                  ;SR;CELIJE;OMV EVRO DIZEL;191.400;8,230.20;0.00;0.00;1,371.70;RSD;8915362134;2025-03-15;YES;NO;117;OMV-RS;;;;D;8,471.00;Yes;713932;2025-03-15;1;
710111;107258;242;BG 2275 - ZR;2025-03-18 13:13:00;OMV EVRO DIZEL;47.00;8,991.10;1,498.52;00030102;104726;104726;                  ;SR;JURIJA GAGARINA;OMV EVRO DIZEL;191.300;8,991.10;0.00;0.00;1,498.52;RSD;8915364775;2025-03-31;YES;NO;217;OMV-RS;;;;D;9,259.00;Yes;731320;2025-03-18;1;
710111;107258;242;BG 2275 - ZR;2025-03-19 16:19:00;OMV EVRO DIZEL;39.00;7,460.70;1,243.45;00025314;105376;105376;                  ;SR;ADA CIGANLIJA;OMV EVRO DIZEL;191.300;7,460.70;0.00;0.00;1,243.45;RSD;8915364775;2025-03-31;YES;NO;217;OMV-RS;;;;D;7,683.00;Yes;762405;2025-03-19;1;
710111;107258;242;BG 2275 - ZR;2025-03-21 13:52:00;OMV EVRO DIZEL;43.00;8,213.00;1,368.83;00017906;106118;106118;                  ;SR;ARANDJELOVAC;OMV EVRO DIZEL;191.000;8,213.00;0.00;0.00;1,368.83;RSD;8915364775;2025-03-31;YES;NO;117;OMV-RS;;;;D;8,471.00;Yes;735532;2025-03-21;1;
710111;107258;242;BG 2275 - ZR;2025-03-24 14:40:00;OMV EVRO DIZEL;42.00;7,938.00;1,323.00;00022731;106864;106864;                  ;SR;NOVI SAD;OMV EVRO DIZEL;189.000;7,938.00;0.00;0.00;1,323.00;RSD;8915364775;2025-03-31;YES;NO;217;OMV-RS;;;;D;8,190.00;Yes;744347;2025-03-24;1;
710111;107258;242;BG 2275 - ZR;2025-03-26 08:22:00;OMV EVRO DIZEL;43.00;8,127.00;1,354.50;00027181;107614;107614;                  ;SR;CELIJE;OMV EVRO DIZEL;189.000;8,127.00;0.00;0.00;1,354.50;RSD;8915364775;2025-03-31;YES;NO;117;OMV-RS;;;;D;8,385.00;Yes;782706;2025-03-26;1;
710111;107258;242;BG 2275 - ZR;2025-03-27 17:04:00;OMV EVRO DIZEL;45.00;8,505.00;1,417.50;00027884;108361;108361;                  ;SR;CELIJE;OMV EVRO DIZEL;189.000;8,505.00;0.00;0.00;1,417.50;RSD;8915364775;2025-03-31;YES;NO;117;OMV-RS;;;;D;8,775.00;Yes;770924;2025-03-27;1;
710111;107258;242;BG 2275 - ZR;2025-04-01 07:21:00;OMV EVRO DIZEL;40.00;7,600.00;1,266.67;00032349;109044;109044;                  ;SR;BESKA 2;OMV EVRO DIZEL;190.000;7,600.00;0.00;0.00;1,266.67;RSD;8915367133;2025-04-15;YES;NO;217;OMV-RS;;;;D;7,840.00;Yes;772529;2025-04-01;1;
710111;107258;242;BG 2275 - ZR;2025-04-02 16:41:00;OMV EVRO DIZEL;43.00;8,170.00;1,361.67;00030101;109812;109812;                  ;SR;VRBAS;OMV EVRO DIZEL;190.000;8,170.00;0.00;0.00;1,361.67;RSD;8915367133;2025-04-15;YES;NO;117;OMV-RS;;;;D;8,428.00;Yes;764409;2025-04-02;1;
710111;107258;242;BG 2275 - ZR;2025-04-03 16:50:00;OMV EVRO DIZEL;41.00;7,790.00;1,298.33;00087911;110506;110506;                  ;SR;DOBANOVCI-SURCIN;OMV EVRO DIZEL;190.000;7,790.00;0.00;0.00;1,298.33;RSD;8915367133;2025-04-15;YES;NO;217;OMV-RS;;;;D;8,036.00;Yes;764831;2025-04-03;1;
710111;107258;242;BG 2275 - ZR;2025-04-05 07:11:00;OMV EVRO DIZEL;44.00;8,360.00;1,393.33;00042394;111252;111252;                  ;SR;BUBANJ POTOK;OMV EVRO DIZEL;190.000;8,360.00;0.00;0.00;1,393.33;RSD;8915367133;2025-04-15;YES;NO;217;OMV-RS;;;;D;8,624.00;Yes;771138;2025-04-05;1;
710111;107258;242;BG 2275 - ZR;2025-04-08 18:10:00;OMV EVRO DIZEL;45.00;8,550.00;1,425.00;00025553;112058;112058;                  ;SR;KOVIN;OMV EVRO DIZEL;190.000;8,550.00;0.00;0.00;1,425.00;RSD;8915367133;2025-04-15;YES;NO;117;OMV-RS;;;;D;8,820.00;Yes;781108;2025-04-08;1;
710111;107258;242;BG 2275 - ZR;2025-04-10 07:02:00;OMV EVRO DIZEL;37.00;7,030.00;1,171.67;00035055;112729;112729;                  ;SR;OBILAZNICA 1;OMV EVRO DIZEL;190.000;7,030.00;0.00;0.00;1,171.67;RSD;8915367133;2025-04-15;YES;NO;217;OMV-RS;;;;D;7,252.00;Yes;770224;2025-04-10;1;
710111;107258;242;BG 2275 - ZR;2025-04-23 08:24:00;OMV EVRO DIZEL;40.00;7,320.00;1,220.00;00040766;113409;113409;                  ;SR;OBILAZNICA 1;OMV EVRO DIZEL;183.000;7,320.00;0.00;0.00;1,220.00;RSD;8915369797;2025-04-30;YES;NO;217;OMV-RS;;;;D;7,560.00;Yes;782426;2025-04-23;1;
710111;107258;242;BG 2275 - ZR;2025-04-25 08:55:00;OMV EVRO DIZEL;38.00;6,954.00;1,159.00;00041996;114145;114145;                  ;SR;OBILAZNICA 1;OMV EVRO DIZEL;183.000;6,954.00;0.00;0.00;1,159.00;RSD;8915369797;2025-04-30;YES;NO;217;OMV-RS;;;;D;7,182.00;Yes;785547;2025-04-25;1;
710111;107258;242;BG 2275 - ZR;2025-04-26 15:57:00;OMV EVRO DIZEL;34.00;6,222.00;1,037.00;00043094;114730;114730;                  ;SR;DOBANOVCI-SURCIN;OMV EVRO DIZEL;183.000;6,222.00;0.00;0.00;1,037.00;RSD;8915369797;2025-04-30;YES;NO;217;OMV-RS;;;;D;6,426.00;Yes;755743;2025-04-26;1;
710111;107258;242;BG 2275 - ZR;2025-04-28 17:58:00;OMV EVRO DIZEL;38.00;6,954.00;1,159.00;00043520;115426;115426;                  ;SR;DOBANOVCI-SURCIN;OMV EVRO DIZEL;183.000;6,954.00;0.00;0.00;1,159.00;RSD;8915369797;2025-04-30;YES;NO;217;OMV-RS;;;;D;7,182.00;Yes;775819;2025-04-28;1;
710111;107258;242;BG 2275 - ZR;2025-05-05 07:51:00;OMV EVRO DIZEL;45.00;8,190.00;1,365.00;00262587;116261;116261;                  ;SR;ADA CIGANLIJA;OMV EVRO DIZEL;182.000;8,190.00;0.00;0.00;1,365.00;RSD;8915372197;2025-05-15;YES;NO;217;OMV-RS;;;;D;8,460.00;Yes;775219;2025-05-05;1;
710111;107258;242;BG 2275 - ZR;2025-05-08 18:06:00;OMV EVRO DIZEL;43.00;7,826.00;1,304.33;00036749;117081;117081;                  ;SR;PANCEVO 1;OMV EVRO DIZEL;182.000;7,826.00;0.00;0.00;1,304.33;RSD;8915372197;2025-05-15;YES;NO;117;OMV-RS;;;;D;8,084.00;Yes;781038;2025-05-08;1;
710111;107258;242;BG 2275 - ZR;2025-05-10 15:49:00;OMV EVRO DIZEL;38.00;6,840.00;1,140.00;00002345;117789;117789;                  ;SR;PANCEVO 1;OMV EVRO DIZEL;180.000;6,840.00;0.00;0.00;1,140.00;RSD;8915372197;2025-05-15;YES;NO;117;OMV-RS;;;;D;7,068.00;Yes;755343;2025-05-10;1;
710111;107258;242;BG 2275 - ZR;2025-05-13 16:01:00;OMV EVRO DIZEL;40.00;7,200.00;1,200.00;00038907;118517;118517;                  ;SR;PANCEVO 1;OMV EVRO DIZEL;180.000;7,200.00;0.00;0.00;1,200.00;RSD;8915372197;2025-05-15;YES;NO;117;OMV-RS;;;;D;7,440.00;Yes;760507;2025-05-13;1;
710111;107258;242;BG 2275 - ZR;2025-05-15 10:12:00;AdBlue;13.44;1,199.92;199.99;00053436;119119;119119;                  ;SR;OBILAZNICA 1;AdBlue;89.280;1,199.92;0.00;0.00;199.99;RSD;8915372197;2025-05-15;YES;NO;217;OMV-RS;;;;D;1,801.00;Yes;701342;2025-05-15;1;
710111;107258;242;BG 2275 - ZR;2025-05-15 16:35:00;OMV EVRO DIZEL;40.00;7,200.00;1,200.00;00025933;119244;119244;                  ;SR;PANCEVO 1;OMV EVRO DIZEL;180.000;7,200.00;0.00;0.00;1,200.00;RSD;8915372197;2025-05-15;YES;NO;117;OMV-RS;;;;D;7,440.00;Yes;763941;2025-05-15;1;
710111;107258;242;BG 2275 - ZR;2025-05-17 14:40:00;OMV EVRO DIZEL;32.00;5,792.00;965.33;00047764;119852;119852;                  ;SR;DOBANOVCI-SURCIN;OMV EVRO DIZEL;181.000;5,792.00;0.00;0.00;965.33;RSD;8915374857;2025-05-31;YES;NO;217;OMV-RS;;;;D;5,984.00;Yes;744033;2025-05-17;1;
710111;107258;242;BG 2275 - ZR;2025-05-21 06:47:00;OMV EVRO DIZEL;43.00;7,783.00;1,297.17;00056935;120629;120629;                  ;SR;CELIJE;OMV EVRO DIZEL;181.000;7,783.00;0.00;0.00;1,297.17;RSD;8915374857;2025-05-31;YES;NO;117;OMV-RS;;;;D;8,041.00;Yes;765327;2025-05-21;1;
710111;107258;242;BG 2275 - ZR;2025-06-10 05:22:00;OMV EVRO DIZEL;45.00;8,145.00;1,357.50;00031657;121379;121379;                  ;SR;PANCEVO 1;OMV EVRO DIZEL;181.000;8,145.00;0.00;0.00;1,357.50;RSD;8915377281;2025-06-15;YES;NO;117;OMV-RS;;;;D;8,415.00;Yes;752304;2025-06-10;1;
710111;107258;242;BG 2275 - ZR;2025-06-13 09:48:00;OMV EVRO DIZEL;42.00;7,602.00;1,267.00;00024418;122105;122105;                  ;SR;BESKA 2;OMV EVRO DIZEL;181.000;7,602.00;0.00;0.00;1,267.00;RSD;8915377281;2025-06-15;YES;NO;217;OMV-RS;;;;D;7,854.00;Yes;794854;2025-06-13;1;
710111;107258;242;BG 2275 - ZR;2025-06-15 09:34:00;OMV EVRO DIZEL;42.00;7,686.00;1,281.00;00032866;122792;122792;                  ;SR;PANCEVO 1;OMV EVRO DIZEL;183.000;7,686.00;0.00;0.00;1,281.00;RSD;8915377281;2025-06-15;YES;NO;117;OMV-RS;;;;D;7,938.00;Yes;793459;2025-06-15;1;
710111;107258;242;BG 2275 - ZR;2025-06-17 17:23:00;OMV EVRO DIZEL;45.00;8,235.00;1,372.50;00042915;123540;123540;                  ;SR;JURIJA GAGARINA;OMV EVRO DIZEL;183.000;8,235.00;0.00;0.00;1,372.50;RSD;8915379951;2025-06-30;YES;NO;217;OMV-RS;;;;D;8,505.00;Yes;772346;2025-06-17;1;
710111;107258;242;BG 2275 - ZR;2025-06-19 17:46:00;OMV EVRO DIZEL;35.00;6,405.00;1,067.50;00056967;124090;124090;                  ;SR;DOBANOVCI-SURCIN;OMV EVRO DIZEL;183.000;6,405.00;0.00;0.00;1,067.50;RSD;8915379951;2025-06-30;YES;NO;217;OMV-RS;;;;D;6,615.00;Yes;774626;2025-06-19;1;
710111;107258;242;BG 2275 - ZR;2025-07-04 06:52:00;OMV EVRO DIZEL;29.68;5,579.84;929.97;00027896;12453;12453;                  ;SR;BESKA 2;OMV EVRO DIZEL;188.000;5,579.84;0.00;0.00;929.97;RSD;8915382357;2025-07-15;YES;NO;217;OMV-RS;;;;D;5,757.90;Yes;765244;2025-07-04;1;
710111;107258;242;BG 2275 - ZR;2025-07-10 09:54:00;OMV EVRO DIZEL;43.00;8,084.00;1,347.33;00008328;125535;125535;                  ;SR;CACAK 2;OMV EVRO DIZEL;188.000;8,084.00;0.00;0.00;1,347.33;RSD;8915382357;2025-07-15;YES;NO;117;OMV-RS;;;;D;8,342.00;Yes;795507;2025-07-10;1;
710111;107258;242;BG 2275 - ZR;2025-07-12 11:33:00;OMV EVRO DIZEL;46.00;8,740.00;1,456.67;00087660;126038;126038;                  ;SR;CELIJE;OMV EVRO DIZEL;190.000;8,740.00;0.00;0.00;1,456.67;RSD;8915382357;2025-07-15;YES;NO;117;OMV-RS;;;;D;9,016.00;Yes;713326;2025-07-12;1;
710111;107258;242;BG 2275 - ZR;2025-07-16 15:13:00;OMV EVRO DIZEL;46.00;8,740.00;1,456.67;00051906;126753;126753;                  ;SR;CACAK;OMV EVRO DIZEL;190.000;8,740.00;0.00;0.00;1,456.67;RSD;8915385043;2025-07-31;YES;NO;217;OMV-RS;;;;D;9,016.00;Yes;751328;2025-07-16;1;
710111;107258;242;BG 2275 - ZR;2025-07-18 11:23:00;OMV EVRO DIZEL;36.00;6,840.00;1,140.00;00084659;127358;127358;                  ;SR;VRBAS;OMV EVRO DIZEL;190.000;6,840.00;0.00;0.00;1,140.00;RSD;8915385043;2025-07-31;YES;NO;117;OMV-RS;;;;D;7,056.00;Yes;712347;2025-07-18;1;
710111;107258;242;BG 2275 - ZR;2025-07-22 07:00:00;OMV EVRO DIZEL;36.00;6,876.00;1,146.00;00043144;127978;127978;                  ;SR;OBILAZNICA 1;OMV EVRO DIZEL;191.000;6,876.00;0.00;0.00;1,146.00;RSD;8915385043;2025-07-31;YES;NO;217;OMV-RS;;;;D;7,092.00;Yes;770110;2025-07-22;1;
710111;107258;242;BG 2275 - ZR;2025-07-25 07:10:00;OMV EVRO DIZEL;40.00;7,640.00;1,273.33;00100783;128661;128661;                  ;SR;BESKA 2;OMV EVRO DIZEL;191.000;7,640.00;0.00;0.00;1,273.33;RSD;8915385043;2025-07-31;YES;NO;217;OMV-RS;;;;D;7,880.00;Yes;771047;2025-07-25;1;
710111;107258;242;BG 2275 - ZR;2025-07-29 10:17:00;OMV EVRO DIZEL;37.00;7,030.00;1,171.67;00161474;129331;129331;                  ;SR;ARANDJELOVAC;OMV EVRO DIZEL;190.000;7,030.00;0.00;0.00;1,171.67;RSD;8915385043;2025-07-31;YES;NO;117;OMV-RS;;;;D;7,252.00;Yes;701723;2025-07-29;1;
710111;107258;242;BG 2275 - ZR;2025-08-04 13:23:00;OMV EVRO DIZEL;45.00;8,550.00;1,425.00;00096571;130188;130188;                  ;SR;ADA CIGANLIJA;OMV EVRO DIZEL;190.000;8,550.00;0.00;0.00;1,425.00;RSD;8915387463;2025-08-15;YES;NO;217;OMV-RS;;;;D;8,820.00;Yes;732325;2025-08-04;1;
710111;107258;242;BG 2275 - ZR;2025-08-12 11:07:00;OMV EVRO DIZEL;43.00;7,998.00;1,333.00;00106870;130979;130979;                  ;SR;CELIJE;OMV EVRO DIZEL;186.000;7,998.00;0.00;0.00;1,333.00;RSD;8915387463;2025-08-15;YES;NO;117;OMV-RS;;;;D;8,299.00;Yes;710750;2025-08-12;1;
710111;107258;242;BG 2275 - ZR;2025-08-18 11:39:00;OMV EVRO DIZEL;40.00;7,400.00;1,233.33;00104427;131711;131711;                  ;SR;ADA CIGANLIJA;OMV EVRO DIZEL;185.000;7,400.00;0.00;0.00;1,233.33;RSD;8915390137;2025-08-31;YES;NO;217;OMV-RS;;;;D;7,680.00;Yes;713923;2025-08-18;1;
710111;107258;242;BG 2275 - ZR;2025-08-25 15:37:00;OMV EVRO DIZEL;46.00;8,510.00;1,418.33;00114599;132522;132522;                  ;SR;CELIJE;OMV EVRO DIZEL;185.000;8,510.00;0.00;0.00;1,418.33;RSD;8915390137;2025-08-31;YES;NO;117;OMV-RS;;;;D;8,832.00;Yes;753732;2025-08-25;1;
710111;107258;242;BG 2275 - ZR;2025-08-28 08:14:00;OMV EVRO DIZEL;35.00;6,475.00;1,079.17;00046883;133217;133217;                  ;SR;BESKA 2;OMV EVRO DIZEL;185.000;6,475.00;0.00;0.00;1,079.17;RSD;8915390137;2025-08-31;YES;NO;217;OMV-RS;;;;D;6,720.00;Yes;781417;2025-08-28;1;
710111;107258;242;BG 2275 - ZR;2025-08-29 15:06:00;OMV EVRO DIZEL;44.00;8,184.00;1,364.00;00088053;134029;134029;                  ;SR;DOBANOVCI-SURCIN;OMV EVRO DIZEL;186.000;8,184.00;0.00;0.00;1,364.00;RSD;8915390137;2025-08-31;YES;NO;217;OMV-RS;;;;D;8,492.00;Yes;750645;2025-08-29;1;
710111;107258;242;BG 2275 - ZR;2025-09-01 08:07:00;AdBlue;12.50;1,191.00;198.50;00134785;134655;134655;                  ;SR;BESKA 2;AdBlue;95.280;1,191.00;0.00;0.00;198.50;RSD;8915392542;2025-09-15;YES;NO;217;OMV-RS;;;;D;1,675.00;Yes;780721;2025-09-01;1;
710111;107258;242;BG 2275 - ZR;2025-09-01 13:00:00;OMV EVRO DIZEL;42.00;7,812.00;1,302.00;00164141;134784;134784;                  ;SR;DOBANOVCI-SURCIN;OMV EVRO DIZEL;186.000;7,812.00;0.00;0.00;1,302.00;RSD;8915392542;2025-09-15;YES;NO;217;OMV-RS;;;;D;8,106.00;Yes;730025;2025-09-01;1;
710111;107258;242;BG 2275 - ZR;2025-09-03 08:29:00;OMV EVRO DIZEL;40.00;7,440.00;1,240.00;00011655;135528;135528;                  ;SR;BESKA 2;OMV EVRO DIZEL;186.000;7,440.00;0.00;0.00;1,240.00;RSD;8915392542;2025-09-15;YES;NO;217;OMV-RS;;;;D;7,720.00;Yes;782941;2025-09-03;1;
710111;107258;242;BG 2275 - ZR;2025-09-04 12:58:00;OMV EVRO DIZEL;43.00;7,998.00;1,333.00;00165687;136300;136300;                  ;SR;DOBANOVCI-SURCIN;OMV EVRO DIZEL;186.000;7,998.00;0.00;0.00;1,333.00;RSD;8915392542;2025-09-15;YES;NO;217;OMV-RS;;;;D;8,299.00;Yes;725901;2025-09-04;1;
710111;107258;242;BG 2275 - ZR;2025-09-06 10:10:00;OMV EVRO DIZEL;42.00;7,854.00;1,309.00;00050103;137096;137096;                  ;SR;BESKA 2;OMV EVRO DIZEL;187.000;7,854.00;0.00;0.00;1,309.00;RSD;8915392542;2025-09-15;YES;NO;217;OMV-RS;;;;D;8,148.00;Yes;701109;2025-09-06;1;
710111;107258;242;BG 2275 - ZR;2025-09-09 06:28:00;OMV EVRO DIZEL;40.00;7,480.00;1,246.67;00141025;137798;137798;                  ;SR;BESKA 2;OMV EVRO DIZEL;187.000;7,480.00;0.00;0.00;1,246.67;RSD;8915392542;2025-09-15;YES;NO;217;OMV-RS;;;;D;7,760.00;Yes;762825;2025-09-09;1;
710111;107258;242;BG 2275 - ZR;2025-09-11 05:47:00;OMV EVRO DIZEL;41.00;7,667.00;1,277.83;00080786;138526;138526;                  ;SR;OBILAZNICA 1;OMV EVRO DIZEL;187.000;7,667.00;0.00;0.00;1,277.83;RSD;8915392542;2025-09-15;YES;NO;217;OMV-RS;;;;D;7,954.00;Yes;754802;2025-09-11;1;
710111;107258;242;BG 2275 - ZR;2025-09-16 08:54:00;OMV EVRO DIZEL;43.00;8,041.00;1,340.17;00125018;139961;139961;                  ;SR;BACKA TOPOLA 2;OMV EVRO DIZEL;187.000;8,041.00;0.00;0.00;1,340.17;RSD;8915395222;2025-09-30;YES;NO;217;OMV-RS;;;;D;8,342.00;Yes;785459;2025-09-16;1;
710111;107258;242;BG 2275 - ZR;2025-09-17 15:23:00;OMV EVRO DIZEL;39.00;7,293.00;1,215.50;00172958;140685;140685;                  ;SR;DOBANOVCI-SURCIN;OMV EVRO DIZEL;187.000;7,293.00;0.00;0.00;1,215.50;RSD;8915395222;2025-09-30;YES;NO;217;OMV-RS;;;;D;7,566.00;Yes;752321;2025-09-17;1;
710111;107258;242;BG 2275 - ZR;2025-09-20 06:18:00;OMV EVRO DIZEL;42.00;7,896.00;1,316.00;00148842;141455;141455;                  ;SR;BESKA 2;OMV EVRO DIZEL;188.000;7,896.00;0.00;0.00;1,316.00;RSD;8915395222;2025-09-30;YES;NO;217;OMV-RS;;;;D;8,190.00;Yes;761832;2025-09-20;1;
710111;107258;242;BG 2275 - ZR;2025-09-22 15:35:00;OMV EVRO DIZEL;40.00;7,520.00;1,253.33;00093198;142115;142115;                  ;SR;DOBANOVCI-SURCIN;OMV EVRO DIZEL;188.000;7,520.00;0.00;0.00;1,253.33;RSD;8915395222;2025-09-30;YES;NO;217;OMV-RS;;;;D;7,800.00;Yes;753611;2025-09-22;1;
710111;107258;242;BG 2275 - ZR;2025-09-24 07:06:00;OMV EVRO DIZEL;42.00;7,896.00;1,316.00;00151663;142855;142855;                  ;SR;BESKA 2;OMV EVRO DIZEL;188.000;7,896.00;0.00;0.00;1,316.00;RSD;8915395222;2025-09-30;YES;NO;217;OMV-RS;;;;D;8,190.00;Yes;770641;2025-09-24;1;
710111;107258;242;BG 2275 - ZR;2025-09-25 08:05:00;OMV EVRO DIZEL;44.00;8,272.00;1,378.67;00130057;143535;143535;                  ;SR;BACKA TOPOLA 2;OMV EVRO DIZEL;188.000;8,272.00;0.00;0.00;1,378.67;RSD;8915395222;2025-09-30;YES;NO;217;OMV-RS;;;;D;8,580.00;Yes;780647;2025-09-25;1;
710111;107258;242;BG 2275 - ZR;2025-09-26 15:18:00;OMV EVRO DIZEL;44.00;8,272.00;1,378.67;00165317;144272;144272;                  ;SR;BESKA 1;OMV EVRO DIZEL;188.000;8,272.00;0.00;0.00;1,378.67;RSD;8915395222;2025-09-30;YES;NO;217;OMV-RS;;;;D;8,580.00;Yes;751855;2025-09-26;1;
710111;107258;242;BG 2275 - ZR;2025-09-29 14:14:00;OMV EVRO DIZEL;40.00;7,520.00;1,253.33;00120710;144945;144945;                  ;SR;ADA CIGANLIJA;OMV EVRO DIZEL;188.000;7,520.00;0.00;0.00;1,253.33;RSD;8915395222;2025-09-30;YES;NO;217;OMV-RS;;;;D;7,800.00;Yes;741455;2025-09-29;1;
710111;107258;10;BG 2290 - RO;2024-05-10 12:40:00;OMV EVRO DIZEL;30.19;5,781.39;963.56;00287324;41308;41308;                  ;SR;SMEDEREVSKA PALANKA;OMV EVRO DIZEL;191.500;5,781.39;0.00;0.00;963.56;RSD;8914371718;2024-05-15;YES;NO;117;OMV-RS;;;;D;6,189.00;Yes;724245;2024-05-10;1;
710111;107258;10;BG 2290 - RO;2024-06-04 06:11:00;ED MAXXMOTION;37.06;7,890.10;1,315.02;00053470;0;0;                  ;SR;BUBANJ POTOK;ED MAXXMOTION;212.901;7,890.10;0.00;0.00;1,315.02;RSD;8914376641;2024-06-15;YES;NO;217;OMV-RS;;;;D;0.00;No;761203;2024-06-04;1;
710111;107258;10;BG 2290 - RO;2024-06-04 06:16:00;AdBlue;7.76;537.61;89.60;00053472;0;0;                  ;SR;BUBANJ POTOK;AdBlue;69.280;537.61;0.00;0.00;89.60;RSD;8914376641;2024-06-15;YES;NO;217;OMV-RS;;;;D;853.60;Yes;761623;2024-06-04;1;
710111;107258;10;BG 2290 - RO;2024-09-01 12:05:00;OMV EVRO DIZEL;25.20;4,536.00;756.00;00306777;43477;43477;                  ;SR;KNEZEVAC;OMV EVRO DIZEL;180.000;4,536.00;0.00;0.00;756.00;RSD;8914391411;2024-09-15;YES;NO;217;OMV-RS;;;;D;4,888.80;Yes;720543;2024-09-01;1;
710111;107258;10;BG 2290 - RO;2024-11-24 13:43:00;OMV EVRO DIZEL;37.83;7,225.53;1,204.25;00370535;0;0;                  ;SR;SMEDEREVSKA PALANKA;OMV EVRO DIZEL;191.000;7,225.53;0.00;0.00;1,204.25;RSD;8914404050;2024-11-30;YES;NO;117;OMV-RS;;;;D;7,452.50;Yes;734320;2024-11-24;1;
710111;107258;10;BG 2290 - RO;2024-12-06 06:24:00;OMV EVRO DIZEL;28.41;5,426.31;904.38;00325626;45752;45752;                  ;SR;ARANDJELOVAC;OMV EVRO DIZEL;191.000;5,426.31;0.00;0.00;904.38;RSD;8914406383;2024-12-15;YES;NO;117;OMV-RS;;;;D;5,596.80;Yes;762434;2024-12-06;1;
710111;107258;10;BG 2290 - RO;2025-03-21 09:33:00;OMV EVRO DIZEL;32.18;6,146.38;1,024.40;00031755;46843;46843;                  ;SR;JURIJA GAGARINA;OMV EVRO DIZEL;191.000;6,146.38;0.00;0.00;1,024.40;RSD;8915364775;2025-03-31;YES;NO;217;OMV-RS;;;;D;6,339.50;Yes;793422;2025-03-21;1;
710111;107258;10;BG 2290 - RO;2025-03-27 06:09:00;OMV EVRO DIZEL;28.24;5,337.36;889.56;00030963;47320;47320;                  ;SR;BULEVAR;OMV EVRO DIZEL;189.000;5,337.36;0.00;0.00;889.56;RSD;8915364775;2025-03-31;YES;NO;117;OMV-RS;;;;D;5,506.80;Yes;761341;2025-03-27;1;
710111;107258;10;BG 2290 - RO;2025-04-01 06:07:00;OMV EVRO DIZEL;30.55;5,804.50;967.42;00018335;47826;47826;                  ;SR;PARTIZANSKI PUT;OMV EVRO DIZEL;190.000;5,804.50;0.00;0.00;967.42;RSD;8915367133;2025-04-15;YES;NO;217;OMV-RS;;;;D;5,987.80;Yes;760935;2025-04-01;1;
710111;107258;10;BG 2290 - RO;2025-04-15 20:50:00;OMV EVRO DIZEL;22.90;4,259.40;709.90;00026261;48170;48170;                  ;SR;ARANDJELOVAC;OMV EVRO DIZEL;186.000;4,259.40;0.00;0.00;709.90;RSD;8915367133;2025-04-15;YES;NO;117;OMV-RS;;;;D;4,396.80;Yes;705426;2025-04-15;1;
710111;107258;10;BG 2290 - RO;2025-04-17 21:24:00;OMV EVRO DIZEL;31.75;5,810.25;968.37;00039185;48770;48770;                  ;SR;ADA CIGANLIJA;OMV EVRO DIZEL;183.000;5,810.25;0.00;0.00;968.37;RSD;8915369797;2025-04-30;YES;NO;217;OMV-RS;;;;D;6,000.80;Yes;712900;2025-04-17;1;
710111;107258;10;BG 2290 - RO;2025-07-30 04:59:00;OMV EVRO DIZEL;17.74;3,370.60;561.77;00006975;553368;553368;                  ;SR;ARANDJELOVAC;OMV EVRO DIZEL;190.000;3,370.60;0.00;0.00;561.77;RSD;8915385043;2025-07-31;YES;NO;117;OMV-RS;;;;D;3,477.00;Yes;745932;2025-07-30;1;
710111;107258;10;BG 2290 - RO;2025-08-04 07:06:00;OMV EVRO DIZEL;32.73;6,218.70;1,036.45;00125594;53986;53986;                  ;SR;BUBANJ POTOK;OMV EVRO DIZEL;190.000;6,218.70;0.00;0.00;1,036.45;RSD;8915387463;2025-08-15;YES;NO;217;OMV-RS;;;;D;6,415.10;Yes;770631;2025-08-04;1;
710111;107258;10;BG 2290 - RO;2025-08-10 12:49:00;OMV EVRO DIZEL;22.33;4,153.38;692.23;00067149;54465;54465;                  ;SR;ARANDJELOVAC;OMV EVRO DIZEL;186.000;4,153.38;0.00;0.00;692.23;RSD;8915387463;2025-08-15;YES;NO;117;OMV-RS;;;;D;4,309.70;Yes;724918;2025-08-10;1;
710111;107258;10;BG 2290 - RO;2025-08-16 12:35:00;OMV EVRO DIZEL;29.89;5,529.65;921.61;00069294;55099;55099;                  ;SR;ARANDJELOVAC;OMV EVRO DIZEL;185.000;5,529.65;0.00;0.00;921.61;RSD;8915390137;2025-08-31;YES;NO;117;OMV-RS;;;;D;5,738.90;Yes;723544;2025-08-16;1;
710111;107258;10;BG 2290 - RO;2025-09-01 16:54:00;OMV EVRO DIZEL;28.04;5,215.44;869.24;00074732;55663;55663;                  ;SR;ARANDJELOVAC;OMV EVRO DIZEL;186.000;5,215.44;0.00;0.00;869.24;RSD;8915392542;2025-09-15;YES;NO;117;OMV-RS;;;;D;5,411.70;Yes;765454;2025-09-01;1;
710111;107258;10;BG 2290 - RO;2025-09-08 06:32:00;OMV EVRO DIZEL;26.99;5,047.13;841.19;00076795;56180;56180;                  ;SR;ARANDJELOVAC;OMV EVRO DIZEL;187.000;5,047.13;0.00;0.00;841.19;RSD;8915392542;2025-09-15;YES;NO;117;OMV-RS;;;;D;5,236.10;Yes;763259;2025-09-08;1;
710111;107258;10;BG 2290 - RO;2025-09-15 05:53:00;OMV EVRO DIZEL;27.53;5,148.11;858.02;00009067;56740;56740;                  ;SR;ARANDJELOVAC;OMV EVRO DIZEL;187.000;5,148.11;0.00;0.00;858.02;RSD;8915392542;2025-09-15;YES;NO;117;OMV-RS;;;;D;5,340.80;Yes;755320;2025-09-15;1;
710111;107258;168;BG 2290 - RP;2024-01-16 09:49:00;OMV EVRO DIZEL;51.54;9,457.59;1,576.26;00220065;0;0;                  ;SR;ADA CIGANLIJA;OMV EVRO DIZEL;183.500;9,457.59;0.00;0.00;1,576.26;RSD;8914354763;2024-01-31;YES;NO;217;OMV-RS;;;;D;9,998.80;Yes;795250;2024-01-16;1;
710111;107258;168;BG 2290 - RP;2024-03-08 07:47:00;EDMAXXM ZIMSKI;31.35;6,643.10;1,107.18;00409110;0;0;                  ;SR;ADA CIGANLIJA;EDMAXXM ZIMSKI;211.901;6,643.10;0.00;0.00;1,107.18;RSD;8914361928;2024-03-15;YES;NO;217;OMV-RS;;;;D;0.00;No;775234;2024-03-08;1;
710111;107258;168;BG 2290 - RP;2024-03-14 07:20:00;EDMAXXM ZIMSKI;28.49;5,980.10;996.68;00243623;53433;53433;                  ;SR;ADA CIGANLIJA;EDMAXXM ZIMSKI;209.902;5,980.10;0.00;0.00;996.68;RSD;8914361928;2024-03-15;YES;NO;217;OMV-RS;;;;D;0.00;No;772548;2024-03-14;1;
710111;107258;168;BG 2290 - RP;2024-03-20 10:30:00;OMV EVRO DIZEL;46.87;8,811.56;1,468.59;00334904;54110;54110;                  ;SR;RUMA;OMV EVRO DIZEL;188.000;8,811.56;0.00;0.00;1,468.59;RSD;8914364543;2024-03-31;YES;NO;217;OMV-RS;;;;D;9,327.10;Yes;703030;2024-03-20;1;
710111;107258;168;BG 2290 - RP;2024-04-01 10:56:00;OMV EVRO DIZEL;56.66;10,850.39;1,808.40;00422088;58848;58848;                  ;SR;ADA CIGANLIJA;OMV EVRO DIZEL;191.500;10,850.39;0.00;0.00;1,808.40;RSD;8914366835;2024-04-15;YES;NO;217;OMV-RS;;;;D;11,502.00;Yes;710142;2024-04-01;1;
710111;107258;168;BG 2290 - RP;2024-04-11 08:34:00;OMV EVRO DIZEL;17.57;3,373.44;562.24;00381168;0;0;                  ;SR;JURIJA GAGARINA;OMV EVRO DIZEL;192.000;3,373.44;0.00;0.00;562.24;RSD;8914366835;2024-04-15;YES;NO;217;OMV-RS;;;;D;3,619.40;Yes;783435;2024-04-11;1;
710111;107258;168;BG 2290 - RP;2024-04-18 20:14:00;OMV EVRO DIZEL;47.24;9,070.08;1,511.68;00282889;0;0;                  ;SR;PANCEVO 1;OMV EVRO DIZEL;192.000;9,070.08;0.00;0.00;1,511.68;RSD;8914369474;2024-04-30;YES;NO;117;OMV-RS;;;;D;9,731.40;Yes;701430;2024-04-18;1;
710111;107258;168;BG 2290 - RP;2024-05-08 12:46:00;OMV EVRO DIZEL;44.00;8,448.00;1,408.00;00444488;56330;56330;                  ;SR;ADA CIGANLIJA;OMV EVRO DIZEL;192.000;8,448.00;0.00;0.00;1,408.00;RSD;8914371718;2024-05-15;YES;NO;217;OMV-RS;;;;D;9,020.00;Yes;725258;2024-05-08;1;
710111;107258;168;BG 2290 - RP;2024-05-16 10:37:00;ED MAXXMOTION;38.14;8,043.70;1,340.62;00268826;0;0;                  ;SR;ADA CIGANLIJA;ED MAXXMOTION;210.899;8,043.70;0.00;0.00;1,340.62;RSD;8914374363;2024-05-31;YES;NO;217;OMV-RS;;;;D;0.00;No;704429;2024-05-16;1;
710111;107258;168;BG 2290 - RP;2024-05-23 12:16:00;ED MAXXMOTION;35.47;7,409.70;1,234.95;00453595;0;0;                  ;SR;ADA CIGANLIJA;ED MAXXMOTION;208.900;7,409.70;0.00;0.00;1,234.95;RSD;8914374363;2024-05-31;YES;NO;217;OMV-RS;;;;D;0.00;No;722326;2024-05-23;1;
710111;107258;168;BG 2290 - RP;2024-05-31 08:49:00;OMV EVRO DIZEL;39.33;7,374.38;1,229.06;00444546;0;0;                  ;SR;LAPOVO JUG;OMV EVRO DIZEL;187.500;7,374.38;0.00;0.00;1,229.06;RSD;8914374363;2024-05-31;YES;NO;217;OMV-RS;;;;D;7,905.30;Yes;784923;2024-05-31;1;
710111;107258;168;BG 2290 - RP;2024-06-22 07:56:00;OMV EVRO DIZEL;46.90;8,934.45;1,489.07;00416702;0;0;                  ;SR;BUBANJ POTOK;OMV EVRO DIZEL;190.500;8,934.45;0.00;0.00;1,489.07;RSD;8914379249;2024-06-30;YES;NO;217;OMV-RS;;;;D;9,520.70;Yes;775637;2024-06-22;1;
710111;107258;168;BG 2290 - RP;2024-07-09 15:22:00;OMV EVRO DIZEL;44.48;8,673.60;1,445.60;00381373;59600;59600;                  ;SR;VRANJE;OMV EVRO DIZEL;195.000;8,673.60;0.00;0.00;1,445.60;RSD;8914381538;2024-07-15;YES;NO;117;OMV-RS;;;;D;9,251.80;Yes;752242;2024-07-09;1;
710111;107258;168;BG 2290 - RP;2024-07-26 08:52:00;AdBlue;9.32;645.69;107.61;00431697;0;0;                  ;SR;OBILAZNICA 1;AdBlue;69.280;645.69;0.00;0.00;107.61;RSD;8914384146;2024-07-31;YES;NO;217;OMV-RS;;;;D;1,155.70;Yes;785304;2024-07-26;1;
710111;107258;168;BG 2290 - RP;2024-07-26 08:52:00;OMV EVRO DIZEL;40.90;7,771.00;1,295.17;00431695;0;0;                  ;SR;OBILAZNICA 1;OMV EVRO DIZEL;190.000;7,771.00;0.00;0.00;1,295.17;RSD;8914384146;2024-07-31;YES;NO;217;OMV-RS;;;;D;8,384.50;Yes;785228;2024-07-26;1;
710111;107258;168;BG 2290 - RP;2024-08-28 08:11:00;OMV EVRO DIZEL;50.23;9,091.63;1,515.27;00318715;60766;60766;                  ;SR;JURIJA GAGARINA;OMV EVRO DIZEL;181.000;9,091.63;0.00;0.00;1,515.27;RSD;8914389074;2024-08-31;YES;NO;217;OMV-RS;;;;D;9,794.90;Yes;781159;2024-08-28;1;
710111;107258;168;BG 2290 - RP;2024-09-02 12:22:00;OMV EVRO DIZEL;47.94;8,629.20;1,438.20;00517526;61381;61381;                  ;SR;ADA CIGANLIJA;OMV EVRO DIZEL;180.000;8,629.20;0.00;0.00;1,438.20;RSD;8914391411;2024-09-15;YES;NO;217;OMV-RS;;;;D;9,300.40;Yes;722220;2024-09-02;1;
710111;107258;168;BG 2290 - RP;2024-09-05 09:25:00;ED MAXXMOTION;25.01;5,424.70;904.12;00180890;0;0;                  ;SR;BESKA 2;ED MAXXMOTION;216.901;5,424.70;0.00;0.00;904.12;RSD;8914391411;2024-09-15;YES;NO;217;OMV-RS;;;;D;0.00;No;792547;2024-09-05;1;
710111;107258;168;BG 2290 - RP;2024-09-13 10:10:00;OMV EVRO DIZEL;55.65;9,933.53;1,655.59;00276344;67528;67528;                  ;SR;METRO;OMV EVRO DIZEL;178.500;9,933.53;0.00;0.00;1,655.59;RSD;8914391411;2024-09-15;YES;NO;217;OMV-RS;;;;D;10,796.10;Yes;701101;2024-09-13;1;
710111;107258;168;BG 2290 - RP;2024-09-19 06:52:00;OMV EVRO DIZEL;58.29;10,346.48;1,724.41;00318929;63000;63000;                  ;SR;ADA CIGANLIJA;OMV EVRO DIZEL;177.500;10,346.48;0.00;0.00;1,724.41;RSD;8914394055;2024-09-30;YES;NO;217;OMV-RS;;;;D;11,133.40;Yes;765227;2024-09-19;1;
710111;107258;168;BG 2290 - RP;2024-09-24 14:52:00;OMV EVRO DIZEL;40.26;7,146.15;1,191.02;00394378;0;0;                  ;SR;ZRENJANIN 2;OMV EVRO DIZEL;177.500;7,146.15;0.00;0.00;1,191.02;RSD;8914394055;2024-09-30;YES;NO;117;OMV-RS;;;;D;7,649.40;Yes;745215;2024-09-24;1;
710111;107258;168;BG 2290 - RP;2024-11-04 08:31:00;ED MAXXMOTION;60.00;12,054.00;2,009.00;00338812;2582;2582;                  ;SR;ADA CIGANLIJA;ED MAXXMOTION;200.900;12,054.00;0.00;0.00;2,009.00;RSD;8914401397;2024-11-15;YES;NO;217;OMV-RS;;;;D;0.00;No;783132;2024-11-04;1;
710111;107258;168;BG 2290 - RP;2024-11-14 19:22:00;OMV EVRO DIZEL;44.71;8,405.48;1,400.91;00581213;0;0;                  ;SR;BESKA 1;OMV EVRO DIZEL;188.000;8,405.48;0.00;0.00;1,400.91;RSD;8914401397;2024-11-15;YES;NO;217;OMV-RS;;;;D;8,673.70;Yes;792259;2024-11-14;1;
710111;107258;168;BG 2290 - RP;2024-11-25 08:17:00;OMV EVRO DIZEL;44.37;8,474.67;1,412.44;00524989;0;0;                  ;SR;JURIJA GAGARINA;OMV EVRO DIZEL;191.000;8,474.67;0.00;0.00;1,412.44;RSD;8914404050;2024-11-30;YES;NO;217;OMV-RS;;;;D;8,740.90;Yes;781735;2024-11-25;1;
710111;107258;168;BG 2290 - RP;2024-11-25 08:19:00;AdBlue;10.15;855.44;142.57;00357203;0;0;                  ;SR;JURIJA GAGARINA;AdBlue;84.280;855.44;0.00;0.00;142.57;RSD;8914404050;2024-11-30;YES;NO;217;OMV-RS;;;;D;1,116.50;Yes;781937;2024-11-25;1;
710111;107258;168;BG 2290 - RP;2024-12-12 08:41:00;EDMAXXM ZIMSKI;48.80;9,999.10;1,666.52;00306989;0;0;                  ;SR;METRO;EDMAXXM ZIMSKI;204.900;9,999.10;0.00;0.00;1,666.52;RSD;8914406383;2024-12-15;YES;NO;217;OMV-RS;;;;D;0.00;No;784154;2024-12-12;1;
710111;107258;168;BG 2290 - RP;2024-12-20 11:14:00;OMV EVRO DIZEL;50.54;9,552.06;1,592.01;00490519;66000;66000;                  ;SR;LAPOVO SEVER;OMV EVRO DIZEL;189.000;9,552.06;0.00;0.00;1,592.01;RSD;8914409008;2024-12-31;YES;NO;217;OMV-RS;;;;D;9,905.80;Yes;711639;2024-12-20;1;
710111;107258;168;BG 2290 - RP;2025-01-14 09:41:00;OMV EVRO DIZEL;56.00;10,864.00;1,810.67;00582285;68047;68047;                  ;SR;ADA CIGANLIJA;OMV EVRO DIZEL;194.000;10,864.00;0.00;0.00;1,810.67;RSD;8915352029;2025-01-15;YES;NO;217;OMV-RS;;;;D;11,256.00;Yes;794315;2025-01-14;1;
710111;107258;168;BG 2290 - RP;2025-02-20 10:02:00;OMV EVRO DIZEL;49.23;9,796.77;1,632.79;00070373;125874;125874;                  ;SR;DOBANOVCI-SURCIN;OMV EVRO DIZEL;199.000;9,796.77;0.00;0.00;1,632.79;RSD;8915359791;2025-02-28;YES;NO;217;OMV-RS;;;;D;9,993.70;Yes;700138;2025-02-20;1;
710111;107258;168;BG 2290 - RP;2025-02-21 12:08:00;OMV EVRO DIZEL;37.69;7,500.31;1,250.05;00009195;0;0;                  ;SR;LAPOVO SEVER;OMV EVRO DIZEL;199.000;7,500.31;0.00;0.00;1,250.05;RSD;8915359791;2025-02-28;YES;NO;217;OMV-RS;;;;D;7,651.10;Yes;721205;2025-02-21;1;
710111;107258;168;BG 2290 - RP;2025-03-17 07:54:00;OMV EVRO DIZEL;54.98;10,523.17;1,753.86;00023780;0;0;                  ;SR;ADA CIGANLIJA;OMV EVRO DIZEL;191.400;10,523.17;0.00;0.00;1,753.86;RSD;8915364775;2025-03-31;YES;NO;217;OMV-RS;;;;D;10,831.10;Yes;775829;2025-03-17;1;
710111;107258;168;BG 2290 - RP;2025-03-31 10:28:00;OMV EVRO DIZEL;49.50;9,405.00;1,567.50;00026495;0;0;                  ;SR;LAPOVO JUG;OMV EVRO DIZEL;190.000;9,405.00;0.00;0.00;1,567.50;RSD;8915364775;2025-03-31;YES;NO;217;OMV-RS;;;;D;9,702.00;Yes;702907;2025-03-31;1;
710111;107258;168;BG 2290 - RP;2025-04-08 07:52:00;OMV EVRO DIZEL;56.01;10,641.90;1,773.65;00033220;0;0;                  ;SR;ADA CIGANLIJA;OMV EVRO DIZEL;190.000;10,641.90;0.00;0.00;1,773.65;RSD;8915367133;2025-04-15;YES;NO;217;OMV-RS;;;;D;10,978.00;Yes;775636;2025-04-08;1;
710111;107258;168;BG 2290 - RP;2025-04-17 13:30:00;OMV EVRO DIZEL;56.55;10,518.30;1,753.05;00001846;0;0;                  ;SR;PANCEVO 1;OMV EVRO DIZEL;186.000;10,518.30;0.00;0.00;1,753.05;RSD;8915369797;2025-04-30;YES;NO;117;OMV-RS;;;;D;10,857.60;Yes;733326;2025-04-17;1;
710111;107258;168;BG 2290 - RP;2025-04-29 11:23:00;OMV EVRO DIZEL;48.67;8,906.61;1,484.43;00032795;0;0;                  ;SR;PANCEVO 1;OMV EVRO DIZEL;183.000;8,906.61;0.00;0.00;1,484.43;RSD;8915369797;2025-04-30;YES;NO;117;OMV-RS;;;;D;9,198.60;Yes;712707;2025-04-29;1;
710111;107258;168;BG 2290 - RP;2025-05-05 15:08:00;AdBlue Kanister;1.00;2,099.00;349.83;00023681;0;0;                  ;SR;PANCEVO 1;AdBlue Kanister;2,099.000;2,099.00;0.00;0.00;349.83;RSD;8915372197;2025-05-15;YES;NO;117;OMV-RS;;;;D;0.00;No;751217;2025-05-05;1;
710111;107258;168;BG 2290 - RP;2025-05-12 14:52:00;OMV EVRO DIZEL;57.73;10,391.40;1,731.90;00038401;73672;73672;                  ;SR;PANCEVO 1;OMV EVRO DIZEL;180.000;10,391.40;0.00;0.00;1,731.90;RSD;8915372197;2025-05-15;YES;NO;117;OMV-RS;;;;D;10,737.80;Yes;745615;2025-05-12;1;
710111;107258;168;BG 2290 - RP;2025-05-26 07:22:00;OMV EVRO DIZEL;42.84;7,754.04;1,292.34;00029943;0;0;                  ;SR;BUBANJ POTOK;OMV EVRO DIZEL;181.000;7,754.04;0.00;0.00;1,292.34;RSD;8915374857;2025-05-31;YES;NO;217;OMV-RS;;;;D;8,011.10;Yes;772305;2025-05-26;1;
710111;107258;168;BG 2290 - RP;2025-05-29 11:19:00;OMV EVRO DIZEL;36.05;6,525.05;1,087.51;00036793;0;0;                  ;SR;JURIJA GAGARINA;OMV EVRO DIZEL;181.000;6,525.05;0.00;0.00;1,087.51;RSD;8915374857;2025-05-31;YES;NO;217;OMV-RS;;;;D;6,741.40;Yes;712011;2025-05-29;1;
710111;107258;168;BG 2290 - RP;2025-06-05 07:48:00;OMV EVRO DIZEL;43.19;7,817.39;1,302.90;00082740;0;0;                  ;SR;BUBANJ POTOK;OMV EVRO DIZEL;181.000;7,817.39;0.00;0.00;1,302.90;RSD;8915377281;2025-06-15;YES;NO;217;OMV-RS;;;;D;8,076.50;Yes;774816;2025-06-05;1;
710111;107258;168;BG 2290 - RP;2025-06-14 07:40:00;OMV EVRO DIZEL;47.75;8,738.25;1,456.37;00041651;0;0;                  ;SR;JURIJA GAGARINA;OMV EVRO DIZEL;183.000;8,738.25;0.00;0.00;1,456.37;RSD;8915377281;2025-06-15;YES;NO;217;OMV-RS;;;;D;9,024.80;Yes;774025;2025-06-14;1;
710111;107258;168;BG 2290 - RP;2025-06-19 11:22:00;OMV EVRO DIZEL;26.21;4,796.43;799.40;00024160;0;0;                  ;SR;JURIJA GAGARINA;OMV EVRO DIZEL;183.000;4,796.43;0.00;0.00;799.40;RSD;8915379951;2025-06-30;YES;NO;217;OMV-RS;;;;D;4,953.70;Yes;712221;2025-06-19;1;
710111;107258;168;BG 2290 - RP;2025-07-04 13:27:00;OMV EVRO DIZEL;56.89;10,695.32;1,782.55;00029239;78216;78216;                  ;SR;JURIJA GAGARINA;OMV EVRO DIZEL;188.000;10,695.32;0.00;0.00;1,782.55;RSD;8915382357;2025-07-15;YES;NO;217;OMV-RS;;;;D;11,036.70;Yes;732801;2025-07-04;1;
710111;107258;168;BG 2290 - RP;2025-07-30 11:03:00;OMV EVRO DIZEL;23.63;4,489.70;748.28;00093534;0;0;                  ;SR;ADA CIGANLIJA;OMV EVRO DIZEL;190.000;4,489.70;0.00;0.00;748.28;RSD;8915385043;2025-07-31;YES;NO;217;OMV-RS;;;;D;4,631.50;Yes;710333;2025-07-30;1;
710111;107258;168;BG 2290 - RP;2025-08-04 08:52:00;OMV EVRO DIZEL;35.21;6,689.90;1,114.98;00096423;0;0;                  ;SR;ADA CIGANLIJA;OMV EVRO DIZEL;190.000;6,689.90;0.00;0.00;1,114.98;RSD;8915387463;2025-08-15;YES;NO;217;OMV-RS;;;;D;6,901.20;Yes;785246;2025-08-04;1;
710111;107258;168;BG 2290 - RP;2025-08-11 06:28:00;OMV EVRO DIZEL;35.66;6,632.76;1,105.46;00097564;0;0;                  ;SR;ADA CIGANLIJA;OMV EVRO DIZEL;186.000;6,632.76;0.00;0.00;1,105.46;RSD;8915387463;2025-08-15;YES;NO;217;OMV-RS;;;;D;6,882.40;Yes;762811;2025-08-11;1;
710111;107258;168;BG 2290 - RP;2025-08-12 13:30:00;OMV EVRO DIZEL;35.33;6,571.38;1,095.23;00033647;78567;78567;                  ;SR;KRALJEVO 2;OMV EVRO DIZEL;186.000;6,571.38;0.00;0.00;1,095.23;RSD;8915387463;2025-08-15;YES;NO;217;OMV-RS;;;;D;6,818.70;Yes;733042;2025-08-12;1;
710111;107258;168;BG 2290 - RP;2025-08-25 07:40:00;OMV EVRO DIZEL;55.67;10,298.95;1,716.49;00141359;0;0;                  ;SR;BUBANJ POTOK;OMV EVRO DIZEL;185.000;10,298.95;0.00;0.00;1,716.49;RSD;8915390137;2025-08-31;YES;NO;217;OMV-RS;;;;D;10,688.60;Yes;774033;2025-08-25;1;
710111;107258;168;BG 2290 - RP;2025-09-04 11:25:00;ED MAXXMOTION;48.85;9,911.70;1,651.95;00051643;80562;80562;                  ;SR;JURIJA GAGARINA;ED MAXXMOTION;202.901;9,911.70;0.00;0.00;1,651.95;RSD;8915392542;2025-09-15;YES;NO;217;OMV-RS;;;;D;0.00;No;712548;2025-09-04;1;
710111;107258;168;BG 2290 - RP;2025-09-22 16:12:00;OMV EVRO DIZEL;43.84;8,241.92;1,373.65;00103921;0;0;                  ;SR;LAPOVO SEVER;OMV EVRO DIZEL;188.000;8,241.92;0.00;0.00;1,373.65;RSD;8915395222;2025-09-30;YES;NO;217;OMV-RS;;;;D;8,548.80;Yes;761231;2025-09-22;1;
710111;107258;168;BG 2290 - RP;2025-09-24 15:15:00;OMV EVRO DIZEL;52.63;9,894.44;1,649.07;00141077;0;0;                  ;SR;LAPOVO SEVER;OMV EVRO DIZEL;188.000;9,894.44;0.00;0.00;1,649.07;RSD;8915395222;2025-09-30;YES;NO;217;OMV-RS;;;;D;10,262.90;Yes;751540;2025-09-24;1;
710111;107258;283;BG 2290 - RO;2025-11-19 15:28:00;OMV EVRO DIZEL;32.40;6,382.80;1,063.80;00198508;60103;60103;                  ;SR;BUBANJ POTOK;OMV EVRO DIZEL;197.000;6,382.80;0.00;0.00;1,063.80;RSD;8915405535;2025-11-30;YES;NO;217;OMV-RS;;;;D;6,512.40;Yes;752911;2025-11-19;1;
710111;107258;283;BG 2290 - RO;2025-11-25 16:09:00;OMV EVRO DIZEL;28.20;5,640.00;940.00;00001704;6631;6631;                  ;SR;ARANDJELOVAC;OMV EVRO DIZEL;200.000;5,640.00;0.00;0.00;940.00;RSD;8915405535;2025-11-30;YES;NO;117;OMV-RS;;;;D;5,752.80;Yes;760939;2025-11-25;1;
710111;107258;283;BG 2290 - RO;2025-11-28 11:24:00;OMV EVRO DIZEL;16.52;3,304.00;550.67;00169808;60680;60680;                  ;SR;BULEVAR;OMV EVRO DIZEL;200.000;3,304.00;0.00;0.00;550.67;RSD;8915405535;2025-11-30;YES;NO;117;OMV-RS;;;;D;3,370.08;Yes;712432;2025-11-28;1;
710111;107258;283;BG 2290 - RO;2025-12-11 15:33:00;EDMAXXM ZIMSKI;26.28;5,463.61;910.60;00109613;62045;62045;                  ;SR;ARANDJELOVAC;EDMAXXM ZIMSKI;207.900;5,463.61;0.00;0.00;910.60;RSD;8915408077;2025-12-15;YES;NO;117;OMV-RS;;;;D;0.00;No;753337;2025-12-11;1;
710111;107258;283;BG 2290 - RO;2025-12-17 15:31:00;OMV EVRO DIZEL;26.59;5,105.28;850.88;00216483;62843;62843;                  ;SR;BUBANJ POTOK;OMV EVRO DIZEL;192.000;5,105.28;0.00;0.00;850.88;RSD;8915410794;2025-12-31;YES;NO;217;OMV-RS;;;;D;5,264.82;Yes;753156;2025-12-17;1;
710111;107258;283;BG 2290 - RO;2026-02-02 15:01:00;OMV EVRO DIZEL;32.59;6,078.04;1,013.01;00127860;63034;63034;                  ;SR;ARANDJELOVAC;OMV EVRO DIZEL;186.500;6,078.04;0.00;0.00;1,013.01;RSD;8916357592;2026-02-15;YES;NO;117;OMV-RS;;;;D;6,289.87;Yes;750147;2026-02-02;1;
710111;107258;283;BG 2290 - RO;2026-02-25 08:09:00;OMV EVRO DIZEL;36.46;6,963.86;1,160.64;00169305;0;0;                  ;SR;SMEDEREVSKA PALANKA;OMV EVRO DIZEL;191.000;6,963.86;0.00;0.00;1,160.64;RSD;8916360516;2026-02-28;YES;NO;117;OMV-RS;;;;D;7,219.08;Yes;780917;2026-02-25;1;
710111;107258;283;BG 2290 - RO;2026-03-11 15:09:00;OMV EVRO DIZEL;33.29;6,757.87;1,126.31;00175346;0;0;                  ;SR;SMEDEREVSKA PALANKA;OMV EVRO DIZEL;203.000;6,757.87;0.00;0.00;1,126.31;RSD;8916363465;2026-03-15;YES;NO;117;OMV-RS;;;;D;6,757.87;Yes;750929;2026-03-11;1;
710111;107258;283;BG 2290 - RO;2026-03-17 14:08:00;OMV EVRO DIZEL;36.43;7,577.44;1,262.91;00177847;0;0;                  ;SR;SMEDEREVSKA PALANKA;OMV EVRO DIZEL;208.000;7,577.44;0.00;0.00;1,262.91;RSD;8916366460;2026-03-31;YES;NO;117;OMV-RS;;;;D;7,577.44;Yes;740905;2026-03-17;1;
710111;107258;283;BG 2290 - RO;2026-04-18 09:27:00;OMV EVRO DIZEL;32.86;7,130.62;1,188.44;00190601;0;0;                  ;SR;SMEDEREVSKA PALANKA;OMV EVRO DIZEL;217.000;7,130.62;0.00;0.00;1,188.44;RSD;8916372386;2026-04-30;YES;NO;117;OMV-RS;;;;D;7,130.62;Yes;792713;2026-04-18;1;
710111;107258;283;BG 2290 - RO;2026-05-16 09:01:00;OMV EVRO DIZEL;31.84;7,100.32;1,183.39;00201986;0;0;                  ;SR;SMEDEREVSKA PALANKA;OMV EVRO DIZEL;223.000;7,100.32;0.00;0.00;1,183.39;RSD;8916378386;2026-05-31;YES;NO;117;OMV-RS;;;;D;7,100.32;Yes;790132;2026-05-16;1;
710111;107258;283;BG 2290 - RO;2026-05-27 14:56:00;ED MAXXMOTION;37.84;9,153.50;1,525.58;00206523;0;0;                  ;SR;SMEDEREVSKA PALANKA;ED MAXXMOTION;241.900;9,153.50;0.00;0.00;1,525.58;RSD;8916378386;2026-05-31;YES;NO;117;OMV-RS;;;;D;0.00;No;745657;2026-05-27;1;
710111;107258;283;BG 2290 - RO;2026-06-03 15:35:00;ED MAXXMOTION;33.49;8,000.76;1,333.46;00209501;0;0;                  ;SR;SMEDEREVSKA PALANKA;ED MAXXMOTION;238.900;8,000.76;0.00;0.00;1,333.46;RSD;8916381034;2026-06-15;YES;NO;117;OMV-RS;;;;D;0.00;No;753548;2026-06-03;1;
710111;107258;283;BG 2290 - RO;2026-06-12 05:32:00;ED MAXXMOTION;30.15;7,202.84;1,200.47;00212944;0;0;                  ;SR;SMEDEREVSKA PALANKA;ED MAXXMOTION;238.900;7,202.84;0.00;0.00;1,200.47;RSD;8916381034;2026-06-15;YES;NO;117;OMV-RS;;;;D;0.00;No;753258;2026-06-12;1;
710111;107258;283;BG 2290 - RO;2026-07-01 16:15:00;ED MAXXMOTION;35.48;8,298.77;1,383.13;00220774;0;0;                  ;SR;SMEDEREVSKA PALANKA;ED MAXXMOTION;233.900;8,298.77;0.00;0.00;1,383.13;RSD;8916391266;2026-07-12;YES;NO;117;OMV-RS;;;;D;0.00;No;761551;2026-07-01;1;
710111;107258;283;BG 2290 - RO;2026-07-11 16:33:00;ED MAXXMOTION;34.83;8,251.23;1,375.20;00224802;0;0;                  ;SR;SMEDEREVSKA PALANKA;ED MAXXMOTION;236.900;8,251.23;0.00;0.00;1,375.20;RSD;8916391266;2026-07-12;YES;NO;117;OMV-RS;;;;D;0.00;No;763401;2026-07-11;1;
710111;107258;283;BG 2290 - RO;2026-07-22 15:11:00;ED MAXXMOTION;35.54;8,490.51;1,415.08;00229408;0;0;                  ;SR;SMEDEREVSKA PALANKA;ED MAXXMOTION;238.900;8,490.51;0.00;0.00;1,415.08;RSD;;;NO;NO;117;OMV-RS;;;;D;0.00;No;751118;2026-07-22;1;
710111;107258;77;BG 1498 - HH;2024-01-17 09:00:00;OMV EVRO DIZEL;51.55;9,459.43;1,576.57;00374492;110160;110160;                  ;SR;LAPOVO JUG;OMV EVRO DIZEL;183.500;9,459.43;0.00;0.00;1,576.57;RSD;8914354763;2024-01-31;YES;NO;217;OMV-RS;;;;D;10,000.70;Yes;790102;2024-01-17;1;
710111;107258;77;BG 1498 - HH;2024-01-31 09:12:00;OMV EVRO DIZEL;50.51;9,470.63;1,578.44;00380238;110765;110765;                  ;SR;LAPOVO JUG;OMV EVRO DIZEL;187.500;9,470.63;0.00;0.00;1,578.44;RSD;8914354763;2024-01-31;YES;NO;217;OMV-RS;;;;D;10,000.00;Yes;791232;2024-01-31;1;
710111;107258;77;BG 1498 - HH;2024-02-14 07:40:00;OMV EVRO DIZEL;49.50;9,528.75;1,588.12;00397464;111139;111139;                  ;SR;ADA CIGANLIJA;OMV EVRO DIZEL;192.500;9,528.75;0.00;0.00;1,588.12;RSD;8914357027;2024-02-15;YES;NO;217;OMV-RS;;;;D;9,999.00;Yes;774427;2024-02-14;1;
710111;107258;77;BG 1498 - HH;2024-02-22 14:41:00;OMV EVRO DIZEL;48.78;9,487.71;1,581.28;00234664;111634;111634;                  ;SR;ADA CIGANLIJA;OMV EVRO DIZEL;194.500;9,487.71;0.00;0.00;1,581.28;RSD;8914359644;2024-02-29;YES;NO;217;OMV-RS;;;;D;9,999.90;Yes;744525;2024-02-22;1;
710111;107258;77;BG 1498 - HH;2024-03-07 08:57:00;OMV EVRO DIZEL;49.02;9,485.37;1,580.89;00141350;112238;112238;                  ;SR;BESKA 2;OMV EVRO DIZEL;193.500;9,485.37;0.00;0.00;1,580.89;RSD;8914361928;2024-03-15;YES;NO;217;OMV-RS;;;;D;10,000.10;Yes;785720;2024-03-07;1;
710111;107258;77;BG 1498 - HH;2024-03-14 08:43:00;OMV EVRO DIZEL;49.50;9,479.25;1,579.87;00429356;112575;112575;                  ;SR;BESKA 2;OMV EVRO DIZEL;191.500;9,479.25;0.00;0.00;1,579.87;RSD;8914361928;2024-03-15;YES;NO;217;OMV-RS;;;;D;9,999.00;Yes;784310;2024-03-14;1;
710111;107258;77;BG 1498 - HH;2024-03-26 08:27:00;OMV EVRO DIZEL;49.76;9,429.52;1,571.59;00248783;113292;113292;                  ;SR;ADA CIGANLIJA;OMV EVRO DIZEL;189.500;9,429.52;0.00;0.00;1,571.59;RSD;8914364543;2024-03-31;YES;NO;217;OMV-RS;;;;D;10,001.80;Yes;783234;2024-03-26;1;
710111;107258;77;BG 1498 - HH;2024-03-28 09:55:00;OMV EVRO DIZEL;49.44;9,368.88;1,561.48;00123328;113620;113620;                  ;SR;LAPOVO JUG;OMV EVRO DIZEL;189.500;9,368.88;0.00;0.00;1,561.48;RSD;8914364543;2024-03-31;YES;NO;217;OMV-RS;;;;D;9,937.40;Yes;795557;2024-03-28;1;
710111;107258;77;BG 1498 - HH;2024-04-04 07:56:00;OMV EVRO DIZEL;49.26;9,310.14;1,551.69;00441487;114414;114414;                  ;SR;BESKA 2;OMV EVRO DIZEL;189.000;9,310.14;0.00;0.00;1,551.69;RSD;8914366835;2024-04-15;YES;NO;217;OMV-RS;;;;D;9,999.80;Yes;775648;2024-04-04;1;
710111;107258;77;BG 1498 - HH;2024-04-09 07:37:00;OMV EVRO DIZEL;43.95;8,438.40;1,406.40;00344407;114628;114628;                  ;SR;RUMA;OMV EVRO DIZEL;192.000;8,438.40;0.00;0.00;1,406.40;RSD;8914366835;2024-04-15;YES;NO;217;OMV-RS;;;;D;9,053.70;Yes;773730;2024-04-09;1;
710111;107258;77;BG 1498 - HH;2024-04-11 08:26:00;OMV EVRO DIZEL;60.23;11,564.16;1,927.36;00319197;115229;115229;                  ;SR;POZAREVAC;OMV EVRO DIZEL;192.000;11,564.16;0.00;0.00;1,927.36;RSD;8914366835;2024-04-15;YES;NO;117;OMV-RS;;;;D;12,407.40;Yes;782632;2024-04-11;1;
710111;107258;77;BG 1498 - HH;2024-04-16 09:55:00;OMV EVRO DIZEL;69.01;13,249.92;2,208.32;00431451;115965;115965;                  ;SR;ADA CIGANLIJA;OMV EVRO DIZEL;192.000;13,249.92;0.00;0.00;2,208.32;RSD;8914369474;2024-04-30;YES;NO;217;OMV-RS;;;;D;14,216.10;Yes;700105;2024-04-16;1;
710111;107258;77;BG 1498 - HH;2024-05-20 09:10:00;OMV EVRO DIZEL;69.67;13,202.47;2,200.41;00337063;117570;117570;                  ;SR;POZAREVAC;OMV EVRO DIZEL;189.500;13,202.47;0.00;0.00;2,200.41;RSD;8914374363;2024-05-31;YES;NO;117;OMV-RS;;;;D;14,003.70;Yes;791039;2024-05-20;1;
710111;107258;77;BG 1498 - HH;2024-05-31 12:06:00;OMV EVRO DIZEL;69.77;13,081.88;2,180.31;00458789;118236;118236;                  ;SR;ADA CIGANLIJA;OMV EVRO DIZEL;187.500;13,081.88;0.00;0.00;2,180.31;RSD;8914374363;2024-05-31;YES;NO;217;OMV-RS;;;;D;14,023.80;Yes;721419;2024-05-31;1;
710111;107258;77;BG 1498 - HH;2024-08-23 08:52:00;OMV EVRO DIZEL;42.29;7,739.07;1,289.84;00518333;118616;118616;                  ;SR;LAPOVO JUG;OMV EVRO DIZEL;183.000;7,739.07;0.00;0.00;1,289.84;RSD;8914389074;2024-08-31;YES;NO;217;OMV-RS;;;;D;8,373.40;Yes;785307;2024-08-23;1;
710111;107258;77;BG 1498 - HH;2024-08-30 08:13:00;OMV EVRO DIZEL;46.48;8,412.88;1,402.15;00515116;119065;119065;                  ;SR;ADA CIGANLIJA;OMV EVRO DIZEL;181.000;8,412.88;0.00;0.00;1,402.15;RSD;8914389074;2024-08-31;YES;NO;217;OMV-RS;;;;D;9,063.60;Yes;781402;2024-08-30;1;
710111;107258;77;BG 1498 - HH;2024-09-01 09:46:00;OMV EVRO DIZEL;39.28;7,070.40;1,178.40;00524174;119446;119446;                  ;SR;LAPOVO JUG;OMV EVRO DIZEL;180.000;7,070.40;0.00;0.00;1,178.40;RSD;8914391411;2024-09-15;YES;NO;217;OMV-RS;;;;D;7,620.30;Yes;794656;2024-09-01;1;
710111;107258;77;BG 1498 - HH;2024-09-04 08:32:00;OMV EVRO DIZEL;61.27;11,028.60;1,838.10;00225064;120035;120035;                  ;SR;LAPOVO JUG;OMV EVRO DIZEL;180.000;11,028.60;0.00;0.00;1,838.10;RSD;8914391411;2024-09-15;YES;NO;217;OMV-RS;;;;D;11,886.40;Yes;783237;2024-09-04;1;
710111;107258;77;BG 1498 - HH;2024-09-13 07:40:00;OMV EVRO DIZEL;60.07;10,722.50;1,787.08;00531530;120590;120590;                  ;SR;LAPOVO JUG;OMV EVRO DIZEL;178.500;10,722.50;0.00;0.00;1,787.08;RSD;8914391411;2024-09-15;YES;NO;217;OMV-RS;;;;D;11,653.60;Yes;774058;2024-09-13;1;
710111;107258;77;BG 1498 - HH;2024-09-25 07:05:00;OMV EVRO DIZEL;66.81;11,858.78;1,976.46;00537975;121230;121230;                  ;SR;LAPOVO JUG;OMV EVRO DIZEL;177.500;11,858.78;0.00;0.00;1,976.46;RSD;8914394055;2024-09-30;YES;NO;217;OMV-RS;;;;D;12,693.90;Yes;770601;2024-09-25;1;
710111;107258;77;BG 1498 - HH;2024-10-04 16:43:00;OMV EVRO DIZEL;46.29;8,262.77;1,377.13;00557525;121682;121682;                  ;SR;BESKA 1;OMV EVRO DIZEL;178.500;8,262.77;0.00;0.00;1,377.13;RSD;8914396403;2024-10-15;YES;NO;217;OMV-RS;;;;D;8,841.40;Yes;764323;2024-10-04;1;
710111;107258;77;BG 1498 - HH;2024-10-11 07:18:00;OMV EVRO DIZEL;41.89;7,707.76;1,284.63;00187869;122083;122083;                  ;SR;BESKA 2;OMV EVRO DIZEL;184.000;7,707.76;0.00;0.00;1,284.63;RSD;8914396403;2024-10-15;YES;NO;217;OMV-RS;;;;D;8,001.00;Yes;771833;2024-10-11;1;
710111;107258;77;BG 1498 - HH;2024-10-18 14:46:00;OMV EVRO DIZEL;54.41;10,174.67;1,695.78;00209404;122605;122605;                  ;SR;BESKA 1;OMV EVRO DIZEL;187.000;10,174.67;0.00;0.00;1,695.78;RSD;8914399056;2024-10-31;YES;NO;217;OMV-RS;;;;D;10,555.50;Yes;744642;2024-10-18;1;
710111;107258;77;BG 1498 - HH;2024-10-30 13:50:00;OMV EVRO DIZEL;34.78;6,469.08;1,078.18;00572422;122925;122925;                  ;SR;BESKA 1;OMV EVRO DIZEL;186.000;6,469.08;0.00;0.00;1,078.18;RSD;8914399056;2024-10-31;YES;NO;217;OMV-RS;;;;D;6,712.50;Yes;735037;2024-10-30;1;
710111;107258;77;BG 1498 - HH;2024-12-30 15:57:00;OMV EVRO DIZEL;55.61;10,565.90;1,760.98;00608443;123423;123423;                  ;SR;BESKA 1;OMV EVRO DIZEL;190.000;10,565.90;0.00;0.00;1,760.98;RSD;8914409008;2024-12-31;YES;NO;217;OMV-RS;;;;D;10,955.20;Yes;755841;2024-12-30;1;
710111;107258;77;BG 1498 - HH;2025-03-06 07:40:00;OMV EVRO DIZEL;58.92;11,636.70;1,939.45;00018766;124090;124090;                  ;SR;BESKA 2;OMV EVRO DIZEL;197.500;11,636.70;0.00;0.00;1,939.45;RSD;8915362134;2025-03-15;YES;NO;217;OMV-RS;;;;D;11,960.80;Yes;774328;2025-03-06;1;
710111;107258;77;BG 1498 - HH;2025-03-31 09:50:00;OMV EVRO DIZEL;49.45;9,395.50;1,565.92;00026477;124602;124602;                  ;SR;LAPOVO JUG;OMV EVRO DIZEL;190.000;9,395.50;0.00;0.00;1,565.92;RSD;8915364775;2025-03-31;YES;NO;217;OMV-RS;;;;D;9,692.20;Yes;795053;2025-03-31;1;
710111;107258;77;BG 1498 - HH;2025-04-07 10:09:00;OMV EVRO DIZEL;53.20;10,108.00;1,684.67;00029604;125100;125100;                  ;SR;LAPOVO JUG;OMV EVRO DIZEL;190.000;10,108.00;0.00;0.00;1,684.67;RSD;8915367133;2025-04-15;YES;NO;217;OMV-RS;;;;D;10,427.20;Yes;700940;2025-04-07;1;
710111;107258;77;BG 1498 - HH;2025-04-11 10:18:00;OMV EVRO DIZEL;69.33;13,172.70;2,195.45;00011179;125755;125755;                  ;SR;BESKA 2;OMV EVRO DIZEL;190.000;13,172.70;0.00;0.00;2,195.45;RSD;8915367133;2025-04-15;YES;NO;217;OMV-RS;;;;D;13,588.70;Yes;702215;2025-04-11;1;
710111;107258;77;BG 1498 - HH;2025-04-16 09:25:00;OMV EVRO DIZEL;43.88;8,161.68;1,360.28;00034825;126180;126180;                  ;SR;LAPOVO JUG;OMV EVRO DIZEL;186.000;8,161.68;0.00;0.00;1,360.28;RSD;8915369797;2025-04-30;YES;NO;217;OMV-RS;;;;D;8,425.00;Yes;792549;2025-04-16;1;
710111;107258;77;BG 1498 - HH;2025-04-22 08:53:00;OMV EVRO DIZEL;57.86;10,588.38;1,764.73;00038368;126744;126744;                  ;SR;LAPOVO JUG;OMV EVRO DIZEL;183.000;10,588.38;0.00;0.00;1,764.73;RSD;8915369797;2025-04-30;YES;NO;217;OMV-RS;;;;D;10,935.50;Yes;785339;2025-04-22;1;
710111;107258;77;BG 1498 - HH;2025-04-24 08:42:00;OMV EVRO DIZEL;57.35;10,495.05;1,749.17;00027907;127336;127336;                  ;SR;LAPOVO JUG;OMV EVRO DIZEL;183.000;10,495.05;0.00;0.00;1,749.17;RSD;8915369797;2025-04-30;YES;NO;217;OMV-RS;;;;D;10,839.20;Yes;784222;2025-04-24;1;
710111;107258;77;BG 1498 - HH;2025-04-28 10:01:00;OMV EVRO DIZEL;76.05;13,917.15;2,319.52;00048501;128066;128066;                  ;SR;BESKA 2;OMV EVRO DIZEL;183.000;13,917.15;0.00;0.00;2,319.52;RSD;8915369797;2025-04-30;YES;NO;217;OMV-RS;;;;D;14,373.50;Yes;700133;2025-04-28;1;
710111;107258;77;BG 1498 - HH;2025-05-09 08:40:00;OMV EVRO DIZEL;62.80;11,429.60;1,904.93;00032677;128670;128670;                  ;SR;LAPOVO JUG;OMV EVRO DIZEL;182.000;11,429.60;0.00;0.00;1,904.93;RSD;8915372197;2025-05-15;YES;NO;217;OMV-RS;;;;D;11,806.40;Yes;784016;2025-05-09;1;
710111;107258;77;BG 1498 - HH;2025-05-11 08:12:00;OMV EVRO DIZEL;62.05;11,169.00;1,861.50;00033338;129245;129245;                  ;SR;LAPOVO JUG;OMV EVRO DIZEL;180.000;11,169.00;0.00;0.00;1,861.50;RSD;8915372197;2025-05-15;YES;NO;217;OMV-RS;;;;D;11,541.30;Yes;781219;2025-05-11;1;
710111;107258;77;BG 1498 - HH;2025-05-19 09:56:00;OMV EVRO DIZEL;60.56;10,961.36;1,826.89;00052131;129805;129805;                  ;SR;LAPOVO JUG;OMV EVRO DIZEL;181.000;10,961.36;0.00;0.00;1,826.89;RSD;8915374857;2025-05-31;YES;NO;217;OMV-RS;;;;D;11,324.70;Yes;795650;2025-05-19;1;
710111;107258;77;BG 1498 - HH;2025-05-26 08:46:00;OMV EVRO DIZEL;79.84;14,451.04;2,408.51;00075935;130620;130620;                  ;SR;BUBANJ POTOK;OMV EVRO DIZEL;181.000;14,451.04;0.00;0.00;2,408.51;RSD;8915374857;2025-05-31;YES;NO;217;OMV-RS;;;;D;14,930.10;Yes;784622;2025-05-26;1;
710111;107258;77;BG 1498 - HH;2025-06-02 09:27:00;OMV EVRO DIZEL;69.46;12,572.26;2,095.38;00060487;131280;131280;                  ;SR;LAPOVO JUG;OMV EVRO DIZEL;181.000;12,572.26;0.00;0.00;2,095.38;RSD;8915377281;2025-06-15;YES;NO;217;OMV-RS;;;;D;12,989.00;Yes;792717;2025-06-02;1;
710111;107258;77;BG 1498 - HH;2025-06-04 09:25:00;OMV EVRO DIZEL;69.55;12,588.55;2,098.09;00061844;131975;131975;                  ;SR;LAPOVO JUG;OMV EVRO DIZEL;181.000;12,588.55;0.00;0.00;2,098.09;RSD;8915377281;2025-06-15;YES;NO;217;OMV-RS;;;;D;13,005.90;Yes;792515;2025-06-04;1;
710111;107258;77;BG 1498 - HH;2025-06-06 14:11:00;OMV EVRO DIZEL;68.81;12,454.61;2,075.77;00046099;132663;132663;                  ;SR;LAPOVO SEVER;OMV EVRO DIZEL;181.000;12,454.61;0.00;0.00;2,075.77;RSD;8915377281;2025-06-15;YES;NO;217;OMV-RS;;;;D;12,867.50;Yes;741126;2025-06-06;1;
710111;107258;77;BG 1498 - HH;2025-06-10 10:00:00;OMV EVRO DIZEL;80.21;14,518.01;2,419.67;00043247;133456;133456;                  ;SR;LAPOVO JUG;OMV EVRO DIZEL;181.000;14,518.01;0.00;0.00;2,419.67;RSD;8915377281;2025-06-15;YES;NO;217;OMV-RS;;;;D;15,000.00;Yes;700018;2025-06-10;1;
710111;107258;77;BG 1498 - HH;2025-06-12 09:44:00;OMV EVRO DIZEL;68.84;12,460.04;2,076.67;00066673;134087;134087;                  ;SR;LAPOVO JUG;OMV EVRO DIZEL;181.000;12,460.04;0.00;0.00;2,076.67;RSD;8915377281;2025-06-15;YES;NO;217;OMV-RS;;;;D;12,873.10;Yes;794433;2025-06-12;1;
710111;107258;77;BG 1498 - HH;2025-06-17 08:34:00;OMV EVRO DIZEL;66.72;12,209.76;2,034.96;00035979;134794;134794;                  ;SR;BUBANJ POTOK;OMV EVRO DIZEL;183.000;12,209.76;0.00;0.00;2,034.96;RSD;8915379951;2025-06-30;YES;NO;217;OMV-RS;;;;D;12,610.10;Yes;783505;2025-06-17;1;
710111;107258;77;BG 1498 - HH;2025-06-20 09:59:00;OMV EVRO DIZEL;67.45;12,343.35;2,057.22;00046633;135513;135513;                  ;SR;LAPOVO JUG;OMV EVRO DIZEL;183.000;12,343.35;0.00;0.00;2,057.22;RSD;8915379951;2025-06-30;YES;NO;217;OMV-RS;;;;D;12,748.10;Yes;795937;2025-06-20;1;
710111;107258;77;BG 1498 - HH;2025-06-23 10:38:00;OMV EVRO DIZEL;57.10;10,620.60;1,770.10;00074200;136083;136083;                  ;SR;LAPOVO JUG;OMV EVRO DIZEL;186.000;10,620.60;0.00;0.00;1,770.10;RSD;8915379951;2025-06-30;YES;NO;217;OMV-RS;;;;D;10,963.20;Yes;703820;2025-06-23;1;
710111;107258;77;BG 1498 - HH;2025-06-26 09:13:00;OMV EVRO DIZEL;75.26;13,998.36;2,333.06;00049205;136771;136771;                  ;SR;LAPOVO JUG;OMV EVRO DIZEL;186.000;13,998.36;0.00;0.00;2,333.06;RSD;8915379951;2025-06-30;YES;NO;217;OMV-RS;;;;D;14,449.90;Yes;791405;2025-06-26;1;
710111;107258;77;BG 1498 - HH;2025-06-30 16:06:00;OMV EVRO DIZEL;75.21;14,139.48;2,356.58;00078911;137523;137523;                  ;SR;LAPOVO SEVER;OMV EVRO DIZEL;188.000;14,139.48;0.00;0.00;2,356.58;RSD;8915379951;2025-06-30;YES;NO;217;OMV-RS;;;;D;14,590.70;Yes;760645;2025-06-30;1;
710111;107258;77;BG 1498 - HH;2025-07-03 17:55:00;OMV EVRO DIZEL;76.53;14,387.64;2,397.94;00003594;138254;138254;                  ;SR;LAPOVO SEVER;OMV EVRO DIZEL;188.000;14,387.64;0.00;0.00;2,397.94;RSD;8915382357;2025-07-15;YES;NO;217;OMV-RS;;;;D;14,846.80;Yes;775528;2025-07-03;1;
710111;107258;77;BG 1498 - HH;2025-07-05 08:25:00;OMV EVRO DIZEL;50.41;9,477.08;1,579.51;00082713;138760;138760;                  ;SR;LAPOVO JUG;OMV EVRO DIZEL;188.000;9,477.08;0.00;0.00;1,579.51;RSD;8915382357;2025-07-15;YES;NO;217;OMV-RS;;;;D;9,779.50;Yes;782602;2025-07-05;1;
710111;107258;77;BG 1498 - HH;2025-07-08 10:18:00;OMV EVRO DIZEL;58.12;10,926.56;1,821.09;00085406;139318;139318;                  ;SR;LAPOVO JUG;OMV EVRO DIZEL;188.000;10,926.56;0.00;0.00;1,821.09;RSD;8915382357;2025-07-15;YES;NO;217;OMV-RS;;;;D;11,275.30;Yes;701816;2025-07-08;1;
710111;107258;77;BG 1498 - HH;2025-07-14 09:07:00;OMV EVRO DIZEL;76.53;14,540.70;2,423.45;00003612;140208;140208;                  ;SR;LAPOVO JUG;OMV EVRO DIZEL;190.000;14,540.70;0.00;0.00;2,423.45;RSD;8915382357;2025-07-15;YES;NO;217;OMV-RS;;;;D;15,000.00;Yes;790750;2025-07-14;1;
710111;107258;77;BG 1498 - HH;2025-07-16 08:51:00;OMV EVRO DIZEL;64.86;12,323.40;2,053.90;00093141;140810;140810;                  ;SR;LAPOVO JUG;OMV EVRO DIZEL;190.000;12,323.40;0.00;0.00;2,053.90;RSD;8915385043;2025-07-31;YES;NO;217;OMV-RS;;;;D;12,712.60;Yes;785115;2025-07-16;1;
710111;107258;77;BG 1498 - HH;2025-07-18 09:50:00;OMV EVRO DIZEL;59.65;11,333.50;1,888.92;00003735;141434;141434;                  ;SR;LAPOVO JUG;OMV EVRO DIZEL;190.000;11,333.50;0.00;0.00;1,888.92;RSD;8915385043;2025-07-31;YES;NO;217;OMV-RS;;;;D;11,691.40;Yes;795029;2025-07-18;1;
710111;107258;77;BG 1498 - HH;2025-07-23 14:54:00;OMV EVRO DIZEL;69.36;13,247.76;2,207.96;00064171;142163;142163;                  ;SR;LAPOVO SEVER;OMV EVRO DIZEL;191.000;13,247.76;0.00;0.00;2,207.96;RSD;8915385043;2025-07-31;YES;NO;217;OMV-RS;;;;D;13,663.90;Yes;745440;2025-07-23;1;
710111;107258;77;BG 1498 - HH;2025-08-01 07:30:00;OMV EVRO DIZEL;76.45;14,525.50;2,420.92;00094722;142955;142955;                  ;SR;ADA CIGANLIJA;OMV EVRO DIZEL;190.000;14,525.50;0.00;0.00;2,420.92;RSD;8915387463;2025-08-15;YES;NO;217;OMV-RS;;;;D;14,984.20;Yes;773024;2025-08-01;1;
710111;107258;77;BG 1498 - HH;2025-08-07 10:13:00;OMV EVRO DIZEL;75.49;14,343.10;2,390.52;00078652;143693;143693;                  ;SR;LAPOVO JUG;OMV EVRO DIZEL;190.000;14,343.10;0.00;0.00;2,390.52;RSD;8915387463;2025-08-15;YES;NO;217;OMV-RS;;;;D;14,796.00;Yes;701410;2025-08-07;1;
710111;107258;77;BG 1498 - HH;2025-08-13 09:05:00;OMV EVRO DIZEL;50.95;9,476.70;1,579.45;00116308;144215;144215;                  ;SR;BESKA 2;OMV EVRO DIZEL;186.000;9,476.70;0.00;0.00;1,579.45;RSD;8915387463;2025-08-15;YES;NO;217;OMV-RS;;;;D;9,833.40;Yes;790606;2025-08-13;1;
710111;107258;77;BG 1498 - HH;2025-08-15 07:39:00;OMV EVRO DIZEL;77.69;14,450.34;2,408.39;00039890;144961;144961;                  ;SR;BESKA 2;OMV EVRO DIZEL;186.000;14,450.34;0.00;0.00;2,408.39;RSD;8915387463;2025-08-15;YES;NO;217;OMV-RS;;;;D;14,994.20;Yes;773937;2025-08-15;1;
710111;107258;77;BG 1498 - HH;2025-08-18 07:50:00;OMV EVRO DIZEL;43.11;7,975.35;1,329.22;00041873;145334;145334;                  ;SR;BESKA 2;OMV EVRO DIZEL;185.000;7,975.35;0.00;0.00;1,329.22;RSD;8915390137;2025-08-31;YES;NO;217;OMV-RS;;;;D;8,277.10;Yes;775024;2025-08-18;1;
710111;107258;77;BG 1498 - HH;2025-08-20 07:04:00;OMV EVRO DIZEL;39.35;7,279.75;1,213.29;00123266;145706;145706;                  ;SR;BESKA 2;OMV EVRO DIZEL;185.000;7,279.75;0.00;0.00;1,213.29;RSD;8915390137;2025-08-31;YES;NO;217;OMV-RS;;;;D;7,555.20;Yes;770446;2025-08-20;1;
710111;107258;77;BG 1498 - HH;2025-08-21 07:05:00;OMV EVRO DIZEL;40.20;7,437.00;1,239.50;00124296;146080;146080;                  ;SR;BESKA 2;OMV EVRO DIZEL;185.000;7,437.00;0.00;0.00;1,239.50;RSD;8915390137;2025-08-31;YES;NO;217;OMV-RS;;;;D;7,718.40;Yes;770541;2025-08-21;1;
710111;107258;77;BG 1498 - HH;2025-08-25 06:50:00;OMV EVRO DIZEL;78.09;14,446.65;2,407.77;00077515;146782;146782;                  ;SR;METRO;OMV EVRO DIZEL;185.000;14,446.65;0.00;0.00;2,407.77;RSD;8915390137;2025-08-31;YES;NO;217;OMV-RS;;;;D;14,993.30;Yes;765056;2025-08-25;1;
710111;107258;77;BG 1498 - HH;2025-08-26 07:08:00;OMV EVRO DIZEL;46.34;8,572.90;1,428.82;00129377;147188;147188;                  ;SR;BESKA 2;OMV EVRO DIZEL;185.000;8,572.90;0.00;0.00;1,428.82;RSD;8915390137;2025-08-31;YES;NO;217;OMV-RS;;;;D;8,897.30;Yes;770850;2025-08-26;1;
710111;107258;77;BG 1498 - HH;2025-08-27 08:47:00;OMV EVRO DIZEL;40.16;7,429.60;1,238.27;00130245;147564;147564;                  ;SR;BESKA 2;OMV EVRO DIZEL;185.000;7,429.60;0.00;0.00;1,238.27;RSD;8915390137;2025-08-31;YES;NO;217;OMV-RS;;;;D;7,710.70;Yes;784733;2025-08-27;1;
710111;107258;77;BG 1498 - HH;2025-08-28 06:52:00;OMV EVRO DIZEL;37.38;6,915.30;1,152.55;00046859;147919;147919;                  ;SR;BESKA 2;OMV EVRO DIZEL;185.000;6,915.30;0.00;0.00;1,152.55;RSD;8915390137;2025-08-31;YES;NO;217;OMV-RS;;;;D;7,177.00;Yes;765233;2025-08-28;1;
710111;107258;77;BG 1498 - HH;2025-08-29 08:25:00;OMV EVRO DIZEL;43.10;7,973.50;1,328.92;00132110;148293;148293;                  ;SR;BESKA 2;OMV EVRO DIZEL;185.000;7,973.50;0.00;0.00;1,328.92;RSD;8915390137;2025-08-31;YES;NO;217;OMV-RS;;;;D;8,275.20;Yes;782532;2025-08-29;1;
710111;107258;77;BG 1498 - HH;2025-09-04 07:55:00;OMV EVRO DIZEL;39.94;7,428.84;1,238.14;00049398;148665;148665;                  ;SR;BESKA 2;OMV EVRO DIZEL;186.000;7,428.84;0.00;0.00;1,238.14;RSD;8915392542;2025-09-15;YES;NO;217;OMV-RS;;;;D;7,708.40;Yes;775517;2025-09-04;1;
710111;107258;77;BG 1498 - HH;2025-09-12 07:55:00;OMV EVRO DIZEL;56.70;10,602.90;1,767.15;00153326;149291;149291;                  ;SR;BUBANJ POTOK;OMV EVRO DIZEL;187.000;10,602.90;0.00;0.00;1,767.15;RSD;8915392542;2025-09-15;YES;NO;217;OMV-RS;;;;D;11,000.00;Yes;775604;2025-09-12;1;
710111;107258;77;BG 1498 - HH;2025-09-18 08:09:00;OMV EVRO DIZEL;40.61;7,594.07;1,265.68;00157324;149658;149658;                  ;SR;BUBANJ POTOK;OMV EVRO DIZEL;187.000;7,594.07;0.00;0.00;1,265.68;RSD;8915395222;2025-09-30;YES;NO;217;OMV-RS;;;;D;7,878.30;Yes;781006;2025-09-18;1;
710111;107258;77;BG 1498 - HH;2025-09-23 18:50:00;OMV EVRO DIZEL;53.67;10,089.96;1,681.66;00163306;150218;150218;                  ;SR;BESKA 1;OMV EVRO DIZEL;188.000;10,089.96;0.00;0.00;1,681.66;RSD;8915395222;2025-09-30;YES;NO;217;OMV-RS;;;;D;10,465.70;Yes;785042;2025-09-23;1;
710111;107258;77;BG 1498 - HH;2025-09-29 07:04:00;OMV EVRO DIZEL;37.10;6,974.80;1,162.47;00125105;150577;150577;                  ;SR;ADA CIGANLIJA;OMV EVRO DIZEL;188.000;6,974.80;0.00;0.00;1,162.47;RSD;8915395222;2025-09-30;YES;NO;217;OMV-RS;;;;D;7,234.50;Yes;770510;2025-09-29;1;
710111;107258;77;BG 1498 - HH;2025-09-30 12:24:00;OMV EVRO DIZEL;45.95;8,638.60;1,439.77;00134806;151102;151102;                  ;SR;CELIJE;OMV EVRO DIZEL;188.000;8,638.60;0.00;0.00;1,439.77;RSD;8915395222;2025-09-30;YES;NO;117;OMV-RS;;;;D;8,960.30;Yes;722436;2025-09-30;1;
710111;107258;515;BG 2275 - ZP;2025-10-18 09:44:00;AdBlue;9.39;894.68;149.11;00102913;114263;114263;                  ;SR;OBILAZNICA 1;AdBlue;95.280;894.68;0.00;0.00;149.11;RSD;8915400359;2025-10-31;YES;NO;217;OMV-RS;;;;D;1,258.30;Yes;794455;2025-10-18;1;
710111;107258;515;BG 2275 - ZP;2025-10-23 11:22:00;OMV EVRO DIZEL;45.01;8,371.86;1,395.31;00028586;114506;114506;                  ;SR;BORSKA;OMV EVRO DIZEL;186.000;8,371.86;0.00;0.00;1,395.31;RSD;8915400359;2025-10-31;YES;NO;217;OMV-RS;;;;D;8,641.90;Yes;712306;2025-10-23;1;
710111;107258;515;BG 2275 - ZP;2026-01-10 13:47:00;OMV EVRO DIZEL;45.01;8,304.35;1,384.06;00167678;119640;119640;                  ;SR;JURIJA GAGARINA;OMV EVRO DIZEL;184.500;8,304.35;0.00;0.00;1,384.06;RSD;8916351914;2026-01-15;YES;NO;217;OMV-RS;;;;D;8,596.91;Yes;734732;2026-01-10;1;
710111;107258;515;BG 2275 - ZP;2026-02-16 15:19:00;OMV EVRO DIZEL;46.00;8,694.00;1,449.00;00048500;122197;122197;                  ;SR;BORSKA;OMV EVRO DIZEL;189.000;8,694.00;0.00;0.00;1,449.00;RSD;8916360516;2026-02-28;YES;NO;217;OMV-RS;;;;D;9,016.00;Yes;751930;2026-02-16;1;
710111;107258;515;BG 2275 - ZP;2026-04-29 08:36:00;OMV EVRO DIZEL;45.03;9,861.57;1,643.59;00045110;127245;127245;                  ;SR;OBILAZNICA 1;OMV EVRO DIZEL;219.000;9,861.57;0.00;0.00;1,643.59;RSD;8916372386;2026-04-30;YES;NO;217;OMV-RS;;;;D;9,861.57;Yes;783624;2026-04-29;1;
710111;107258;515;BG 2275 - ZP;2026-05-19 17:19:00;OMV EVRO DIZEL;39.86;8,749.27;1,458.21;00238868;128711;128711;                  ;SR;ADA CIGANLIJA;OMV EVRO DIZEL;219.500;8,749.27;0.00;0.00;1,458.21;RSD;8916378386;2026-05-31;YES;NO;217;OMV-RS;;;;D;8,888.78;Yes;771940;2026-05-19;1;
710111;107258;515;BG 2275 - ZP;2026-05-28 21:04:00;AdBlue;13.61;1,383.86;230.64;00048230;130004;130004;                  ;SR;BUBANJ POTOK;AdBlue;101.680;1,383.86;0.00;0.00;230.64;RSD;8916378386;2026-05-31;YES;NO;217;OMV-RS;;;;D;1,687.64;Yes;710419;2026-05-28;1;
710111;107258;531;BG 1461 EB;2025-10-02 07:08:00;OMV EVRO DIZEL;22.56;4,241.28;706.88;00157351;171892;171892;                  ;SR;BESKA 2;OMV EVRO DIZEL;188.000;4,241.28;0.00;0.00;706.88;RSD;8915397668;2025-10-15;YES;NO;217;OMV-RS;;;;D;4,399.20;Yes;770849;2025-10-02;1;
710111;107258;531;BG 1461 EB;2025-10-03 11:30:00;OMV EVRO DIZEL;35.12;6,602.56;1,100.43;00169844;172397;172397;                  ;SR;BESKA 1;OMV EVRO DIZEL;188.000;6,602.56;0.00;0.00;1,100.43;RSD;8915397668;2025-10-15;YES;NO;217;OMV-RS;;;;D;6,848.40;Yes;713014;2025-10-03;1;
710111;107258;531;BG 1461 EB;2025-10-07 07:24:00;OMV EVRO DIZEL;34.06;6,403.28;1,067.21;00160628;172897;172897;                  ;SR;BESKA 2;OMV EVRO DIZEL;188.000;6,403.28;0.00;0.00;1,067.21;RSD;8915397668;2025-10-15;YES;NO;217;OMV-RS;;;;D;6,641.70;Yes;772435;2025-10-07;1;
710111;107258;531;BG 1461 EB;2025-10-08 07:03:00;OMV EVRO DIZEL;25.97;4,882.36;813.73;00161270;173268;173268;                  ;SR;BESKA 2;OMV EVRO DIZEL;188.000;4,882.36;0.00;0.00;813.73;RSD;8915397668;2025-10-15;YES;NO;217;OMV-RS;;;;D;5,064.20;Yes;770321;2025-10-08;1;
710111;107258;531;BG 1461 EB;2025-10-09 07:35:00;OMV EVRO DIZEL;26.26;4,936.88;822.81;00161951;173653;173653;                  ;SR;BESKA 2;OMV EVRO DIZEL;188.000;4,936.88;0.00;0.00;822.81;RSD;8915397668;2025-10-15;YES;NO;217;OMV-RS;;;;D;5,120.70;Yes;773559;2025-10-09;1;
710111;107258;531;BG 1461 EB;2025-10-10 07:05:00;OMV EVRO DIZEL;27.21;5,115.48;852.58;00162579;174057;174057;                  ;SR;BESKA 2;OMV EVRO DIZEL;188.000;5,115.48;0.00;0.00;852.58;RSD;8915397668;2025-10-15;YES;NO;217;OMV-RS;;;;D;5,306.00;Yes;770524;2025-10-10;1;
710111;107258;531;BG 1461 EB;2025-10-13 10:23:00;OMV EVRO DIZEL;29.74;5,591.12;931.85;00132009;174492;174492;                  ;SR;ADA CIGANLIJA;OMV EVRO DIZEL;188.000;5,591.12;0.00;0.00;931.85;RSD;8915397668;2025-10-15;YES;NO;217;OMV-RS;;;;D;5,769.60;Yes;702410;2025-10-13;1;
710111;107258;531;BG 1461 EB;2025-10-15 06:56:00;OMV EVRO DIZEL;32.49;6,108.12;1,018.02;00165907;174942;174942;                  ;SR;BESKA 2;OMV EVRO DIZEL;188.000;6,108.12;0.00;0.00;1,018.02;RSD;8915397668;2025-10-15;YES;NO;217;OMV-RS;;;;D;6,303.10;Yes;765705;2025-10-15;1;
710111;107258;531;BG 1461 EB;2025-10-16 07:04:00;OMV EVRO DIZEL;28.86;5,425.68;904.28;00166514;175351;175351;                  ;SR;BESKA 2;OMV EVRO DIZEL;188.000;5,425.68;0.00;0.00;904.28;RSD;8915400359;2025-10-31;YES;NO;217;OMV-RS;;;;D;5,598.80;Yes;770427;2025-10-16;1;
710111;107258;531;BG 1461 EB;2025-10-17 07:04:00;OMV EVRO DIZEL;27.00;5,076.00;846.00;00167191;175732;175732;                  ;SR;BESKA 2;OMV EVRO DIZEL;188.000;5,076.00;0.00;0.00;846.00;RSD;8915400359;2025-10-31;YES;NO;217;OMV-RS;;;;D;5,238.00;Yes;770420;2025-10-17;1;
710111;107258;531;BG 1461 EB;2025-10-18 06:56:00;OMV EVRO DIZEL;30.95;5,756.70;959.45;00167874;176162;176162;                  ;SR;BESKA 2;OMV EVRO DIZEL;186.000;5,756.70;0.00;0.00;959.45;RSD;8915400359;2025-10-31;YES;NO;217;OMV-RS;;;;D;5,942.40;Yes;765644;2025-10-18;1;
710111;107258;531;BG 1461 EB;2025-10-20 07:04:00;OMV EVRO DIZEL;25.11;4,670.46;778.41;00169264;176517;176517;                  ;SR;BESKA 2;OMV EVRO DIZEL;186.000;4,670.46;0.00;0.00;778.41;RSD;8915400359;2025-10-31;YES;NO;217;OMV-RS;;;;D;4,821.10;Yes;770422;2025-10-20;1;
710111;107258;531;BG 1461 EB;2025-10-21 07:18:00;OMV EVRO DIZEL;28.80;5,356.80;892.80;00059910;176897;176897;                  ;SR;BESKA 2;OMV EVRO DIZEL;186.000;5,356.80;0.00;0.00;892.80;RSD;8915400359;2025-10-31;YES;NO;217;OMV-RS;;;;D;5,529.60;Yes;771818;2025-10-21;1;
710111;107258;531;BG 1461 EB;2025-10-22 07:00:00;OMV EVRO DIZEL;28.91;5,377.26;896.21;00170583;177275;177275;                  ;SR;BESKA 2;OMV EVRO DIZEL;186.000;5,377.26;0.00;0.00;896.21;RSD;8915400359;2025-10-31;YES;NO;217;OMV-RS;;;;D;5,550.70;Yes;770037;2025-10-22;1;
710111;107258;531;BG 1461 EB;2025-10-23 07:34:00;OMV EVRO DIZEL;25.70;4,780.20;796.70;00171220;177649;177649;                  ;SR;BESKA 2;OMV EVRO DIZEL;186.000;4,780.20;0.00;0.00;796.70;RSD;8915400359;2025-10-31;YES;NO;217;OMV-RS;;;;D;4,934.40;Yes;773518;2025-10-23;1;
710111;107258;531;BG 1461 EB;2025-10-24 07:15:00;OMV EVRO DIZEL;30.99;5,764.14;960.69;00171895;178068;178068;                  ;SR;BESKA 2;OMV EVRO DIZEL;186.000;5,764.14;0.00;0.00;960.69;RSD;8915400359;2025-10-31;YES;NO;217;OMV-RS;;;;D;5,950.10;Yes;771515;2025-10-24;1;
710111;107258;531;BG 1461 EB;2025-10-27 07:29:00;OMV EVRO DIZEL;28.97;5,431.88;905.31;00173911;178474;178474;                  ;SR;BESKA 2;OMV EVRO DIZEL;187.500;5,431.88;0.00;0.00;905.31;RSD;8915400359;2025-10-31;YES;NO;217;OMV-RS;;;;D;5,591.20;Yes;772956;2025-10-27;1;
710111;107258;531;BG 1461 EB;2025-10-28 07:25:00;OMV EVRO DIZEL;28.44;5,332.50;888.75;00174574;178832;178832;                  ;SR;BESKA 2;OMV EVRO DIZEL;187.500;5,332.50;0.00;0.00;888.75;RSD;8915400359;2025-10-31;YES;NO;217;OMV-RS;;;;D;5,488.90;Yes;772538;2025-10-28;1;
710111;107258;531;BG 1461 EB;2025-10-29 07:06:00;OMV EVRO DIZEL;25.23;4,730.63;788.44;00175254;179212;179212;                  ;SR;BESKA 2;OMV EVRO DIZEL;187.500;4,730.63;0.00;0.00;788.44;RSD;8915400359;2025-10-31;YES;NO;217;OMV-RS;;;;D;4,869.40;Yes;770630;2025-10-29;1;
710111;107258;531;BG 1461 EB;2025-10-30 07:03:00;OMV EVRO DIZEL;29.26;5,486.25;914.37;00175916;179590;179590;                  ;SR;BESKA 2;OMV EVRO DIZEL;187.500;5,486.25;0.00;0.00;914.37;RSD;8915400359;2025-10-31;YES;NO;217;OMV-RS;;;;D;5,647.20;Yes;770314;2025-10-30;1;
710111;107258;531;BG 1461 EB;2025-10-31 06:58:00;OMV EVRO DIZEL;25.38;4,758.75;793.12;00176472;179951;179951;                  ;SR;BESKA 2;OMV EVRO DIZEL;187.500;4,758.75;0.00;0.00;793.12;RSD;8915400359;2025-10-31;YES;NO;217;OMV-RS;;;;D;4,898.30;Yes;765836;2025-10-31;1;
710111;107258;531;BG 1461 EB;2025-11-03 06:46:00;OMV EVRO DIZEL;29.31;5,583.56;930.59;00014874;180352;180352;                  ;SR;BESKA 2;OMV EVRO DIZEL;190.500;5,583.56;0.00;0.00;930.59;RSD;8915402843;2025-11-15;YES;NO;217;OMV-RS;;;;D;5,744.80;Yes;764622;2025-11-03;1;
710111;107258;531;BG 1461 EB;2025-11-04 06:58:00;OMV EVRO DIZEL;25.48;4,853.94;808.99;00179350;180726;180726;                  ;SR;BESKA 2;OMV EVRO DIZEL;190.500;4,853.94;0.00;0.00;808.99;RSD;8915402843;2025-11-15;YES;NO;217;OMV-RS;;;;D;4,994.10;Yes;765901;2025-11-04;1;
710111;107258;531;BG 1461 EB;2025-11-05 06:53:00;OMV EVRO DIZEL;29.14;5,551.17;925.19;00180014;181111;181111;                  ;SR;BESKA 2;OMV EVRO DIZEL;190.500;5,551.17;0.00;0.00;925.19;RSD;8915402843;2025-11-15;YES;NO;217;OMV-RS;;;;D;5,711.40;Yes;765351;2025-11-05;1;
710111;107258;531;BG 1461 EB;2025-11-06 07:03:00;OMV EVRO DIZEL;27.36;5,225.76;870.96;00180738;181483;181483;                  ;SR;BESKA 2;OMV EVRO DIZEL;191.000;5,225.76;0.00;0.00;870.96;RSD;8915402843;2025-11-15;YES;NO;217;OMV-RS;;;;D;5,362.60;Yes;770342;2025-11-06;1;
710111;107258;531;BG 1461 EB;2025-11-07 07:14:00;OMV EVRO DIZEL;28.06;5,387.52;897.92;00181325;181844;181844;                  ;SR;BESKA 2;OMV EVRO DIZEL;192.000;5,387.52;0.00;0.00;897.92;RSD;8915402843;2025-11-15;YES;NO;217;OMV-RS;;;;D;5,499.80;Yes;771442;2025-11-07;1;
710111;107258;531;BG 1461 EB;2025-11-08 06:58:00;OMV EVRO DIZEL;27.43;5,321.42;886.90;00064542;182214;182214;                  ;SR;BESKA 2;OMV EVRO DIZEL;194.000;5,321.42;0.00;0.00;886.90;RSD;8915402843;2025-11-15;YES;NO;217;OMV-RS;;;;D;5,431.10;Yes;765824;2025-11-08;1;
710111;107258;531;BG 1461 EB;2025-11-09 07:33:00;OMV EVRO DIZEL;28.14;5,459.16;909.86;00182531;182577;182577;                  ;SR;BESKA 2;OMV EVRO DIZEL;194.000;5,459.16;0.00;0.00;909.86;RSD;8915402843;2025-11-15;YES;NO;217;OMV-RS;;;;D;5,571.70;Yes;773302;2025-11-09;1;
710111;107258;531;BG 1461 EB;2025-11-10 07:05:00;OMV EVRO DIZEL;30.77;5,969.38;994.90;00064966;182964;182964;                  ;SR;BESKA 2;OMV EVRO DIZEL;194.000;5,969.38;0.00;0.00;994.90;RSD;8915402843;2025-11-15;YES;NO;217;OMV-RS;;;;D;6,092.50;Yes;770556;2025-11-10;1;
710111;107258;531;BG 1461 EB;2025-11-11 07:00:00;OMV EVRO DIZEL;26.89;5,216.66;869.44;00065170;183347;183347;                  ;SR;BESKA 2;OMV EVRO DIZEL;194.000;5,216.66;0.00;0.00;869.44;RSD;8915402843;2025-11-15;YES;NO;217;OMV-RS;;;;D;5,324.20;Yes;770051;2025-11-11;1;
710111;107258;531;BG 1461 EB;2025-11-12 07:36:00;OMV EVRO DIZEL;26.18;5,078.92;846.49;00184058;183718;183718;                  ;SR;BESKA 2;OMV EVRO DIZEL;194.000;5,078.92;0.00;0.00;846.49;RSD;8915402843;2025-11-15;YES;NO;217;OMV-RS;;;;D;5,183.60;Yes;773648;2025-11-12;1;
710111;107258;531;BG 1461 EB;2025-11-13 07:42:00;OMV EVRO DIZEL;31.61;6,132.34;1,022.06;00184587;184109;184109;                  ;SR;BESKA 2;OMV EVRO DIZEL;194.000;6,132.34;0.00;0.00;1,022.06;RSD;8915402843;2025-11-15;YES;NO;217;OMV-RS;;;;D;6,258.80;Yes;774304;2025-11-13;1;
710111;107258;531;BG 1461 EB;2025-11-14 07:51:00;OMV EVRO DIZEL;28.86;5,598.84;933.14;00185176;184480;184480;                  ;SR;BESKA 2;OMV EVRO DIZEL;194.000;5,598.84;0.00;0.00;933.14;RSD;8915402843;2025-11-15;YES;NO;217;OMV-RS;;;;D;5,714.30;Yes;775139;2025-11-14;1;
710111;107258;531;BG 1461 EB;2025-11-17 07:36:00;OMV EVRO DIZEL;28.17;5,549.49;924.91;00186924;184875;184875;                  ;SR;BESKA 2;OMV EVRO DIZEL;197.000;5,549.49;0.00;0.00;924.91;RSD;8915405535;2025-11-30;YES;NO;217;OMV-RS;;;;D;5,662.20;Yes;773632;2025-11-17;1;
710111;107258;531;BG 1461 EB;2025-11-18 07:05:00;OMV EVRO DIZEL;24.90;4,905.30;817.55;00187542;185232;185232;                  ;SR;BESKA 2;OMV EVRO DIZEL;197.000;4,905.30;0.00;0.00;817.55;RSD;8915405535;2025-11-30;YES;NO;217;OMV-RS;;;;D;5,004.90;Yes;770519;2025-11-18;1;
710111;107258;531;BG 1461 EB;2025-11-19 09:43:00;OMV EVRO DIZEL;27.79;5,474.63;912.44;00066718;185613;185613;                  ;SR;BESKA 2;OMV EVRO DIZEL;197.000;5,474.63;0.00;0.00;912.44;RSD;8915405535;2025-11-30;YES;NO;217;OMV-RS;;;;D;5,585.80;Yes;794348;2025-11-19;1;
710111;107258;531;BG 1461 EB;2025-11-20 06:58:00;OMV EVRO DIZEL;24.53;4,832.41;805.40;00188667;185979;185979;                  ;SR;BESKA 2;OMV EVRO DIZEL;197.000;4,832.41;0.00;0.00;805.40;RSD;8915405535;2025-11-30;YES;NO;217;OMV-RS;;;;D;4,930.50;Yes;765904;2025-11-20;1;
710111;107258;531;BG 1461 EB;2025-11-24 07:24:00;OMV EVRO DIZEL;28.12;5,624.00;937.33;00190974;186345;186345;                  ;SR;BESKA 2;OMV EVRO DIZEL;200.000;5,624.00;0.00;0.00;937.33;RSD;8915405535;2025-11-30;YES;NO;217;OMV-RS;;;;D;5,736.50;Yes;772426;2025-11-24;1;
710111;107258;531;BG 1461 EB;2025-11-25 07:37:00;OMV EVRO DIZEL;25.10;5,020.00;836.67;00191522;186703;186703;                  ;SR;BESKA 2;OMV EVRO DIZEL;200.000;5,020.00;0.00;0.00;836.67;RSD;8915405535;2025-11-30;YES;NO;217;OMV-RS;;;;D;5,120.40;Yes;773738;2025-11-25;1;
710111;107258;531;BG 1461 EB;2025-11-26 07:42:00;OMV EVRO DIZEL;30.38;6,076.00;1,012.67;00192064;187101;187101;                  ;SR;BESKA 2;OMV EVRO DIZEL;200.000;6,076.00;0.00;0.00;1,012.67;RSD;8915405535;2025-11-30;YES;NO;217;OMV-RS;;;;D;6,197.52;Yes;774248;2025-11-26;1;
710111;107258;531;BG 1461 EB;2025-11-27 07:56:00;OMV EVRO DIZEL;26.53;5,306.00;884.33;00192658;187490;187490;                  ;SR;BESKA 2;OMV EVRO DIZEL;200.000;5,306.00;0.00;0.00;884.33;RSD;8915405535;2025-11-30;YES;NO;217;OMV-RS;;;;D;5,412.12;Yes;775701;2025-11-27;1;
710111;107258;531;BG 1461 EB;2025-12-02 11:37:00;OMV EVRO DIZEL;28.87;5,687.39;947.90;00069702;187868;187868;                  ;SR;BESKA 2;OMV EVRO DIZEL;197.000;5,687.39;0.00;0.00;947.90;RSD;8915408077;2025-12-15;YES;NO;217;OMV-RS;;;;D;5,802.87;Yes;713755;2025-12-02;1;
710111;107258;531;BG 1461 EB;2025-12-03 09:26:00;OMV EVRO DIZEL;27.10;5,338.70;889.78;00069894;188251;188251;                  ;SR;BESKA 2;OMV EVRO DIZEL;197.000;5,338.70;0.00;0.00;889.78;RSD;8915408077;2025-12-15;YES;NO;217;OMV-RS;;;;D;5,447.10;Yes;792644;2025-12-03;1;
710111;107258;531;BG 1461 EB;2025-12-04 07:50:00;OMV EVRO DIZEL;27.40;5,397.80;899.63;00070118;188670;188670;                  ;SR;BESKA 2;OMV EVRO DIZEL;197.000;5,397.80;0.00;0.00;899.63;RSD;8915408077;2025-12-15;YES;NO;217;OMV-RS;;;;D;5,507.40;Yes;775012;2025-12-04;1;
710111;107258;531;BG 1461 EB;2025-12-05 07:02:00;OMV EVRO DIZEL;27.45;5,407.65;901.27;00070337;189035;189035;                  ;SR;BESKA 2;OMV EVRO DIZEL;197.000;5,407.65;0.00;0.00;901.27;RSD;8915408077;2025-12-15;YES;NO;217;OMV-RS;;;;D;5,517.45;Yes;770247;2025-12-05;1;
710111;107258;531;BG 1461 EB;2025-12-08 07:05:00;OMV EVRO DIZEL;25.79;5,003.26;833.88;00198798;189415;189415;                  ;SR;BESKA 2;OMV EVRO DIZEL;194.000;5,003.26;0.00;0.00;833.88;RSD;8915408077;2025-12-15;YES;NO;217;OMV-RS;;;;D;5,106.42;Yes;770606;2025-12-08;1;
710111;107258;531;BG 1461 EB;2025-12-09 09:08:00;OMV EVRO DIZEL;25.71;4,987.74;831.29;00199410;189803;189803;                  ;SR;BESKA 2;OMV EVRO DIZEL;194.000;4,987.74;0.00;0.00;831.29;RSD;8915408077;2025-12-15;YES;NO;217;OMV-RS;;;;D;5,090.58;Yes;790843;2025-12-09;1;
710111;107258;531;BG 1461 EB;2025-12-11 07:29:00;OMV EVRO DIZEL;26.94;5,172.48;862.08;00071646;190183;190183;                  ;SR;BESKA 2;OMV EVRO DIZEL;192.000;5,172.48;0.00;0.00;862.08;RSD;8915408077;2025-12-15;YES;NO;217;OMV-RS;;;;D;5,334.12;Yes;772928;2025-12-11;1;
710111;107258;531;BG 1461 EB;2025-12-12 07:00:00;OMV EVRO DIZEL;27.04;5,191.68;865.28;00200948;190543;190543;                  ;SR;BESKA 2;OMV EVRO DIZEL;192.000;5,191.68;0.00;0.00;865.28;RSD;8915408077;2025-12-15;YES;NO;217;OMV-RS;;;;D;5,353.92;Yes;770021;2025-12-12;1;
710111;107258;531;BG 1461 EB;2025-12-15 07:37:00;OMV EVRO DIZEL;25.30;4,857.60;809.60;00072499;190902;190902;                  ;SR;BESKA 2;OMV EVRO DIZEL;192.000;4,857.60;0.00;0.00;809.60;RSD;8915408077;2025-12-15;YES;NO;217;OMV-RS;;;;D;5,009.40;Yes;773750;2025-12-15;1;
710111;107258;531;BG 1461 EB;2025-12-18 09:39:00;OMV EVRO DIZEL;27.78;5,319.87;886.64;00204397;191280;191280;                  ;SR;BESKA 2;OMV EVRO DIZEL;191.500;5,319.87;0.00;0.00;886.64;RSD;8915410794;2025-12-31;YES;NO;217;OMV-RS;;;;D;5,500.44;Yes;793932;2025-12-18;1;
710111;107258;531;BG 1461 EB;2025-12-23 09:01:00;OMV EVRO DIZEL;24.26;4,597.27;766.21;00207074;191640;191640;                  ;SR;BESKA 2;OMV EVRO DIZEL;189.500;4,597.27;0.00;0.00;766.21;RSD;8915410794;2025-12-31;YES;NO;217;OMV-RS;;;;D;4,754.96;Yes;790120;2025-12-23;1;
710111;107258;531;BG 1461 EB;2025-12-24 07:03:00;OMV EVRO DIZEL;24.87;4,712.87;785.48;00207593;192004;192004;                  ;SR;BESKA 2;OMV EVRO DIZEL;189.500;4,712.87;0.00;0.00;785.48;RSD;8915410794;2025-12-31;YES;NO;217;OMV-RS;;;;D;4,874.52;Yes;770317;2025-12-24;1;
710111;107258;531;BG 1461 EB;2025-12-29 06:43:00;OMV EVRO DIZEL;29.08;5,452.50;908.75;00210511;192402;192402;                  ;SR;BESKA 2;OMV EVRO DIZEL;187.500;5,452.50;0.00;0.00;908.75;RSD;8915410794;2025-12-31;YES;NO;217;OMV-RS;;;;D;5,641.52;Yes;764334;2025-12-29;1;
710111;107258;531;BG 1461 EB;2026-02-02 13:37:00;OMV EVRO DIZEL;45.76;8,534.24;1,422.37;00200307;193085;193085;                  ;SR;ADA CIGANLIJA;OMV EVRO DIZEL;186.500;8,534.24;0.00;0.00;1,422.37;RSD;8916357592;2026-02-15;YES;NO;217;OMV-RS;;;;D;8,831.68;Yes;733803;2026-02-02;1;
710111;107258;531;BG 1461 EB;2026-02-06 10:13:00;OMV EVRO DIZEL;27.36;5,102.64;850.44;00017982;193490;193490;                  ;SR;BESKA 2;OMV EVRO DIZEL;186.500;5,102.64;0.00;0.00;850.44;RSD;8916357592;2026-02-15;YES;NO;217;OMV-RS;;;;D;5,280.48;Yes;701358;2026-02-06;1;
710111;107258;531;BG 1461 EB;2026-02-09 09:34:00;OMV EVRO DIZEL;20.95;3,970.03;661.67;00084742;193799;193799;                  ;SR;BESKA 2;OMV EVRO DIZEL;189.500;3,970.03;0.00;0.00;661.67;RSD;8916357592;2026-02-15;YES;NO;217;OMV-RS;;;;D;4,106.20;Yes;793457;2026-02-09;1;
710111;107258;531;BG 1461 EB;2026-02-10 08:21:00;OMV EVRO DIZEL;20.51;3,886.65;647.77;00235222;194124;194124;                  ;SR;BESKA 2;OMV EVRO DIZEL;189.500;3,886.65;0.00;0.00;647.77;RSD;8916357592;2026-02-15;YES;NO;217;OMV-RS;;;;D;4,019.96;Yes;782115;2026-02-10;1;
710111;107258;531;BG 1461 EB;2026-02-11 07:17:00;OMV EVRO DIZEL;23.76;4,502.52;750.42;00235624;194498;194498;                  ;SR;BESKA 2;OMV EVRO DIZEL;189.500;4,502.52;0.00;0.00;750.42;RSD;8916357592;2026-02-15;YES;NO;217;OMV-RS;;;;D;4,656.96;Yes;771758;2026-02-11;1;
710111;107258;531;BG 1461 EB;2026-02-12 07:12:00;OMV EVRO DIZEL;26.73;5,051.97;841.99;00085312;194894;194894;                  ;SR;BESKA 2;OMV EVRO DIZEL;189.000;5,051.97;0.00;0.00;841.99;RSD;8916357592;2026-02-15;YES;NO;217;OMV-RS;;;;D;5,239.08;Yes;771237;2026-02-12;1;
710111;107258;531;BG 1461 EB;2026-02-13 07:31:00;OMV EVRO DIZEL;24.28;4,588.92;764.82;00085572;195260;195260;                  ;SR;BESKA 2;OMV EVRO DIZEL;189.000;4,588.92;0.00;0.00;764.82;RSD;8916357592;2026-02-15;YES;NO;217;OMV-RS;;;;D;4,758.88;Yes;773201;2026-02-13;1;
710111;107258;531;BG 1461 EB;2026-02-18 07:39:00;OMV EVRO DIZEL;22.32;4,218.48;703.08;00239463;195615;195615;                  ;SR;BESKA 2;OMV EVRO DIZEL;189.000;4,218.48;0.00;0.00;703.08;RSD;8916360516;2026-02-28;YES;NO;217;OMV-RS;;;;D;4,374.72;Yes;773947;2026-02-18;1;
710111;107258;531;BG 1461 EB;2026-02-19 07:54:00;OMV EVRO DIZEL;24.20;4,573.80;762.30;00240006;195986;195986;                  ;SR;BESKA 2;OMV EVRO DIZEL;189.000;4,573.80;0.00;0.00;762.30;RSD;8916360516;2026-02-28;YES;NO;217;OMV-RS;;;;D;4,743.20;Yes;775415;2026-02-19;1;
710111;107258;531;BG 1461 EB;2026-02-20 07:09:00;OMV EVRO DIZEL;25.15;4,753.35;792.22;00240532;196383;196383;                  ;SR;BESKA 2;OMV EVRO DIZEL;189.000;4,753.35;0.00;0.00;792.22;RSD;8916360516;2026-02-28;YES;NO;217;OMV-RS;;;;D;4,929.40;Yes;770924;2026-02-20;1;
710111;107258;531;BG 1461 EB;2026-03-02 07:37:00;OMV EVRO DIZEL;24.44;4,716.92;786.15;00246096;196739;196739;                  ;SR;BESKA 2;OMV EVRO DIZEL;193.000;4,716.92;0.00;0.00;786.15;RSD;8916363465;2026-03-15;YES;NO;217;OMV-RS;;;;D;4,888.00;Yes;773744;2026-03-02;1;
710111;107258;531;BG 1461 EB;2026-03-03 09:16:00;OMV EVRO DIZEL;22.58;4,357.94;726.32;00246653;197095;197095;                  ;SR;BESKA 2;OMV EVRO DIZEL;193.000;4,357.94;0.00;0.00;726.32;RSD;8916363465;2026-03-15;YES;NO;217;OMV-RS;;;;D;4,516.00;Yes;791655;2026-03-03;1;
710111;107258;531;BG 1461 EB;2026-03-04 07:35:00;OMV EVRO DIZEL;22.62;4,365.66;727.61;00247153;197451;197451;                  ;SR;BESKA 2;OMV EVRO DIZEL;193.000;4,365.66;0.00;0.00;727.61;RSD;8916363465;2026-03-15;YES;NO;217;OMV-RS;;;;D;4,524.00;Yes;773541;2026-03-04;1;
710111;107258;531;BG 1461 EB;2026-03-05 09:27:00;OMV EVRO DIZEL;23.26;4,489.18;748.20;00090004;197817;197817;                  ;SR;BESKA 2;OMV EVRO DIZEL;193.000;4,489.18;0.00;0.00;748.20;RSD;8916363465;2026-03-15;YES;NO;217;OMV-RS;;;;D;4,652.00;Yes;792810;2026-03-05;1;
710111;107258;531;BG 1461 EB;2026-03-06 07:21:00;OMV EVRO DIZEL;22.37;4,406.89;734.48;00248257;198172;198172;                  ;SR;BESKA 2;OMV EVRO DIZEL;197.000;4,406.89;0.00;0.00;734.48;RSD;8916363465;2026-03-15;YES;NO;217;OMV-RS;;;;D;4,474.00;Yes;772112;2026-03-06;1;
710111;107258;531;BG 1461 EB;2026-03-09 07:11:00;OMV EVRO DIZEL;23.48;4,719.48;786.58;00249982;198529;198529;                  ;SR;BESKA 2;OMV EVRO DIZEL;201.000;4,719.48;0.00;0.00;786.58;RSD;8916363465;2026-03-15;YES;NO;217;OMV-RS;;;;D;4,766.44;Yes;771148;2026-03-09;1;
710111;107258;531;BG 1461 EB;2026-03-10 07:10:00;OMV EVRO DIZEL;24.03;4,875.93;812.65;00091135;198886;198886;                  ;SR;BESKA 2;OMV EVRO DIZEL;202.910;4,875.93;0.00;0.00;812.65;RSD;8916363465;2026-03-15;YES;NO;217;OMV-RS;;;;D;4,878.09;Yes;771030;2026-03-10;1;
710111;107258;531;BG 1461 EB;2026-03-11 07:07:00;OMV EVRO DIZEL;26.20;5,318.60;886.43;00251039;199302;199302;                  ;SR;BESKA 2;OMV EVRO DIZEL;203.000;5,318.60;0.00;0.00;886.43;RSD;8916363465;2026-03-15;YES;NO;217;OMV-RS;;;;D;5,318.60;Yes;770721;2026-03-11;1;
710111;107258;531;BG 1461 EB;2026-03-12 07:09:00;OMV EVRO DIZEL;26.79;5,438.37;906.39;00251597;199716;199716;                  ;SR;BESKA 2;OMV EVRO DIZEL;203.000;5,438.37;0.00;0.00;906.39;RSD;8916363465;2026-03-15;YES;NO;217;OMV-RS;;;;D;5,438.37;Yes;770950;2026-03-12;1;
710111;107258;531;BG 1461 EB;2026-03-13 05:36:00;OMV EVRO DIZEL;21.96;4,457.88;742.98;00252147;200072;200072;                  ;SR;BESKA 2;OMV EVRO DIZEL;203.000;4,457.88;0.00;0.00;742.98;RSD;8916366460;2026-03-31;YES;NO;217;OMV-RS;;;;D;4,457.88;Yes;753642;2026-03-13;1;
710111;107258;531;BG 1461 EB;2026-03-16 07:13:00;OMV EVRO DIZEL;24.23;5,039.84;839.97;00092473;200428;200428;                  ;SR;BESKA 2;OMV EVRO DIZEL;208.000;5,039.84;0.00;0.00;839.97;RSD;8916366460;2026-03-31;YES;NO;217;OMV-RS;;;;D;5,039.84;Yes;771341;2026-03-16;1;
710111;107258;531;BG 1461 EB;2026-03-17 07:24:00;OMV EVRO DIZEL;23.96;4,983.68;830.61;00092675;200785;200785;                  ;SR;BESKA 2;OMV EVRO DIZEL;208.000;4,983.68;0.00;0.00;830.61;RSD;8916366460;2026-03-31;YES;NO;217;OMV-RS;;;;D;4,983.68;Yes;772454;2026-03-17;1;
710111;107258;531;BG 1461 EB;2026-03-18 07:05:00;OMV EVRO DIZEL;22.65;4,711.20;785.20;00254919;201142;201142;                  ;SR;BESKA 2;OMV EVRO DIZEL;208.000;4,711.20;0.00;0.00;785.20;RSD;8916366460;2026-03-31;YES;NO;217;OMV-RS;;;;D;4,711.20;Yes;770522;2026-03-18;1;
710111;107258;531;BG 1461 EB;2026-03-19 06:44:00;OMV EVRO DIZEL;25.24;5,249.92;874.99;00255442;201498;201498;                  ;SR;BESKA 2;OMV EVRO DIZEL;208.000;5,249.92;0.00;0.00;874.99;RSD;8916366460;2026-03-31;YES;NO;217;OMV-RS;;;;D;5,249.92;Yes;764500;2026-03-19;1;
710111;107258;531;BG 1461 EB;2026-03-20 07:48:00;OMV EVRO DIZEL;22.31;4,640.48;773.41;00256098;201854;201854;                  ;SR;BESKA 2;OMV EVRO DIZEL;208.000;4,640.48;0.00;0.00;773.41;RSD;8916366460;2026-03-31;YES;NO;217;OMV-RS;;;;D;4,640.48;Yes;774847;2026-03-20;1;
710111;107258;531;BG 1461 EB;2026-03-23 07:25:00;OMV EVRO DIZEL;24.79;5,255.48;875.91;00257915;202211;202211;                  ;SR;BESKA 2;OMV EVRO DIZEL;212.000;5,255.48;0.00;0.00;875.91;RSD;8916366460;2026-03-31;YES;NO;217;OMV-RS;;;;D;5,255.48;Yes;772603;2026-03-23;1;
710111;107258;531;BG 1461 EB;2026-03-24 07:04:00;OMV EVRO DIZEL;23.59;5,001.08;833.51;00258482;202567;202567;                  ;SR;BESKA 2;OMV EVRO DIZEL;212.000;5,001.08;0.00;0.00;833.51;RSD;8916366460;2026-03-31;YES;NO;217;OMV-RS;;;;D;5,001.08;Yes;770429;2026-03-24;1;
710111;107258;531;BG 1461 EB;2026-03-25 07:02:00;OMV EVRO DIZEL;21.64;4,587.68;764.61;00094557;202924;202924;                  ;SR;BESKA 2;OMV EVRO DIZEL;212.000;4,587.68;0.00;0.00;764.61;RSD;8916366460;2026-03-31;YES;NO;217;OMV-RS;;;;D;4,587.68;Yes;770218;2026-03-25;1;
710111;107258;531;BG 1461 EB;2026-03-26 07:25:00;OMV EVRO DIZEL;24.86;5,270.32;878.39;00094837;203290;203290;                  ;SR;BESKA 2;OMV EVRO DIZEL;212.000;5,270.32;0.00;0.00;878.39;RSD;8916366460;2026-03-31;YES;NO;217;OMV-RS;;;;D;5,270.32;Yes;772516;2026-03-26;1;
710111;107258;531;BG 1461 EB;2026-03-27 07:07:00;OMV EVRO DIZEL;24.56;5,206.72;867.79;00260202;203662;203662;                  ;SR;BESKA 2;OMV EVRO DIZEL;212.000;5,206.72;0.00;0.00;867.79;RSD;8916366460;2026-03-31;YES;NO;217;OMV-RS;;;;D;5,206.72;Yes;770751;2026-03-27;1;
710111;107258;531;BG 1461 EB;2026-03-31 09:58:00;OMV EVRO DIZEL;25.96;5,529.48;921.58;00095868;204038;204038;                  ;SR;BESKA 2;OMV EVRO DIZEL;213.000;5,529.48;0.00;0.00;921.58;RSD;8916366460;2026-03-31;YES;NO;217;OMV-RS;;;;D;5,529.48;Yes;795902;2026-03-31;1;
710111;107258;531;BG 1461 EB;2026-04-01 07:12:00;OMV EVRO DIZEL;24.38;5,192.94;865.49;00263021;204394;204394;                  ;SR;BESKA 2;OMV EVRO DIZEL;213.000;5,192.94;0.00;0.00;865.49;RSD;8916369392;2026-04-09;YES;NO;217;OMV-RS;;;;D;5,192.94;Yes;771213;2026-04-01;1;
710111;107258;531;BG 1461 EB;2026-04-02 07:29:00;OMV EVRO DIZEL;25.06;5,337.78;889.63;00263589;204750;204750;                  ;SR;BESKA 2;OMV EVRO DIZEL;213.000;5,337.78;0.00;0.00;889.63;RSD;8916369392;2026-04-09;YES;NO;217;OMV-RS;;;;D;5,337.78;Yes;772958;2026-04-02;1;
710111;107258;531;BG 1461 EB;2026-04-03 07:06:00;OMV EVRO DIZEL;23.78;5,065.14;844.19;00264193;205107;205107;                  ;SR;BESKA 2;OMV EVRO DIZEL;213.000;5,065.14;0.00;0.00;844.19;RSD;8916369392;2026-04-09;YES;NO;217;OMV-RS;;;;D;5,065.14;Yes;770645;2026-04-03;1;
710111;107258;531;BG 1461 EB;2026-04-06 06:59:00;OMV EVRO DIZEL;23.78;5,088.92;848.15;00266274;205469;205469;                  ;SR;BESKA 2;OMV EVRO DIZEL;214.000;5,088.92;0.00;0.00;848.15;RSD;8916369392;2026-04-09;YES;NO;217;OMV-RS;;;;D;5,088.92;Yes;765959;2026-04-06;1;
710111;107258;531;BG 1461 EB;2026-04-07 07:44:00;OMV EVRO DIZEL;24.12;5,161.68;860.28;00097730;205843;205843;                  ;SR;BESKA 2;OMV EVRO DIZEL;214.000;5,161.68;0.00;0.00;860.28;RSD;8916369392;2026-04-09;YES;NO;217;OMV-RS;;;;D;5,161.68;Yes;774445;2026-04-07;1;
710111;107258;531;BG 1461 EB;2026-04-08 07:45:00;OMV EVRO DIZEL;27.11;5,801.54;966.92;00098079;206244;206244;                  ;SR;BESKA 2;OMV EVRO DIZEL;214.000;5,801.54;0.00;0.00;966.92;RSD;8916369392;2026-04-09;YES;NO;217;OMV-RS;;;;D;5,801.54;Yes;774546;2026-04-08;1;
710111;107258;531;BG 1461 EB;2026-04-14 07:06:00;OMV EVRO DIZEL;24.07;5,223.19;870.53;00271127;206623;206623;                  ;SR;BESKA 2;OMV EVRO DIZEL;217.000;5,223.19;0.00;0.00;870.53;RSD;8916372386;2026-04-30;YES;NO;217;OMV-RS;;;;D;5,223.19;Yes;770650;2026-04-14;1;
710111;107258;531;BG 1461 EB;2026-04-15 07:22:00;OMV EVRO DIZEL;25.45;5,522.65;920.44;00099685;207011;207011;                  ;SR;BESKA 2;OMV EVRO DIZEL;217.000;5,522.65;0.00;0.00;920.44;RSD;8916372386;2026-04-30;YES;NO;217;OMV-RS;;;;D;5,522.65;Yes;772221;2026-04-15;1;
710111;107258;531;BG 1461 EB;2026-04-16 07:11:00;OMV EVRO DIZEL;29.20;6,336.40;1,056.07;00272248;207455;207455;                  ;SR;BESKA 2;OMV EVRO DIZEL;217.000;6,336.40;0.00;0.00;1,056.07;RSD;8916372386;2026-04-30;YES;NO;217;OMV-RS;;;;D;6,336.40;Yes;771148;2026-04-16;1;
710111;107258;531;BG 1461 EB;2026-04-17 06:41:00;OMV EVRO DIZEL;23.37;5,071.29;845.21;00272878;207830;207830;                  ;SR;BESKA 2;OMV EVRO DIZEL;217.000;5,071.29;0.00;0.00;845.21;RSD;8916372386;2026-04-30;YES;NO;217;OMV-RS;;;;D;5,071.29;Yes;764157;2026-04-17;1;
710111;107258;531;BG 1461 EB;2026-04-20 08:13:00;OMV EVRO DIZEL;25.65;5,566.05;927.67;00274960;208211;208211;                  ;SR;BESKA 2;OMV EVRO DIZEL;217.000;5,566.05;0.00;0.00;927.67;RSD;8916372386;2026-04-30;YES;NO;217;OMV-RS;;;;D;5,566.05;Yes;781314;2026-04-20;1;
710111;107258;531;BG 1461 EB;2026-04-21 07:12:00;OMV EVRO DIZEL;24.83;5,388.11;898.02;00275493;208593;208593;                  ;SR;BESKA 2;OMV EVRO DIZEL;217.000;5,388.11;0.00;0.00;898.02;RSD;8916372386;2026-04-30;YES;NO;217;OMV-RS;;;;D;5,388.11;Yes;771216;2026-04-21;1;
710111;107258;531;BG 1461 EB;2026-04-22 07:10:00;OMV EVRO DIZEL;26.73;5,800.41;966.73;00276101;208996;208996;                  ;SR;BESKA 2;OMV EVRO DIZEL;217.000;5,800.41;0.00;0.00;966.73;RSD;8916372386;2026-04-30;YES;NO;217;OMV-RS;;;;D;5,800.41;Yes;771047;2026-04-22;1;
710111;107258;531;BG 1461 EB;2026-04-23 07:17:00;OMV EVRO DIZEL;26.94;5,845.98;974.33;00276690;209399;209399;                  ;SR;BESKA 2;OMV EVRO DIZEL;217.000;5,845.98;0.00;0.00;974.33;RSD;8916372386;2026-04-30;YES;NO;217;OMV-RS;;;;D;5,845.98;Yes;771738;2026-04-23;1;
710111;107258;531;BG 1461 EB;2026-04-24 07:24:00;OMV EVRO DIZEL;26.92;5,841.64;973.61;00277281;209798;209798;                  ;SR;BESKA 2;OMV EVRO DIZEL;217.000;5,841.64;0.00;0.00;973.61;RSD;8916372386;2026-04-30;YES;NO;217;OMV-RS;;;;D;5,841.64;Yes;772433;2026-04-24;1;
710111;107258;531;BG 1461 EB;2026-04-27 07:15:00;OMV EVRO DIZEL;23.51;5,148.69;858.11;00279163;210176;210176;                  ;SR;BESKA 2;OMV EVRO DIZEL;219.000;5,148.69;0.00;0.00;858.11;RSD;8916372386;2026-04-30;YES;NO;217;OMV-RS;;;;D;5,148.69;Yes;771528;2026-04-27;1;
710111;107258;531;BG 1461 EB;2026-04-28 07:09:00;OMV EVRO DIZEL;26.48;5,799.12;966.52;00279731;210560;210560;                  ;SR;BESKA 2;OMV EVRO DIZEL;219.000;5,799.12;0.00;0.00;966.52;RSD;8916372386;2026-04-30;YES;NO;217;OMV-RS;;;;D;5,799.12;Yes;770931;2026-04-28;1;
710111;107258;531;BG 1461 EB;2026-04-29 07:07:00;OMV EVRO DIZEL;25.10;5,496.90;916.15;00280317;210957;210957;                  ;SR;BESKA 2;OMV EVRO DIZEL;219.000;5,496.90;0.00;0.00;916.15;RSD;8916372386;2026-04-30;YES;NO;217;OMV-RS;;;;D;5,496.90;Yes;770730;2026-04-29;1;
710111;107258;531;BG 1461 EB;2026-04-30 07:04:00;OMV EVRO DIZEL;26.85;5,880.15;980.02;00280958;211344;211344;                  ;SR;BESKA 2;OMV EVRO DIZEL;219.000;5,880.15;0.00;0.00;980.02;RSD;8916372386;2026-04-30;YES;NO;217;OMV-RS;;;;D;5,880.15;Yes;770432;2026-04-30;1;
710111;107258;531;BG 1461 EB;2026-05-04 07:31:00;OMV EVRO DIZEL;29.59;6,539.39;1,089.90;00283514;211751;211751;                  ;SR;BESKA 2;OMV EVRO DIZEL;221.000;6,539.39;0.00;0.00;1,089.90;RSD;8916375402;2026-05-15;YES;NO;217;OMV-RS;;;;D;6,539.39;Yes;773121;2026-05-04;1;
710111;107258;531;BG 1461 EB;2026-05-05 07:10:00;OMV EVRO DIZEL;23.58;5,211.18;868.53;00284037;212127;212127;                  ;SR;BESKA 2;OMV EVRO DIZEL;221.000;5,211.18;0.00;0.00;868.53;RSD;8916375402;2026-05-15;YES;NO;217;OMV-RS;;;;D;5,211.18;Yes;771053;2026-05-05;1;
710111;107258;531;BG 1461 EB;2026-05-06 07:06:00;OMV EVRO DIZEL;24.01;5,306.21;884.37;00284595;212506;212506;                  ;SR;BESKA 2;OMV EVRO DIZEL;221.000;5,306.21;0.00;0.00;884.37;RSD;8916375402;2026-05-15;YES;NO;217;OMV-RS;;;;D;5,306.21;Yes;770645;2026-05-06;1;
710111;107258;531;BG 1461 EB;2026-05-07 07:07:00;OMV EVRO DIZEL;23.08;5,100.68;850.11;00106071;212871;212871;                  ;SR;BESKA 2;OMV EVRO DIZEL;221.000;5,100.68;0.00;0.00;850.11;RSD;8916375402;2026-05-15;YES;NO;217;OMV-RS;;;;D;5,100.68;Yes;770714;2026-05-07;1;
710111;107258;531;BG 1461 EB;2026-05-08 07:05:00;OMV EVRO DIZEL;22.31;4,930.51;821.75;00106341;213228;213228;                  ;SR;BESKA 2;OMV EVRO DIZEL;221.000;4,930.51;0.00;0.00;821.75;RSD;8916375402;2026-05-15;YES;NO;217;OMV-RS;;;;D;4,930.51;Yes;770537;2026-05-08;1;
710111;107258;531;BG 1461 EB;2026-05-11 07:25:00;OMV EVRO DIZEL;21.42;4,776.66;796.11;00287615;213585;213585;                  ;SR;BESKA 2;OMV EVRO DIZEL;223.000;4,776.66;0.00;0.00;796.11;RSD;8916375402;2026-05-15;YES;NO;217;OMV-RS;;;;D;4,776.66;Yes;772600;2026-05-11;1;
710111;107258;531;BG 1461 EB;2026-05-12 07:23:00;OMV EVRO DIZEL;22.44;5,004.12;834.02;00288198;213943;213943;                  ;SR;BESKA 2;OMV EVRO DIZEL;223.000;5,004.12;0.00;0.00;834.02;RSD;8916375402;2026-05-15;YES;NO;217;OMV-RS;;;;D;5,004.12;Yes;772342;2026-05-12;1;
710111;107258;531;BG 1461 EB;2026-05-13 07:09:00;OMV EVRO DIZEL;25.81;5,755.63;959.27;00107655;214335;214335;                  ;SR;BESKA 2;OMV EVRO DIZEL;223.000;5,755.63;0.00;0.00;959.27;RSD;8916375402;2026-05-15;YES;NO;217;OMV-RS;;;;D;5,755.63;Yes;770918;2026-05-13;1;
710111;107258;531;BG 1461 EB;2026-05-14 09:07:00;OMV EVRO DIZEL;25.57;5,702.11;950.35;00289335;214733;214733;                  ;SR;BESKA 2;OMV EVRO DIZEL;223.000;5,702.11;0.00;0.00;950.35;RSD;8916375402;2026-05-15;YES;NO;217;OMV-RS;;;;D;5,702.11;Yes;790736;2026-05-14;1;
710111;107258;531;BG 1461 EB;2026-05-15 07:12:00;OMV EVRO DIZEL;27.76;6,190.48;1,031.75;00289855;215137;215137;                  ;SR;BESKA 2;OMV EVRO DIZEL;223.000;6,190.48;0.00;0.00;1,031.75;RSD;8916375402;2026-05-15;YES;NO;217;OMV-RS;;;;D;6,190.48;Yes;771253;2026-05-15;1;
710111;107258;531;BG 1461 EB;2026-05-19 07:34:00;OMV EVRO DIZEL;24.17;5,305.32;884.22;00292813;215512;215512;                  ;SR;BESKA 2;OMV EVRO DIZEL;219.500;5,305.32;0.00;0.00;884.22;RSD;8916378386;2026-05-31;YES;NO;217;OMV-RS;;;;D;5,389.91;Yes;773457;2026-05-19;1;
710111;107258;531;BG 1461 EB;2026-05-20 06:52:00;OMV EVRO DIZEL;22.11;4,853.15;808.86;00293440;215869;215869;                  ;SR;BESKA 2;OMV EVRO DIZEL;219.500;4,853.15;0.00;0.00;808.86;RSD;8916378386;2026-05-31;YES;NO;217;OMV-RS;;;;D;4,930.53;Yes;765259;2026-05-20;1;
710111;107258;531;BG 1461 EB;2026-05-21 07:09:00;OMV EVRO DIZEL;22.45;4,927.78;821.30;00294151;216225;216225;                  ;SR;BESKA 2;OMV EVRO DIZEL;219.500;4,927.78;0.00;0.00;821.30;RSD;8916378386;2026-05-31;YES;NO;217;OMV-RS;;;;D;5,006.35;Yes;770915;2026-05-21;1;
710111;107258;531;BG 1461 EB;2026-05-22 07:12:00;OMV EVRO DIZEL;24.26;5,325.07;887.51;00294922;216609;216609;                  ;SR;BESKA 2;OMV EVRO DIZEL;219.500;5,325.07;0.00;0.00;887.51;RSD;8916378386;2026-05-31;YES;NO;217;OMV-RS;;;;D;5,409.98;Yes;771237;2026-05-22;1;
710111;107258;531;BG 1461 EB;2026-05-25 07:35:00;OMV EVRO DIZEL;28.92;6,405.78;1,067.63;00297262;217036;217036;                  ;SR;BESKA 2;OMV EVRO DIZEL;221.500;6,405.78;0.00;0.00;1,067.63;RSD;8916378386;2026-05-31;YES;NO;217;OMV-RS;;;;D;6,507.00;Yes;773540;2026-05-25;1;
710111;107258;531;BG 1461 EB;2026-05-26 07:17:00;OMV EVRO DIZEL;21.79;4,826.49;804.41;00111126;217393;217393;                  ;SR;BESKA 2;OMV EVRO DIZEL;221.500;4,826.49;0.00;0.00;804.41;RSD;8916378386;2026-05-31;YES;NO;217;OMV-RS;;;;D;4,902.75;Yes;771728;2026-05-26;1;
710111;107258;531;BG 1461 EB;2026-05-27 07:23:00;OMV EVRO DIZEL;21.16;4,686.94;781.16;00298700;217748;217748;                  ;SR;BESKA 2;OMV EVRO DIZEL;221.500;4,686.94;0.00;0.00;781.16;RSD;8916378386;2026-05-31;YES;NO;217;OMV-RS;;;;D;4,761.00;Yes;772322;2026-05-27;1;
710111;107258;531;BG 1461 EB;2026-05-28 07:26:00;OMV EVRO DIZEL;22.99;5,092.29;848.71;00111527;218103;218103;                  ;SR;BESKA 2;OMV EVRO DIZEL;221.500;5,092.29;0.00;0.00;848.71;RSD;8916378386;2026-05-31;YES;NO;217;OMV-RS;;;;D;5,172.75;Yes;772639;2026-05-28;1;
710111;107258;531;BG 1461 EB;2026-05-29 05:54:00;OMV EVRO DIZEL;23.99;5,313.79;885.63;00300020;218481;218481;                  ;SR;BESKA 2;OMV EVRO DIZEL;221.500;5,313.79;0.00;0.00;885.63;RSD;8916378386;2026-05-31;YES;NO;217;OMV-RS;;;;D;5,397.75;Yes;755457;2026-05-29;1;
710111;107258;531;BG 1461 EB;2026-06-01 07:11:00;OMV EVRO DIZEL;24.93;5,447.21;907.87;00112563;218850;218850;                  ;SR;BESKA 2;OMV EVRO DIZEL;218.500;5,447.21;0.00;0.00;907.87;RSD;8916381034;2026-06-15;YES;NO;217;OMV-RS;;;;D;5,534.46;Yes;771206;2026-06-01;1;
710111;107258;531;BG 1461 EB;2026-06-03 07:19:00;OMV EVRO DIZEL;24.30;5,309.55;884.92;00303887;219236;219236;                  ;SR;BESKA 2;OMV EVRO DIZEL;218.500;5,309.55;0.00;0.00;884.92;RSD;8916381034;2026-06-15;YES;NO;217;OMV-RS;;;;D;5,394.60;Yes;771922;2026-06-03;1;
710111;107258;531;BG 1461 EB;2026-06-04 07:13:00;OMV EVRO DIZEL;22.30;4,872.55;812.09;00113153;219594;219594;                  ;SR;BESKA 2;OMV EVRO DIZEL;218.500;4,872.55;0.00;0.00;812.09;RSD;8916381034;2026-06-15;YES;NO;217;OMV-RS;;;;D;4,950.60;Yes;771340;2026-06-04;1;
710111;107258;531;BG 1461 EB;2026-06-05 07:09:00;OMV EVRO DIZEL;24.96;5,453.76;908.96;00113360;219972;219972;                  ;SR;BESKA 2;OMV EVRO DIZEL;218.500;5,453.76;0.00;0.00;908.96;RSD;8916381034;2026-06-15;YES;NO;217;OMV-RS;;;;D;5,541.12;Yes;770929;2026-06-05;1;
710111;107258;531;BG 1461 EB;2026-06-08 07:09:00;OMV EVRO DIZEL;22.22;4,843.96;807.33;00307840;220343;220343;                  ;SR;BESKA 2;OMV EVRO DIZEL;218.000;4,843.96;0.00;0.00;807.33;RSD;8916381034;2026-06-15;YES;NO;217;OMV-RS;;;;D;4,932.84;Yes;770920;2026-06-08;1;
710111;107258;531;BG 1461 EB;2026-06-09 07:11:00;OMV EVRO DIZEL;24.13;5,260.34;876.72;00308525;220699;220699;                  ;SR;BESKA 2;OMV EVRO DIZEL;218.000;5,260.34;0.00;0.00;876.72;RSD;8916381034;2026-06-15;YES;NO;217;OMV-RS;;;;D;5,356.86;Yes;771120;2026-06-09;1;
710111;107258;531;BG 1461 EB;2026-06-10 07:28:00;OMV EVRO DIZEL;25.55;5,569.90;928.32;00114724;221099;221099;                  ;SR;BESKA 2;OMV EVRO DIZEL;218.000;5,569.90;0.00;0.00;928.32;RSD;8916381034;2026-06-15;YES;NO;217;OMV-RS;;;;D;5,672.10;Yes;772843;2026-06-10;1;
710111;107258;531;BG 1461 EB;2026-06-11 06:59:00;OMV EVRO DIZEL;22.30;4,861.40;810.23;00309958;221461;221461;                  ;SR;BESKA 2;OMV EVRO DIZEL;218.000;4,861.40;0.00;0.00;810.23;RSD;8916381034;2026-06-15;YES;NO;217;OMV-RS;;;;D;4,950.60;Yes;765926;2026-06-11;1;
710111;107258;531;BG 1461 EB;2026-06-12 07:11:00;OMV EVRO DIZEL;25.35;5,500.95;916.82;00000954;221817;221817;                  ;SR;BESKA 2;OMV EVRO DIZEL;217.000;5,500.95;0.00;0.00;916.82;RSD;8916381034;2026-06-15;YES;NO;217;OMV-RS;;;;D;5,627.70;Yes;771155;2026-06-12;1;
710111;107258;531;BG 1461 EB;2026-06-15 06:59:00;OMV EVRO DIZEL;25.89;5,566.35;927.72;00003226;222199;222199;                  ;SR;BESKA 2;OMV EVRO DIZEL;215.000;5,566.35;0.00;0.00;927.72;RSD;8916381034;2026-06-15;YES;NO;217;OMV-RS;;;;D;5,695.80;Yes;765949;2026-06-15;1;
710111;107258;531;BG 1461 EB;2026-06-16 06:59:00;OMV EVRO DIZEL;21.69;4,663.35;777.22;00003863;222557;222557;                  ;SR;BESKA 2;OMV EVRO DIZEL;215.000;4,663.35;0.00;0.00;777.22;RSD;8916383263;2026-06-21;YES;NO;217;OMV-RS;;;;D;4,771.80;Yes;765938;2026-06-16;1;
710111;107258;531;BG 1461 EB;2026-06-17 07:57:00;OMV EVRO DIZEL;24.80;5,332.00;888.67;00116248;222933;222933;                  ;SR;BESKA 2;OMV EVRO DIZEL;215.000;5,332.00;0.00;0.00;888.67;RSD;8916383263;2026-06-21;YES;NO;217;OMV-RS;;;;D;5,456.00;Yes;775750;2026-06-17;1;
710111;107258;531;BG 1461 EB;2026-06-18 06:55:00;OMV EVRO DIZEL;27.06;5,817.90;969.65;00005207;223309;223309;                  ;SR;BESKA 2;OMV EVRO DIZEL;215.000;5,817.90;0.00;0.00;969.65;RSD;8916383263;2026-06-21;YES;NO;217;OMV-RS;;;;D;5,953.20;Yes;765606;2026-06-18;1;
710111;107258;531;BG 1461 EB;2026-06-20 07:22:00;OMV EVRO DIZEL;22.44;4,734.84;789.14;00006679;223665;223665;                  ;SR;BESKA 2;OMV EVRO DIZEL;211.000;4,734.84;0.00;0.00;789.14;RSD;8916383263;2026-06-21;YES;NO;217;OMV-RS;;;;D;4,869.48;Yes;772307;2026-06-20;1;
710111;107258;531;BG 1461 EB;2026-06-21 07:00:00;OMV EVRO DIZEL;28.92;6,102.12;1,017.02;00117011;224082;224082;                  ;SR;BESKA 2;OMV EVRO DIZEL;211.000;6,102.12;0.00;0.00;1,017.02;RSD;8916383263;2026-06-21;YES;NO;217;OMV-RS;;;;D;6,275.64;Yes;770015;2026-06-21;1;
710111;107258;531;BG 1461 EB;2026-06-22 06:37:00;OMV EVRO DIZEL;20.91;4,412.01;735.33;00117228;224394;224394;                  ;SR;BESKA 2;OMV EVRO DIZEL;211.000;4,412.01;0.00;0.00;735.33;RSD;8916386380;2026-06-28;YES;NO;217;OMV-RS;;;;D;4,537.47;Yes;763747;2026-06-22;1;
710111;107258;531;BG 1461 EB;2026-06-23 07:01:00;OMV EVRO DIZEL;25.20;5,317.20;886.20;00008729;224783;224783;                  ;SR;BESKA 2;OMV EVRO DIZEL;211.000;5,317.20;0.00;0.00;886.20;RSD;8916386380;2026-06-28;YES;NO;217;OMV-RS;;;;D;5,468.40;Yes;770119;2026-06-23;1;
710111;107258;531;BG 1461 EB;2026-06-29 08:55:00;OMV EVRO DIZEL;24.41;5,126.10;854.35;00013256;225139;225139;                  ;SR;BESKA 2;OMV EVRO DIZEL;210.000;5,126.10;0.00;0.00;854.35;RSD;8916388629;2026-06-30;YES;NO;217;OMV-RS;;;;D;5,296.97;Yes;785517;2026-06-29;1;
710111;107258;531;BG 1461 EB;2026-06-30 06:57:00;OMV EVRO DIZEL;24.19;5,079.90;846.65;00013942;225494;225494;                  ;SR;BESKA 2;OMV EVRO DIZEL;210.000;5,079.90;0.00;0.00;846.65;RSD;8916388629;2026-06-30;YES;NO;217;OMV-RS;;;;D;5,249.23;Yes;765727;2026-06-30;1;
710111;107258;531;BG 1461 EB;2026-07-01 06:53:00;OMV EVRO DIZEL;26.07;5,474.70;912.45;00014616;225882;225882;                  ;SR;BESKA 2;OMV EVRO DIZEL;210.000;5,474.70;0.00;0.00;912.45;RSD;8916391266;2026-07-12;YES;NO;217;OMV-RS;;;;D;5,657.19;Yes;765346;2026-07-01;1;
710111;107258;531;BG 1461 EB;2026-07-02 06:56:00;OMV EVRO DIZEL;24.82;5,212.20;868.70;00119514;226261;226261;                  ;SR;BESKA 2;OMV EVRO DIZEL;210.000;5,212.20;0.00;0.00;868.70;RSD;8916391266;2026-07-12;YES;NO;217;OMV-RS;;;;D;5,385.94;Yes;765659;2026-07-02;1;
710111;107258;531;BG 1461 EB;2026-07-03 06:53:00;OMV EVRO DIZEL;23.40;4,914.00;819.00;00015960;226619;226619;                  ;SR;BESKA 2;OMV EVRO DIZEL;210.000;4,914.00;0.00;0.00;819.00;RSD;8916391266;2026-07-12;YES;NO;217;OMV-RS;;;;D;5,077.80;Yes;765359;2026-07-03;1;
710111;107258;531;BG 1461 EB;2026-07-06 06:54:00;OMV EVRO DIZEL;24.50;5,194.00;865.67;00018034;226996;226996;                  ;SR;BESKA 2;OMV EVRO DIZEL;212.000;5,194.00;0.00;0.00;865.67;RSD;8916391266;2026-07-12;YES;NO;217;OMV-RS;;;;D;5,365.50;Yes;765502;2026-07-06;1;
710111;107258;531;BG 1461 EB;2026-07-07 06:58:00;OMV EVRO DIZEL;22.66;4,803.92;800.65;00120621;227352;227352;                  ;SR;BESKA 2;OMV EVRO DIZEL;212.000;4,803.92;0.00;0.00;800.65;RSD;8916391266;2026-07-12;YES;NO;217;OMV-RS;;;;D;4,962.54;Yes;765814;2026-07-07;1;
710111;107258;531;BG 1461 EB;2026-07-08 06:47:00;OMV EVRO DIZEL;22.50;4,792.50;798.75;00019359;227709;227709;                  ;SR;BESKA 2;OMV EVRO DIZEL;213.000;4,792.50;0.00;0.00;798.75;RSD;8916391266;2026-07-12;YES;NO;217;OMV-RS;;;;D;4,927.50;Yes;764752;2026-07-08;1;
710111;107258;531;BG 1461 EB;2026-07-09 06:57:00;OMV EVRO DIZEL;27.60;5,878.80;979.80;00121081;228127;228127;                  ;SR;BESKA 2;OMV EVRO DIZEL;213.000;5,878.80;0.00;0.00;979.80;RSD;8916391266;2026-07-12;YES;NO;217;OMV-RS;;;;D;6,044.40;Yes;765751;2026-07-09;1;
710111;107258;531;BG 1461 EB;2026-07-10 06:55:00;OMV EVRO DIZEL;26.27;5,595.51;932.58;00020780;228506;228506;                  ;SR;BESKA 2;OMV EVRO DIZEL;213.000;5,595.51;0.00;0.00;932.58;RSD;8916391266;2026-07-12;YES;NO;217;OMV-RS;;;;D;5,753.13;Yes;765557;2026-07-10;1;
710111;107258;531;BG 1461 EB;2026-07-11 07:06:00;OMV EVRO DIZEL;21.16;4,549.40;758.23;00021585;228861;228861;                  ;SR;BESKA 2;OMV EVRO DIZEL;215.000;4,549.40;0.00;0.00;758.23;RSD;8916391266;2026-07-12;YES;NO;217;OMV-RS;;;;D;4,655.20;Yes;770612;2026-07-11;1;
710111;107258;531;BG 1461 EB;2026-07-12 08:06:00;OMV EVRO DIZEL;27.93;6,004.95;1,000.82;00121632;229249;229249;                  ;SR;BESKA 2;OMV EVRO DIZEL;215.000;6,004.95;0.00;0.00;1,000.82;RSD;8916391266;2026-07-12;YES;NO;217;OMV-RS;;;;D;6,144.60;Yes;780634;2026-07-12;1;
710111;107258;531;BG 1461 EB;2026-07-13 07:21:00;OMV EVRO DIZEL;24.52;5,271.80;878.63;00022625;229611;229611;                  ;SR;BESKA 2;OMV EVRO DIZEL;215.000;5,271.80;0.00;0.00;878.63;RSD;8916393376;2026-07-15;YES;NO;217;OMV-RS;;;;D;5,394.40;Yes;772200;2026-07-13;1;
710111;107258;531;BG 1461 EB;2026-07-14 06:31:00;OMV EVRO DIZEL;27.55;5,923.25;987.21;00023341;230030;230030;                  ;SR;BESKA 2;OMV EVRO DIZEL;215.000;5,923.25;0.00;0.00;987.21;RSD;8916393376;2026-07-15;YES;NO;217;OMV-RS;;;;D;6,061.00;Yes;763117;2026-07-14;1;
710111;107258;531;BG 1461 EB;2026-07-15 08:59:00;OMV EVRO DIZEL;26.62;5,723.30;953.88;00024098;230407;230407;                  ;SR;BESKA 2;OMV EVRO DIZEL;215.000;5,723.30;0.00;0.00;953.88;RSD;8916393376;2026-07-15;YES;NO;217;OMV-RS;;;;D;5,856.40;Yes;785918;2026-07-15;1;
710111;107258;531;BG 1461 EB;2026-07-16 06:52:00;OMV EVRO DIZEL;27.26;5,901.79;983.63;00024652;230797;230797;                  ;SR;BESKA 2;OMV EVRO DIZEL;216.500;5,901.79;0.00;0.00;983.63;RSD;;;YES;NO;217;OMV-RS;;;;D;5,997.20;Yes;765307;2026-07-16;1;
710111;107258;531;BG 1461 EB;2026-07-20 10:09:00;OMV EVRO DIZEL;22.14;4,826.52;804.42;00123466;231165;231165;                  ;SR;BESKA 2;OMV EVRO DIZEL;218.000;4,826.52;0.00;0.00;804.42;RSD;;;NO;NO;217;OMV-RS;;;;D;4,915.08;Yes;700939;2026-07-20;1;
710111;107258;531;BG 1461 EB;2026-07-27 08:29:00;OMV EVRO DIZEL;24.76;5,471.96;911.99;00033249;231520;231520;                  ;SR;BESKA 2;OMV EVRO DIZEL;221.000;5,471.96;0.00;0.00;911.99;RSD;;;NO;NO;217;OMV-RS;;;;D;5,546.24;Yes;782938;2026-07-27;1;
710111;107258;531;BG 1461 EB;2026-07-28 07:30:00;OMV EVRO DIZEL;23.34;5,181.48;863.58;00033935;231876;231876;                  ;SR;BESKA 2;OMV EVRO DIZEL;222.000;5,181.48;0.00;0.00;863.58;RSD;;;NO;NO;217;OMV-RS;;;;D;5,228.16;Yes;773024;2026-07-28;1;
710111;107258;531;BG 1461 EB;2026-07-29 09:33:00;OMV EVRO DIZEL;21.95;4,872.90;812.15;00034856;232232;232232;                  ;SR;BESKA 2;OMV EVRO DIZEL;222.000;4,872.90;0.00;0.00;812.15;RSD;;;NO;NO;217;OMV-RS;;;;D;4,916.80;Yes;793335;2026-07-29;1;
710111;107258;531;BG 1461 EB;2026-07-30 08:08:00;OMV EVRO DIZEL;25.38;5,685.12;;00035572;232609;232609;;SR;Beska;OMV EVRO DIZEL;224.000;5,685.12;;;;RSD;;;NO;;0;OMV-RS;;;;D;0.00;;780825;2026-07-30;0;
710111;107258;374;BG 2091 - GZ;2025-10-07 07:50:00;OMV EVRO DIZEL;76.92;14,460.96;2,410.16;00073810;0;0;                  ;SR;BUBANJ POTOK;OMV EVRO DIZEL;188.000;14,460.96;0.00;0.00;2,410.16;RSD;8915397668;2025-10-15;YES;NO;217;OMV-RS;;;;D;14,999.40;Yes;775050;2025-10-07;1;
710111;107258;374;BG 2091 - GZ;2025-10-08 11:05:00;OMV EVRO DIZEL;50.15;9,428.20;1,571.37;00159220;0;0;                  ;SR;LAPOVO JUG;OMV EVRO DIZEL;188.000;9,428.20;0.00;0.00;1,571.37;RSD;8915397668;2025-10-15;YES;NO;217;OMV-RS;;;;D;9,779.30;Yes;710608;2025-10-08;1;
710111;107258;374;BG 2091 - GZ;2025-10-13 10:33:00;ED MAXXMOTION;69.49;15,002.90;2,500.48;00162169;0;0;                  ;SR;LAPOVO JUG;ED MAXXMOTION;215.900;15,002.90;0.00;0.00;2,500.48;RSD;8915397668;2025-10-15;YES;NO;217;OMV-RS;;;;D;0.00;No;703320;2025-10-13;1;
710111;107258;374;BG 2091 - GZ;2025-10-16 13:47:00;OMV EVRO DIZEL;77.10;14,494.80;2,415.80;00175467;0;0;                  ;SR;BUBANJ POTOK;OMV EVRO DIZEL;188.000;14,494.80;0.00;0.00;2,415.80;RSD;8915400359;2025-10-31;YES;NO;217;OMV-RS;;;;D;14,957.40;Yes;734759;2025-10-16;1;
710111;107258;374;BG 2091 - GZ;2025-10-20 13:13:00;OMV EVRO DIZEL;57.62;10,717.32;1,786.22;00114599;0;0;                  ;SR;LAPOVO SEVER;OMV EVRO DIZEL;186.000;10,717.32;0.00;0.00;1,786.22;RSD;8915400359;2025-10-31;YES;NO;217;OMV-RS;;;;D;11,063.00;Yes;731310;2025-10-20;1;
710111;107258;374;BG 2091 - GZ;2025-10-24 14:09:00;OMV EVRO DIZEL;68.00;12,648.00;2,108.00;00090929;201526;201526;                  ;SR;BOLJEVAC;OMV EVRO DIZEL;186.000;12,648.00;0.00;0.00;2,108.00;RSD;8915400359;2025-10-31;YES;NO;117;OMV-RS;;;;D;13,056.00;Yes;740943;2025-10-24;1;
710111;107258;374;BG 2091 - GZ;2025-10-29 08:45:00;AdBlue;15.53;1,541.82;256.97;00104714;0;0;                  ;SR;LAPOVO JUG;AdBlue;99.280;1,541.82;0.00;0.00;256.97;RSD;8915400359;2025-10-31;YES;NO;217;OMV-RS;;;;D;2,081.00;Yes;784601;2025-10-29;1;
710111;107258;374;BG 2091 - GZ;2025-10-29 08:45:00;OMV EVRO DIZEL;65.04;12,195.00;2,032.50;00104714;0;0;                  ;SR;LAPOVO JUG;OMV EVRO DIZEL;187.500;12,195.00;0.00;0.00;2,032.50;RSD;8915400359;2025-10-31;YES;NO;217;OMV-RS;;;;D;12,552.70;Yes;784601;2025-10-29;1;
710111;107258;374;BG 2091 - GZ;2025-10-31 08:06:00;OMV EVRO DIZEL;57.83;10,843.13;1,807.19;00105267;0;0;                  ;SR;LAPOVO JUG;OMV EVRO DIZEL;187.500;10,843.13;0.00;0.00;1,807.19;RSD;8915400359;2025-10-31;YES;NO;217;OMV-RS;;;;D;11,161.20;Yes;780652;2025-10-31;1;
710111;107258;374;BG 2091 - GZ;2025-11-05 14:02:00;OMV EVRO DIZEL;68.21;12,994.01;2,165.67;00189023;0;0;                  ;SR;BUBANJ POTOK;OMV EVRO DIZEL;190.500;12,994.01;0.00;0.00;2,165.67;RSD;8915402843;2025-11-15;YES;NO;217;OMV-RS;;;;D;13,369.20;Yes;740227;2025-11-05;1;
710111;107258;374;BG 2091 - GZ;2025-11-07 14:22:00;OMV EVRO DIZEL;69.27;13,299.84;2,216.64;00195641;0;0;                  ;SR;BESKA 1;OMV EVRO DIZEL;192.000;13,299.84;0.00;0.00;2,216.64;RSD;8915402843;2025-11-15;YES;NO;217;OMV-RS;;;;D;13,576.90;Yes;742312;2025-11-07;1;
710111;107258;374;BG 2091 - GZ;2025-11-14 09:07:00;OMV EVRO DIZEL;87.00;16,878.00;2,813.00;00108941;204405;204405;                  ;SR;LAPOVO JUG;OMV EVRO DIZEL;194.000;16,878.00;0.00;0.00;2,813.00;RSD;8915402843;2025-11-15;YES;NO;217;OMV-RS;;;;D;17,226.00;Yes;790853;2025-11-14;1;
710111;107258;374;BG 2091 - GZ;2025-11-19 13:21:00;OMV EVRO DIZEL;79.00;15,563.00;2,593.83;00090461;205196;205196;                  ;SR;BUBANJ POTOK;OMV EVRO DIZEL;197.000;15,563.00;0.00;0.00;2,593.83;RSD;8915405535;2025-11-30;YES;NO;217;OMV-RS;;;;D;15,879.00;Yes;732118;2025-11-19;1;
710111;107258;374;BG 2091 - GZ;2025-11-25 10:17:00;EDMAXXM ZIMSKI;66.76;15,014.32;2,502.39;00111571;0;0;                  ;SR;LAPOVO JUG;EDMAXXM ZIMSKI;224.900;15,014.32;0.00;0.00;2,502.39;RSD;8915405535;2025-11-30;YES;NO;217;OMV-RS;;;;D;0.00;No;701830;2025-11-25;1;
710111;107258;374;BG 2091 - GZ;2025-12-03 08:18:00;OMV EVRO DIZEL;74.62;14,700.14;2,450.02;00183582;0;0;                  ;SR;OBILAZNICA 1;OMV EVRO DIZEL;197.000;14,700.14;0.00;0.00;2,450.02;RSD;8915408077;2025-12-15;YES;NO;217;OMV-RS;;;;D;14,998.60;Yes;781907;2025-12-03;1;
710111;107258;374;BG 2091 - GZ;2025-12-08 08:13:00;OMV EVRO DIZEL;68.52;13,292.88;2,215.48;00210753;0;0;                  ;SR;BUBANJ POTOK;OMV EVRO DIZEL;194.000;13,292.88;0.00;0.00;2,215.48;RSD;8915408077;2025-12-15;YES;NO;217;OMV-RS;;;;D;13,566.96;Yes;781332;2025-12-08;1;
710111;107258;374;BG 2091 - GZ;2025-12-10 07:47:00;OMV EVRO DIZEL;60.66;11,646.72;1,941.12;00211919;0;0;                  ;SR;BUBANJ POTOK;OMV EVRO DIZEL;192.000;11,646.72;0.00;0.00;1,941.12;RSD;8915408077;2025-12-15;YES;NO;217;OMV-RS;;;;D;12,010.68;Yes;774716;2025-12-10;1;
710111;107258;374;BG 2091 - GZ;2025-12-11 14:58:00;OMV EVRO DIZEL;72.91;13,998.72;2,333.12;00185535;207982;207982;                  ;SR;LAPOVO SEVER;OMV EVRO DIZEL;192.000;13,998.72;0.00;0.00;2,333.12;RSD;8915408077;2025-12-15;YES;NO;217;OMV-RS;;;;D;14,436.20;Yes;745911;2025-12-11;1;
710111;107258;374;BG 2091 - GZ;2025-12-15 09:34:00;OMV EVRO DIZEL;60.58;11,631.36;1,938.56;00069000;0;0;                  ;SR;GORNJI MILANOVAC;OMV EVRO DIZEL;192.000;11,631.36;0.00;0.00;1,938.56;RSD;8915408077;2025-12-15;YES;NO;117;OMV-RS;;;;D;11,994.84;Yes;793414;2025-12-15;1;
710111;107258;374;BG 2091 - GZ;2025-12-24 14:49:00;OMV EVRO DIZEL;61.67;11,686.47;1,947.74;00150693;208880;208880;                  ;SR;KRAGUJEVAC ARS;OMV EVRO DIZEL;189.500;11,686.47;0.00;0.00;1,947.74;RSD;8915410794;2025-12-31;YES;NO;117;OMV-RS;;;;D;12,087.32;Yes;744928;2025-12-24;1;
710111;107258;374;BG 2091 - GZ;2025-12-27 13:20:00;AdBlue Kanister;1.00;2,099.00;349.83;00152103;209990;209990;                  ;SR;KRAGUJEVAC ARS;AdBlue Kanister;2,099.000;2,099.00;0.00;0.00;349.83;RSD;8915410794;2025-12-31;YES;NO;117;OMV-RS;;;;D;0.00;No;732112;2025-12-27;1;
710111;107258;374;BG 2091 - GZ;2025-12-27 13:22:00;OMV EVRO DIZEL;59.69;11,191.88;1,865.31;00152104;209990;209990;                  ;SR;KRAGUJEVAC ARS;OMV EVRO DIZEL;187.500;11,191.88;0.00;0.00;1,865.31;RSD;8915410794;2025-12-31;YES;NO;117;OMV-RS;;;;D;11,579.86;Yes;732242;2025-12-27;1;
710111;107258;374;BG 2091 - GZ;2025-12-29 14:43:00;OMV EVRO DIZEL;46.26;8,673.75;1,445.62;00135033;0;0;                  ;SR;LAPOVO SEVER;OMV EVRO DIZEL;187.500;8,673.75;0.00;0.00;1,445.62;RSD;8915410794;2025-12-31;YES;NO;217;OMV-RS;;;;D;8,974.44;Yes;744353;2025-12-29;1;
710111;107258;374;BG 2091 - GZ;2026-01-14 11:24:00;OMV EVRO DIZEL;74.00;13,653.00;2,275.50;00212097;210351;210351;                  ;SR;KRALJEVO;OMV EVRO DIZEL;184.500;13,653.00;0.00;0.00;2,275.50;RSD;8916351914;2026-01-15;YES;NO;117;OMV-RS;;;;D;14,134.00;Yes;712506;2026-01-14;1;
710111;107258;374;BG 2091 - GZ;2026-01-16 12:05:00;OMV EVRO DIZEL;61.00;11,254.50;1,875.75;00213251;210852;210852;                  ;SR;KRALJEVO;OMV EVRO DIZEL;184.500;11,254.50;0.00;0.00;1,875.75;RSD;8916354637;2026-01-31;YES;NO;117;OMV-RS;;;;D;11,651.00;Yes;720528;2026-01-16;1;
710111;107258;374;BG 2091 - GZ;2026-01-26 08:38:00;OMV EVRO DIZEL;68.81;12,833.07;2,138.84;00242184;0;0;                  ;SR;BUBANJ POTOK;OMV EVRO DIZEL;186.500;12,833.07;0.00;0.00;2,138.84;RSD;8916354637;2026-01-31;YES;NO;217;OMV-RS;;;;D;13,280.33;Yes;783837;2026-01-26;1;
710111;107258;374;BG 2091 - GZ;2026-01-27 11:32:00;OMV EVRO DIZEL;75.00;13,987.50;2,331.25;00144510;0;0;                  ;SR;LAPOVO SEVER;OMV EVRO DIZEL;186.500;13,987.50;0.00;0.00;2,331.25;RSD;8916354637;2026-01-31;YES;NO;217;OMV-RS;;;;D;14,475.00;Yes;713229;2026-01-27;1;
710111;107258;374;BG 2091 - GZ;2026-02-03 08:12:00;OMV EVRO DIZEL;57.51;10,725.62;1,787.60;00200678;0;0;                  ;SR;ADA CIGANLIJA;OMV EVRO DIZEL;186.500;10,725.62;0.00;0.00;1,787.60;RSD;8916357592;2026-02-15;YES;NO;217;OMV-RS;;;;D;11,099.43;Yes;781253;2026-02-03;1;
710111;107258;374;BG 2091 - GZ;2026-02-10 13:17:00;OMV EVRO DIZEL;69.27;13,126.67;2,187.78;00110485;212884;212884;                  ;SR;CACAK;OMV EVRO DIZEL;189.500;13,126.67;0.00;0.00;2,187.78;RSD;8916357592;2026-02-15;YES;NO;217;OMV-RS;;;;D;13,576.92;Yes;731746;2026-02-10;1;
710111;107258;374;BG 2091 - GZ;2026-02-13 12:36:00;OMV EVRO DIZEL;50.13;9,474.57;1,579.09;00124722;0;0;                  ;SR;DOBANOVCI-SURCIN;OMV EVRO DIZEL;189.000;9,474.57;0.00;0.00;1,579.09;RSD;8916357592;2026-02-15;YES;NO;217;OMV-RS;;;;D;9,825.48;Yes;723610;2026-02-13;1;
710111;107258;374;BG 2091 - GZ;2026-02-18 11:26:00;OMV EVRO DIZEL;52.60;9,941.40;1,656.90;00249274;0;0;                  ;SR;DOBANOVCI-SURCIN;OMV EVRO DIZEL;189.000;9,941.40;0.00;0.00;1,656.90;RSD;8916360516;2026-02-28;YES;NO;217;OMV-RS;;;;D;10,309.60;Yes;712647;2026-02-18;1;
710111;107258;374;BG 2091 - GZ;2026-02-18 11:27:00;AdBlue;15.89;1,577.56;262.93;00249275;0;0;                  ;SR;DOBANOVCI-SURCIN;AdBlue;99.280;1,577.56;0.00;0.00;262.93;RSD;8916360516;2026-02-28;YES;NO;217;OMV-RS;;;;D;2,129.26;Yes;712720;2026-02-18;1;
710111;107258;374;BG 2091 - GZ;2026-02-23 07:35:00;OMV EVRO DIZEL;64.08;12,239.28;2,039.88;00212969;0;0;                  ;SR;ADA CIGANLIJA;OMV EVRO DIZEL;191.000;12,239.28;0.00;0.00;2,039.88;RSD;8916360516;2026-02-28;YES;NO;217;OMV-RS;;;;D;12,687.84;Yes;773547;2026-02-23;1;
710111;107258;374;BG 2091 - GZ;2026-02-25 08:45:00;OMV EVRO DIZEL;76.23;14,559.93;2,426.65;00021464;0;0;                  ;SR;CACAK;OMV EVRO DIZEL;191.000;14,559.93;0.00;0.00;2,426.65;RSD;8916360516;2026-02-28;YES;NO;217;OMV-RS;;;;D;15,093.54;Yes;784512;2026-02-25;1;
710111;107258;374;BG 2091 - GZ;2026-02-27 07:22:00;OMV EVRO DIZEL;48.29;9,223.39;1,537.23;00196561;0;0;                  ;SR;ADA CIGANLIJA;OMV EVRO DIZEL;191.000;9,223.39;0.00;0.00;1,537.23;RSD;8916360516;2026-02-28;YES;NO;217;OMV-RS;;;;D;9,561.42;Yes;772254;2026-02-27;1;
710111;107258;374;BG 2091 - GZ;2026-02-28 06:34:00;OMV EVRO DIZEL;45.47;8,775.71;1,462.62;00216099;0;0;                  ;SR;ADA CIGANLIJA;OMV EVRO DIZEL;193.000;8,775.71;0.00;0.00;1,462.62;RSD;8916360516;2026-02-28;YES;NO;217;OMV-RS;;;;D;9,094.00;Yes;763427;2026-02-28;1;
710111;107258;374;BG 2091 - GZ;2026-03-05 12:13:00;OMV EVRO DIZEL;68.01;13,125.93;2,187.65;00128763;215987;215987;                  ;SR;DOBANOVCI-SURCIN;OMV EVRO DIZEL;193.000;13,125.93;0.00;0.00;2,187.65;RSD;8916363465;2026-03-15;YES;NO;217;OMV-RS;;;;D;13,602.00;Yes;721334;2026-03-05;1;
710111;107258;374;BG 2091 - GZ;2026-03-13 09:20:00;OMV EVRO DIZEL;33.86;6,873.58;1,145.60;00140045;0;0;                  ;SR;LAPOVO JUG;OMV EVRO DIZEL;203.000;6,873.58;0.00;0.00;1,145.60;RSD;8916366460;2026-03-31;YES;NO;217;OMV-RS;;;;D;6,873.58;Yes;792139;2026-03-13;1;
710111;107258;374;BG 2091 - GZ;2026-03-13 16:40:00;OMV EVRO DIZEL;36.38;7,567.04;1,261.17;00155289;0;0;                  ;SR;LAPOVO SEVER;OMV EVRO DIZEL;208.000;7,567.04;0.00;0.00;1,261.17;RSD;8916366460;2026-03-31;YES;NO;217;OMV-RS;;;;D;7,567.04;Yes;764101;2026-03-13;1;
710111;107258;374;BG 2091 - GZ;2026-03-17 08:47:00;OMV EVRO DIZEL;74.20;15,433.60;2,572.27;00114481;217093;217093;                  ;SR;RUMA;OMV EVRO DIZEL;208.000;15,433.60;0.00;0.00;2,572.27;RSD;8916366460;2026-03-31;YES;NO;217;OMV-RS;;;;D;15,433.60;Yes;784742;2026-03-17;1;
710111;107258;374;BG 2091 - GZ;2026-04-08 09:34:00;OMV EVRO DIZEL;56.64;12,120.96;2,020.16;00121979;0;0;                  ;SR;RUMA;OMV EVRO DIZEL;214.000;12,120.96;0.00;0.00;2,020.16;RSD;8916369392;2026-04-09;YES;NO;217;OMV-RS;;;;D;12,120.96;Yes;793438;2026-04-08;1;
710111;107258;374;BG 2091 - GZ;2026-04-20 09:04:00;OMV EVRO DIZEL;79.00;17,143.00;2,857.17;00223100;0;0;                  ;SR;RUMA;OMV EVRO DIZEL;217.000;17,143.00;0.00;0.00;2,857.17;RSD;8916372386;2026-04-30;YES;NO;217;OMV-RS;;;;D;17,143.00;Yes;790450;2026-04-20;1;
710111;107258;374;BG 2091 - GZ;2026-04-25 11:39:00;OMV EVRO DIZEL;80.17;17,557.23;2,926.20;00266110;0;0;                  ;SR;KRALJEVO;OMV EVRO DIZEL;219.000;17,557.23;0.00;0.00;2,926.20;RSD;8916372386;2026-04-30;YES;NO;117;OMV-RS;;;;D;17,557.23;Yes;713948;2026-04-25;1;
710111;107258;374;BG 2091 - GZ;2026-04-28 09:04:00;OMV EVRO DIZEL;51.37;11,250.03;1,875.00;00299339;0;0;                  ;SR;ALEKSINAC;OMV EVRO DIZEL;219.000;11,250.03;0.00;0.00;1,875.00;RSD;8916372386;2026-04-30;YES;NO;217;OMV-RS;;;;D;11,250.03;Yes;790411;2026-04-28;1;
710111;107258;374;BG 2091 - GZ;2026-04-29 08:48:00;ED MAXXMOTION;40.50;9,999.45;1,666.57;00129689;0;0;                  ;SR;RUMA;ED MAXXMOTION;246.900;9,999.45;0.00;0.00;1,666.57;RSD;8916372386;2026-04-30;YES;NO;217;OMV-RS;;;;D;0.00;No;784854;2026-04-29;1;
710111;107258;374;BG 2091 - GZ;2026-05-12 09:26:00;AdBlue;17.51;1,738.39;289.73;00107442;0;0;                  ;SR;BESKA 2;AdBlue;99.280;1,738.39;0.00;0.00;289.73;RSD;8916375402;2026-05-15;YES;NO;217;OMV-RS;;;;D;2,171.24;Yes;792658;2026-05-12;1;
710111;107258;374;BG 2091 - GZ;2026-05-12 09:26:00;OMV EVRO DIZEL;65.63;14,635.49;2,439.25;00107441;0;0;                  ;SR;BESKA 2;OMV EVRO DIZEL;223.000;14,635.49;0.00;0.00;2,439.25;RSD;8916375402;2026-05-15;YES;NO;217;OMV-RS;;;;D;14,635.49;Yes;792623;2026-05-12;1;
710111;107258;374;BG 2091 - GZ;2026-05-18 08:13:00;OMV EVRO DIZEL;66.69;14,871.87;2,478.64;00268866;0;0;                  ;SR;ADA CIGANLIJA;OMV EVRO DIZEL;223.000;14,871.87;0.00;0.00;2,478.64;RSD;8916378386;2026-05-31;YES;NO;217;OMV-RS;;;;D;14,871.87;Yes;781356;2026-05-18;1;
710111;107258;374;BG 2091 - GZ;2026-05-21 13:46:00;OMV EVRO DIZEL;67.26;14,763.57;2,460.59;00239820;0;0;                  ;SR;ADA CIGANLIJA;OMV EVRO DIZEL;219.500;14,763.57;0.00;0.00;2,460.59;RSD;8916378386;2026-05-31;YES;NO;217;OMV-RS;;;;D;14,998.98;Yes;734653;2026-05-21;1;
710111;107258;374;BG 2091 - GZ;2026-06-02 09:25:00;OMV EVRO DIZEL;79.00;17,261.50;2,876.92;00141878;0;0;                  ;SR;RUMA;OMV EVRO DIZEL;218.500;17,261.50;0.00;0.00;2,876.92;RSD;8916381034;2026-06-15;YES;NO;217;OMV-RS;;;;D;17,538.00;Yes;792520;2026-06-02;1;
710111;107258;374;BG 2091 - GZ;2026-06-22 07:37:00;ED MAXXMOTION;39.54;9,248.41;1,541.40;00294427;221792;221792;                  ;SR;ADA CIGANLIJA;ED MAXXMOTION;233.900;9,248.41;0.00;0.00;1,541.40;RSD;8916386380;2026-06-28;YES;NO;217;OMV-RS;;;;D;0.00;No;773757;2026-06-22;1;
710111;107258;374;BG 2091 - GZ;2026-06-29 07:28:00;OMV EVRO DIZEL;49.82;10,462.20;1,743.70;00150727;0;0;                  ;SR;RUMA;OMV EVRO DIZEL;210.000;10,462.20;0.00;0.00;1,743.70;RSD;8916388629;2026-06-30;YES;NO;217;OMV-RS;;;;D;10,810.94;Yes;772905;2026-06-29;1;
710111;107258;374;BG 2091 - GZ;2026-07-13 07:40:00;OMV EVRO DIZEL;68.18;14,658.70;2,443.12;00143501;222692;222692;                  ;SR;ALEKSINAC;OMV EVRO DIZEL;215.000;14,658.70;0.00;0.00;2,443.12;RSD;8916393376;2026-07-15;YES;NO;217;OMV-RS;;;;D;14,999.60;Yes;774054;2026-07-13;1;
710111;107258;374;BG 2091 - GZ;2026-07-14 09:49:00;OMV EVRO DIZEL;68.19;14,660.85;2,443.47;00156584;0;0;                  ;SR;RUMA;OMV EVRO DIZEL;215.000;14,660.85;0.00;0.00;2,443.47;RSD;8916393376;2026-07-15;YES;NO;217;OMV-RS;;;;D;15,001.80;Yes;794942;2026-07-14;1;
710111;107258;374;BG 2091 - GZ;2026-07-28 12:19:00;OMV EVRO DIZEL;66.47;14,756.34;2,459.39;00096866;223585;223585;                  ;SR;LAPOVO JUG;OMV EVRO DIZEL;222.000;14,756.34;0.00;0.00;2,459.39;RSD;;;NO;NO;217;OMV-RS;;;;D;14,889.28;Yes;722011;2026-07-28;1;
710111;107258;226;BG 1983 - DV;2024-01-25 10:08:00;OMV EVRO DIZEL;33.30;6,177.15;1,029.52;00257759;0;0;                  ;SR;KIKINDA;OMV EVRO DIZEL;185.500;6,177.15;0.00;0.00;1,029.52;RSD;8914354763;2024-01-31;YES;NO;117;OMV-RS;;;;D;6,526.80;Yes;700906;2024-01-25;1;
710111;107258;226;BG 1983 - DV;2024-01-31 08:48:00;OMV EVRO DIZEL;25.56;4,792.50;798.75;00380217;0;0;                  ;SR;LAPOVO JUG;OMV EVRO DIZEL;187.500;4,792.50;0.00;0.00;798.75;RSD;8914354763;2024-01-31;YES;NO;217;OMV-RS;;;;D;5,060.90;Yes;784843;2024-01-31;1;
710111;107258;226;BG 1983 - DV;2024-01-31 16:17:00;OMV EVRO DIZEL;18.95;3,553.13;592.19;00236275;0;0;                  ;SR;RAZANJ;OMV EVRO DIZEL;187.500;3,553.13;0.00;0.00;592.19;RSD;8914354763;2024-01-31;YES;NO;217;OMV-RS;;;;D;3,752.10;Yes;761745;2024-01-31;1;
710111;107258;226;BG 1983 - DV;2024-02-08 07:49:00;OMV EVRO DIZEL;25.96;4,919.42;819.90;00394380;0;0;                  ;SR;ADA CIGANLIJA;OMV EVRO DIZEL;189.500;4,919.42;0.00;0.00;819.90;RSD;8914357027;2024-02-15;YES;NO;217;OMV-RS;;;;D;5,192.00;Yes;775243;2024-02-08;1;
710111;107258;226;BG 1983 - DV;2024-02-20 08:32:00;EDMAXXM ZIMSKI;32.92;7,008.70;1,168.12;00137033;0;0;                  ;SR;INDJIJA;EDMAXXM ZIMSKI;212.901;7,008.70;0.00;0.00;1,168.12;RSD;8914359644;2024-02-29;YES;NO;117;OMV-RS;;;;D;0.00;No;783210;2024-02-20;1;
710111;107258;226;BG 1983 - DV;2024-02-20 16:21:00;EDMAXXM ZIMSKI;19.08;4,272.00;712.00;00411301;0;0;                  ;SR;BESKA 1;EDMAXXM ZIMSKI;223.899;4,272.00;0.00;0.00;712.00;RSD;8914359644;2024-02-29;YES;NO;217;OMV-RS;;;;D;0.00;No;762207;2024-02-20;1;
710111;107258;226;BG 1983 - DV;2024-02-21 11:53:00;OMV EVRO DIZEL;19.53;3,798.59;633.10;00147401;0;0;                  ;SR;LAPOVO SEVER;OMV EVRO DIZEL;194.500;3,798.59;0.00;0.00;633.10;RSD;8914359644;2024-02-29;YES;NO;217;OMV-RS;;;;D;4,003.70;Yes;715721;2024-02-21;1;
710111;107258;226;BG 1983 - DV;2024-02-26 08:44:00;OMV EVRO DIZEL;30.35;5,948.60;991.43;00137810;0;0;                  ;SR;LAPOVO JUG;OMV EVRO DIZEL;196.000;5,948.60;0.00;0.00;991.43;RSD;8914359644;2024-02-29;YES;NO;217;OMV-RS;;;;D;6,252.10;Yes;784413;2024-02-26;1;
710111;107258;226;BG 1983 - DV;2024-02-26 15:11:00;OMV EVRO DIZEL;11.34;2,222.64;370.44;00292749;0;0;                  ;SR;DOLJEVAC;OMV EVRO DIZEL;196.000;2,222.64;0.00;0.00;370.44;RSD;8914359644;2024-02-29;YES;NO;217;OMV-RS;;;;D;2,336.00;Yes;751134;2024-02-26;1;
710111;107258;226;BG 1983 - DV;2024-02-27 08:33:00;OMV EVRO DIZEL;21.12;4,139.52;689.92;00157182;0;0;                  ;SR;RUMA;OMV EVRO DIZEL;196.000;4,139.52;0.00;0.00;689.92;RSD;8914359644;2024-02-29;YES;NO;217;OMV-RS;;;;D;4,350.70;Yes;783329;2024-02-27;1;
710111;107258;226;BG 1983 - DV;2024-02-28 09:06:00;OMV EVRO DIZEL;21.85;4,282.60;713.77;00393290;0;0;                  ;SR;LAPOVO JUG;OMV EVRO DIZEL;196.000;4,282.60;0.00;0.00;713.77;RSD;8914359644;2024-02-29;YES;NO;217;OMV-RS;;;;D;4,501.10;Yes;790635;2024-02-28;1;
710111;107258;226;BG 1983 - DV;2024-03-12 07:41:00;OMV EVRO DIZEL;24.47;4,686.01;781.00;00399113;0;0;                  ;SR;LAPOVO JUG;OMV EVRO DIZEL;191.500;4,686.01;0.00;0.00;781.00;RSD;8914361928;2024-03-15;YES;NO;217;OMV-RS;;;;D;4,942.90;Yes;774156;2024-03-12;1;
710111;107258;226;BG 1983 - DV;2024-03-14 15:35:00;OMV EVRO DIZEL;19.42;3,718.93;619.82;00191855;0;0;                  ;SR;RAZANJ;OMV EVRO DIZEL;191.500;3,718.93;0.00;0.00;619.82;RSD;8914361928;2024-03-15;YES;NO;217;OMV-RS;;;;D;3,922.80;Yes;753544;2024-03-14;1;
710111;107258;226;BG 1983 - DV;2024-03-19 09:17:00;OMV EVRO DIZEL;20.68;3,887.84;647.97;00402307;0;0;                  ;SR;LAPOVO JUG;OMV EVRO DIZEL;188.000;3,887.84;0.00;0.00;647.97;RSD;8914364543;2024-03-31;YES;NO;217;OMV-RS;;;;D;4,115.30;Yes;791721;2024-03-19;1;
710111;107258;226;BG 1983 - DV;2024-03-21 08:56:00;OMV EVRO DIZEL;27.21;5,115.48;852.58;00144397;0;0;                  ;SR;LAPOVO JUG;OMV EVRO DIZEL;188.000;5,115.48;0.00;0.00;852.58;RSD;8914364543;2024-03-31;YES;NO;217;OMV-RS;;;;D;5,414.80;Yes;785634;2024-03-21;1;
710111;107258;226;BG 1983 - DV;2024-03-21 15:41:00;OMV EVRO DIZEL;17.60;3,308.80;551.47;00155851;0;0;                  ;SR;LAPOVO SEVER;OMV EVRO DIZEL;188.000;3,308.80;0.00;0.00;551.47;RSD;8914364543;2024-03-31;YES;NO;217;OMV-RS;;;;D;3,502.40;Yes;754619;2024-03-21;1;
710111;107258;226;BG 1983 - DV;2024-03-27 08:54:00;OMV EVRO DIZEL;16.39;3,105.91;517.65;00406478;0;0;                  ;SR;LAPOVO JUG;OMV EVRO DIZEL;189.500;3,105.91;0.00;0.00;517.65;RSD;8914364543;2024-03-31;YES;NO;217;OMV-RS;;;;D;3,294.40;Yes;785449;2024-03-27;1;
710111;107258;226;BG 1983 - DV;2024-03-27 16:17:00;OMV EVRO DIZEL;19.91;3,772.95;628.82;00194171;0;0;                  ;SR;RAZANJ;OMV EVRO DIZEL;189.500;3,772.95;0.00;0.00;628.82;RSD;8914364543;2024-03-31;YES;NO;217;OMV-RS;;;;D;4,001.90;Yes;761742;2024-03-27;1;
710111;107258;226;BG 1983 - DV;2024-04-10 08:26:00;OMV EVRO DIZEL;17.22;3,306.24;551.04;00344837;0;0;                  ;SR;RUMA;OMV EVRO DIZEL;192.000;3,306.24;0.00;0.00;551.04;RSD;8914366835;2024-04-15;YES;NO;217;OMV-RS;;;;D;3,547.30;Yes;782642;2024-04-10;1;
710111;107258;226;BG 1983 - DV;2024-04-11 08:38:00;OMV EVRO DIZEL;14.93;2,866.56;477.76;00167091;0;0;                  ;SR;RUMA;OMV EVRO DIZEL;192.000;2,866.56;0.00;0.00;477.76;RSD;8914366835;2024-04-15;YES;NO;217;OMV-RS;;;;D;3,075.60;Yes;783815;2024-04-11;1;
710111;107258;226;BG 1983 - DV;2024-04-16 08:07:00;OMV EVRO DIZEL;21.40;4,108.80;684.80;00417546;0;0;                  ;SR;LAPOVO JUG;OMV EVRO DIZEL;192.000;4,108.80;0.00;0.00;684.80;RSD;8914369474;2024-04-30;YES;NO;217;OMV-RS;;;;D;4,408.40;Yes;780729;2024-04-16;1;
710111;107258;226;BG 1983 - DV;2024-04-16 17:25:00;OMV EVRO DIZEL;21.88;4,200.96;700.16;00344717;0;0;                  ;SR;LAPOVO SEVER;OMV EVRO DIZEL;192.000;4,200.96;0.00;0.00;700.16;RSD;8914369474;2024-04-30;YES;NO;217;OMV-RS;;;;D;4,507.30;Yes;773118;2024-04-16;1;
710111;107258;226;BG 1983 - DV;2024-04-23 08:58:00;OMV EVRO DIZEL;28.72;5,514.24;919.04;00421053;0;0;                  ;SR;LAPOVO JUG;OMV EVRO DIZEL;192.000;5,514.24;0.00;0.00;919.04;RSD;8914369474;2024-04-30;YES;NO;217;OMV-RS;;;;D;5,916.30;Yes;785830;2024-04-23;1;
710111;107258;226;BG 1983 - DV;2024-04-23 14:59:00;OMV EVRO DIZEL;18.45;3,542.40;590.40;00347870;0;0;                  ;SR;LAPOVO SEVER;OMV EVRO DIZEL;192.000;3,542.40;0.00;0.00;590.40;RSD;8914369474;2024-04-30;YES;NO;217;OMV-RS;;;;D;3,800.70;Yes;750519;2024-04-23;1;
710111;107258;226;BG 1983 - DV;2024-04-24 08:06:00;OMV EVRO DIZEL;10.79;2,071.68;345.28;00351459;0;0;                  ;SR;RUMA;OMV EVRO DIZEL;192.000;2,071.68;0.00;0.00;345.28;RSD;8914369474;2024-04-30;YES;NO;217;OMV-RS;;;;D;2,222.70;Yes;780657;2024-04-24;1;
710111;107258;226;BG 1983 - DV;2024-05-13 08:27:00;OMV EVRO DIZEL;25.19;4,823.89;803.98;00390596;0;0;                  ;SR;BUBANJ POTOK;OMV EVRO DIZEL;191.500;4,823.89;0.00;0.00;803.98;RSD;8914371718;2024-05-15;YES;NO;217;OMV-RS;;;;D;5,113.60;Yes;782736;2024-05-13;1;
710111;107258;226;BG 1983 - DV;2024-05-15 07:43:00;OMV EVRO DIZEL;17.44;3,304.88;550.81;00361809;0;0;                  ;SR;RUMA;OMV EVRO DIZEL;189.500;3,304.88;0.00;0.00;550.81;RSD;8914371718;2024-05-15;YES;NO;217;OMV-RS;;;;D;3,540.30;Yes;774407;2024-05-15;1;
710111;107258;226;BG 1983 - DV;2024-05-23 07:56:00;OMV EVRO DIZEL;16.30;3,056.25;509.37;00469941;0;0;                  ;SR;BESKA 2;OMV EVRO DIZEL;187.500;3,056.25;0.00;0.00;509.37;RSD;8914374363;2024-05-31;YES;NO;217;OMV-RS;;;;D;3,276.30;Yes;775645;2024-05-23;1;
710111;107258;226;BG 1983 - DV;2024-05-28 08:49:00;OMV EVRO DIZEL;16.29;3,054.38;509.06;00442618;0;0;                  ;SR;LAPOVO JUG;OMV EVRO DIZEL;187.500;3,054.38;0.00;0.00;509.06;RSD;8914374363;2024-05-31;YES;NO;217;OMV-RS;;;;D;3,274.30;Yes;784942;2024-05-28;1;
710111;107258;226;BG 1983 - DV;2024-05-28 15:08:00;OMV EVRO DIZEL;17.12;3,210.00;535.00;00367418;0;0;                  ;SR;LAPOVO SEVER;OMV EVRO DIZEL;187.500;3,210.00;0.00;0.00;535.00;RSD;8914374363;2024-05-31;YES;NO;217;OMV-RS;;;;D;3,441.10;Yes;751455;2024-05-28;1;
710111;107258;226;BG 1983 - DV;2024-05-30 06:39:00;OMV EVRO DIZEL;18.02;3,378.75;563.12;00443659;0;0;                  ;SR;LAPOVO JUG;OMV EVRO DIZEL;187.500;3,378.75;0.00;0.00;563.12;RSD;8914374363;2024-05-31;YES;NO;217;OMV-RS;;;;D;3,622.00;Yes;763950;2024-05-30;1;
710111;107258;226;BG 1983 - DV;2024-05-30 17:14:00;OMV EVRO DIZEL;22.39;4,198.13;699.69;00183963;0;0;                  ;SR;LAPOVO SEVER;OMV EVRO DIZEL;187.500;4,198.13;0.00;0.00;699.69;RSD;8914374363;2024-05-31;YES;NO;217;OMV-RS;;;;D;4,500.40;Yes;772115;2024-05-30;1;
710111;107258;226;BG 1983 - DV;2024-06-04 08:21:00;OMV EVRO DIZEL;21.31;3,995.63;665.94;00185138;0;0;                  ;SR;RUMA;OMV EVRO DIZEL;187.500;3,995.63;0.00;0.00;665.94;RSD;8914376641;2024-06-15;YES;NO;217;OMV-RS;;;;D;4,283.30;Yes;782125;2024-06-04;1;
710111;107258;226;BG 1983 - DV;2024-06-06 07:58:00;OMV EVRO DIZEL;13.73;2,574.38;429.06;00171062;0;0;                  ;SR;KRNJACA;OMV EVRO DIZEL;187.500;2,574.38;0.00;0.00;429.06;RSD;8914376641;2024-06-15;YES;NO;217;OMV-RS;;;;D;2,759.70;Yes;775816;2024-06-06;1;
710111;107258;226;BG 1983 - DV;2024-06-13 09:17:00;ED MAXXMOTION;16.49;3,642.60;607.10;00482618;0;0;                  ;SR;BESKA 2;ED MAXXMOTION;220.898;3,642.60;0.00;0.00;607.10;RSD;8914376641;2024-06-15;YES;NO;217;OMV-RS;;;;D;0.00;No;791803;2024-06-13;1;
710111;107258;226;BG 1983 - DV;2024-06-14 06:35:00;ED MAXXMOTION;23.79;5,279.00;879.83;00483026;0;0;                  ;SR;BESKA 2;ED MAXXMOTION;221.900;5,279.00;0.00;0.00;879.83;RSD;8914376641;2024-06-15;YES;NO;217;OMV-RS;;;;D;0.00;No;763526;2024-06-14;1;
710111;107258;226;BG 1983 - DV;2024-06-19 07:33:00;OMV EVRO DIZEL;19.93;3,736.88;622.81;00190189;0;0;                  ;SR;RUMA;OMV EVRO DIZEL;187.500;3,736.88;0.00;0.00;622.81;RSD;8914379249;2024-06-30;YES;NO;217;OMV-RS;;;;D;4,005.90;Yes;773326;2024-06-19;1;
710111;107258;226;BG 1983 - DV;2024-06-20 08:01:00;ED MAXXMOTION;16.16;3,602.10;600.35;00486736;0;0;                  ;SR;BESKA 2;ED MAXXMOTION;222.902;3,602.10;0.00;0.00;600.35;RSD;8914379249;2024-06-30;YES;NO;217;OMV-RS;;;;D;0.00;No;780113;2024-06-20;1;
710111;107258;226;BG 1983 - DV;2024-06-24 09:06:00;OMV EVRO DIZEL;20.83;3,968.12;661.35;00461464;0;0;                  ;SR;LAPOVO JUG;OMV EVRO DIZEL;190.500;3,968.12;0.00;0.00;661.35;RSD;8914379249;2024-06-30;YES;NO;217;OMV-RS;;;;D;4,228.50;Yes;790707;2024-06-24;1;
710111;107258;226;BG 1983 - DV;2024-06-24 15:08:00;OMV EVRO DIZEL;18.33;3,491.87;581.98;00047848;0;0;                  ;SR;RAZANJ;OMV EVRO DIZEL;190.500;3,491.87;0.00;0.00;581.98;RSD;8914379249;2024-06-30;YES;NO;217;OMV-RS;;;;D;3,721.00;Yes;750846;2024-06-24;1;
710111;107258;226;BG 1983 - DV;2024-07-03 08:54:00;OMV EVRO DIZEL;25.09;4,880.01;813.33;00064621;0;0;                  ;SR;LAPOVO JUG;OMV EVRO DIZEL;194.500;4,880.01;0.00;0.00;813.33;RSD;8914381538;2024-07-15;YES;NO;217;OMV-RS;;;;D;5,143.50;Yes;785438;2024-07-03;1;
710111;107258;226;BG 1983 - DV;2024-07-03 16:04:00;OMV EVRO DIZEL;16.49;3,207.31;534.55;00094316;0;0;                  ;SR;RAZANJ;OMV EVRO DIZEL;194.500;3,207.31;0.00;0.00;534.55;RSD;8914381538;2024-07-15;YES;NO;217;OMV-RS;;;;D;3,380.50;Yes;760417;2024-07-03;1;
710111;107258;226;BG 1983 - DV;2024-07-09 07:56:00;OMV EVRO DIZEL;22.00;4,290.00;715.00;00498215;0;0;                  ;SR;BESKA 2;OMV EVRO DIZEL;195.000;4,290.00;0.00;0.00;715.00;RSD;8914381538;2024-07-15;YES;NO;217;OMV-RS;;;;D;4,576.00;Yes;775703;2024-07-09;1;
710111;107258;226;BG 1983 - DV;2024-07-10 08:36:00;OMV EVRO DIZEL;26.04;5,077.80;846.30;00061597;0;0;                  ;SR;BUBANJ POTOK;OMV EVRO DIZEL;195.000;5,077.80;0.00;0.00;846.30;RSD;8914381538;2024-07-15;YES;NO;217;OMV-RS;;;;D;5,416.30;Yes;783615;2024-07-10;1;
710111;107258;226;BG 1983 - DV;2024-07-23 07:28:00;OMV EVRO DIZEL;19.66;3,735.40;622.57;00395965;0;0;                  ;SR;RUMA;OMV EVRO DIZEL;190.000;3,735.40;0.00;0.00;622.57;RSD;8914384146;2024-07-31;YES;NO;217;OMV-RS;;;;D;4,030.30;Yes;772813;2024-07-23;1;
710111;107258;226;BG 1983 - DV;2024-07-30 08:11:00;OMV EVRO DIZEL;27.25;5,123.00;853.83;00442345;0;0;                  ;SR;BUBANJ POTOK;OMV EVRO DIZEL;188.000;5,123.00;0.00;0.00;853.83;RSD;8914384146;2024-07-31;YES;NO;217;OMV-RS;;;;D;5,504.50;Yes;781201;2024-07-30;1;
710111;107258;226;BG 1983 - DV;2024-07-30 16:39:00;AdBlue;11.60;803.65;133.94;00366102;0;0;                  ;SR;DOLJEVAC;AdBlue;69.280;803.65;0.00;0.00;133.94;RSD;8914384146;2024-07-31;YES;NO;217;OMV-RS;;;;D;1,438.40;Yes;763916;2024-07-30;1;
710111;107258;226;BG 1983 - DV;2024-07-30 17:18:00;OMV EVRO DIZEL;23.44;4,406.72;734.45;00289358;0;0;                  ;SR;RAZANJ;OMV EVRO DIZEL;188.000;4,406.72;0.00;0.00;734.45;RSD;8914384146;2024-07-31;YES;NO;217;OMV-RS;;;;D;4,734.90;Yes;771831;2024-07-30;1;
710111;107258;226;BG 1983 - DV;2024-08-06 08:14:00;OMV EVRO DIZEL;22.41;4,190.67;698.44;00301120;0;0;                  ;SR;ADA CIGANLIJA;OMV EVRO DIZEL;187.000;4,190.67;0.00;0.00;698.44;RSD;8914386444;2024-08-15;YES;NO;217;OMV-RS;;;;D;4,504.40;Yes;781507;2024-08-06;1;
710111;107258;226;BG 1983 - DV;2024-08-07 09:10:00;OMV EVRO DIZEL;17.42;3,257.54;542.92;00174565;0;0;                  ;SR;INDJIJA;OMV EVRO DIZEL;187.000;3,257.54;0.00;0.00;542.92;RSD;8914386444;2024-08-15;YES;NO;117;OMV-RS;;;;D;3,501.40;Yes;791106;2024-08-07;1;
710111;107258;226;BG 1983 - DV;2024-08-13 07:16:00;OMV EVRO DIZEL;17.55;3,229.20;538.20;00213190;0;0;                  ;SR;RUMA;OMV EVRO DIZEL;184.000;3,229.20;0.00;0.00;538.20;RSD;8914386444;2024-08-15;YES;NO;217;OMV-RS;;;;D;3,474.90;Yes;771626;2024-08-13;1;
710111;107258;226;BG 1983 - DV;2024-08-13 13:55:00;OMV EVRO DIZEL;18.90;3,477.60;579.60;00527557;0;0;                  ;SR;BESKA 1;OMV EVRO DIZEL;184.000;3,477.60;0.00;0.00;579.60;RSD;8914386444;2024-08-15;YES;NO;217;OMV-RS;;;;D;3,742.20;Yes;735531;2024-08-13;1;
710111;107258;226;BG 1983 - DV;2024-08-19 08:20:00;OMV EVRO DIZEL;24.73;4,550.32;758.39;00456854;0;0;                  ;SR;BUBANJ POTOK;OMV EVRO DIZEL;184.000;4,550.32;0.00;0.00;758.39;RSD;8914389074;2024-08-31;YES;NO;217;OMV-RS;;;;D;4,896.50;Yes;782101;2024-08-19;1;
710111;107258;226;BG 1983 - DV;2024-08-20 07:07:00;OMV EVRO DIZEL;17.14;3,153.76;525.63;00516699;0;0;                  ;SR;LAPOVO JUG;OMV EVRO DIZEL;184.000;3,153.76;0.00;0.00;525.63;RSD;8914389074;2024-08-31;YES;NO;217;OMV-RS;;;;D;3,393.70;Yes;770737;2024-08-20;1;
710111;107258;226;BG 1983 - DV;2024-08-23 10:35:00;OMV EVRO DIZEL;22.84;4,179.72;696.62;00421669;0;0;                  ;SR;LAPOVO SEVER;OMV EVRO DIZEL;183.000;4,179.72;0.00;0.00;696.62;RSD;8914389074;2024-08-31;YES;NO;217;OMV-RS;;;;D;4,522.30;Yes;704506;2024-08-23;1;
710111;107258;226;BG 1983 - DV;2024-08-29 07:20:00;ED MAXXMOTION;13.93;3,035.30;505.88;00019988;0;0;                  ;SR;RUMA;ED MAXXMOTION;217.897;3,035.30;0.00;0.00;505.88;RSD;8914389074;2024-08-31;YES;NO;217;OMV-RS;;;;D;0.00;No;772031;2024-08-29;1;
710111;107258;226;BG 1983 - DV;2024-09-04 08:25:00;ED MAXXMOTION;25.11;5,446.40;907.73;00544953;0;0;                  ;SR;BESKA 2;ED MAXXMOTION;216.902;5,446.40;0.00;0.00;907.73;RSD;8914391411;2024-09-15;YES;NO;217;OMV-RS;;;;D;0.00;No;782531;2024-09-04;1;
710111;107258;226;BG 1983 - DV;2024-09-04 15:02:00;OMV EVRO DIZEL;17.12;3,081.60;513.60;00540996;0;0;                  ;SR;BESKA 1;OMV EVRO DIZEL;180.000;3,081.60;0.00;0.00;513.60;RSD;8914391411;2024-09-15;YES;NO;217;OMV-RS;;;;D;3,321.30;Yes;750223;2024-09-04;1;
710111;107258;226;BG 1983 - DV;2024-09-17 08:40:00;OMV EVRO DIZEL;31.42;5,577.05;929.51;00533868;0;0;                  ;SR;LAPOVO JUG;OMV EVRO DIZEL;177.500;5,577.05;0.00;0.00;929.51;RSD;8914394055;2024-09-30;YES;NO;217;OMV-RS;;;;D;6,001.20;Yes;784052;2024-09-17;1;
710111;107258;226;BG 1983 - DV;2024-09-17 17:30:00;OMV EVRO DIZEL;20.46;3,631.65;605.27;00440916;0;0;                  ;SR;LAPOVO SEVER;OMV EVRO DIZEL;177.500;3,631.65;0.00;0.00;605.27;RSD;8914394055;2024-09-30;YES;NO;217;OMV-RS;;;;D;3,907.90;Yes;774027;2024-09-17;1;
710111;107258;226;BG 1983 - DV;2024-09-19 09:03:00;OMV EVRO DIZEL;26.19;4,648.73;774.79;00230379;0;0;                  ;SR;LAPOVO JUG;OMV EVRO DIZEL;177.500;4,648.73;0.00;0.00;774.79;RSD;8914394055;2024-09-30;YES;NO;217;OMV-RS;;;;D;5,002.30;Yes;790311;2024-09-19;1;
710111;107258;226;BG 1983 - DV;2024-09-19 16:28:00;OMV EVRO DIZEL;18.40;3,266.00;544.33;00265202;0;0;                  ;SR;RAZANJ;OMV EVRO DIZEL;177.500;3,266.00;0.00;0.00;544.33;RSD;8914394055;2024-09-30;YES;NO;217;OMV-RS;;;;D;3,514.40;Yes;762807;2024-09-19;1;
710111;107258;226;BG 1983 - DV;2024-09-25 08:23:00;OMV EVRO DIZEL;23.73;4,212.08;702.01;00439502;0;0;                  ;SR;RUMA;OMV EVRO DIZEL;177.500;4,212.08;0.00;0.00;702.01;RSD;8914394055;2024-09-30;YES;NO;217;OMV-RS;;;;D;4,508.70;Yes;782320;2024-09-25;1;
710111;107258;226;BG 1983 - DV;2024-10-02 08:19:00;OMV EVRO DIZEL;18.13;3,218.08;536.35;00236130;0;0;                  ;SR;RUMA;OMV EVRO DIZEL;177.500;3,218.08;0.00;0.00;536.35;RSD;8914396403;2024-10-15;YES;NO;217;OMV-RS;;;;D;3,444.70;Yes;781953;2024-10-02;1;
710111;107258;226;BG 1983 - DV;2024-10-02 16:35:00;OMV EVRO DIZEL;20.55;3,647.63;607.94;00556449;0;0;                  ;SR;BESKA 1;OMV EVRO DIZEL;177.500;3,647.63;0.00;0.00;607.94;RSD;8914396403;2024-10-15;YES;NO;217;OMV-RS;;;;D;3,904.50;Yes;763513;2024-10-02;1;
710111;107258;226;BG 1983 - DV;2024-10-09 17:13:00;OMV EVRO DIZEL;21.99;4,046.16;674.36;00328963;99431;99431;                  ;SR;ADA CIGANLIJA;OMV EVRO DIZEL;184.000;4,046.16;0.00;0.00;674.36;RSD;8914396403;2024-10-15;YES;NO;217;OMV-RS;;;;D;4,200.10;Yes;771415;2024-10-09;1;
710111;107258;226;BG 1983 - DV;2024-10-14 09:23:00;OMV EVRO DIZEL;21.66;4,050.42;675.07;00547158;99773;99773;                  ;SR;LAPOVO JUG;OMV EVRO DIZEL;187.000;4,050.42;0.00;0.00;675.07;RSD;8914396403;2024-10-15;YES;NO;217;OMV-RS;;;;D;4,202.00;Yes;792344;2024-10-14;1;
710111;107258;226;BG 1983 - DV;2024-10-14 17:50:00;OMV EVRO DIZEL;21.35;3,992.45;665.41;00252578;100115;100115;                  ;SR;LAPOVO SEVER;OMV EVRO DIZEL;187.000;3,992.45;0.00;0.00;665.41;RSD;8914396403;2024-10-15;YES;NO;217;OMV-RS;;;;D;4,141.90;Yes;780135;2024-10-14;1;
710111;107258;226;BG 1983 - DV;2024-10-17 11:03:00;OMV EVRO DIZEL;21.81;4,078.47;679.74;00355518;100513;100513;                  ;SR;SMEDEREVSKA PALANKA;OMV EVRO DIZEL;187.000;4,078.47;0.00;0.00;679.74;RSD;8914399056;2024-10-31;YES;NO;117;OMV-RS;;;;D;4,231.10;Yes;710327;2024-10-17;1;
710111;107258;226;BG 1983 - DV;2024-10-30 08:07:00;OMV EVRO DIZEL;26.84;4,992.24;832.04;00501681;100967;100967;                  ;SR;BUBANJ POTOK;OMV EVRO DIZEL;186.000;4,992.24;0.00;0.00;832.04;RSD;8914399056;2024-10-31;YES;NO;217;OMV-RS;;;;D;5,180.10;Yes;780735;2024-10-30;1;
710111;107258;226;BG 1983 - DV;2024-10-30 16:43:00;OMV EVRO DIZEL;25.70;4,780.20;796.70;00128918;101347;101347;                  ;SR;RAZANJ;OMV EVRO DIZEL;186.000;4,780.20;0.00;0.00;796.70;RSD;8914399056;2024-10-31;YES;NO;217;OMV-RS;;;;D;4,960.10;Yes;764330;2024-10-30;1;
710111;107258;226;BG 1983 - DV;2024-11-04 09:47:00;OMV EVRO DIZEL;27.33;5,056.05;842.67;00307009;101760;101760;                  ;SR;ZRENJANIN 3;OMV EVRO DIZEL;185.000;5,056.05;0.00;0.00;842.67;RSD;8914401397;2024-11-15;YES;NO;117;OMV-RS;;;;D;5,247.40;Yes;794757;2024-11-04;1;
710111;107258;226;BG 1983 - DV;2024-11-15 10:15:00;OMV EVRO DIZEL;26.22;4,929.36;821.56;00511904;102256;102256;                  ;SR;BUBANJ POTOK;OMV EVRO DIZEL;188.000;4,929.36;0.00;0.00;821.56;RSD;8914401397;2024-11-15;YES;NO;217;OMV-RS;;;;D;5,086.70;Yes;701553;2024-11-15;1;
710111;107258;226;BG 1983 - DV;2024-11-27 09:38:00;ED MAXXMOTION;33.17;6,829.70;1,138.28;00301336;0;0;                  ;SR;METRO;ED MAXXMOTION;205.900;6,829.70;0.00;0.00;1,138.28;RSD;8914404050;2024-11-30;YES;NO;217;OMV-RS;;;;D;0.00;No;793843;2024-11-27;1;
710111;107258;226;BG 1983 - DV;2024-12-10 12:39:00;OMV EVRO DIZEL;29.85;5,671.50;945.25;00202660;103291;103291;                  ;SR;INDJIJA;OMV EVRO DIZEL;190.000;5,671.50;0.00;0.00;945.25;RSD;8914406383;2024-12-15;YES;NO;117;OMV-RS;;;;D;5,850.60;Yes;723957;2024-12-10;1;
710111;107258;226;BG 1983 - DV;2024-12-24 09:14:00;OMV EVRO DIZEL;27.92;5,304.80;884.13;00436334;103756;103756;                  ;SR;ZRENJANIN 2;OMV EVRO DIZEL;190.000;5,304.80;0.00;0.00;884.13;RSD;8914409008;2024-12-31;YES;NO;117;OMV-RS;;;;D;5,500.20;Yes;791559;2024-12-24;1;
710111;107258;226;BG 1983 - DV;2025-01-22 07:49:00;OMV EVRO DIZEL;24.39;4,829.22;804.87;00552956;104161;104161;                  ;SR;BUBANJ POTOK;OMV EVRO DIZEL;198.000;4,829.22;0.00;0.00;804.87;RSD;8915354647;2025-01-31;YES;NO;217;OMV-RS;;;;D;4,975.60;Yes;775518;2025-01-22;1;
710111;107258;226;BG 1983 - DV;2025-01-22 16:05:00;OMV EVRO DIZEL;18.76;3,714.48;619.08;00461351;104464;104464;                  ;SR;DOLJEVAC;OMV EVRO DIZEL;198.000;3,714.48;0.00;0.00;619.08;RSD;8915354647;2025-01-31;YES;NO;217;OMV-RS;;;;D;3,827.00;Yes;760722;2025-01-22;1;
710111;107258;226;BG 1983 - DV;2025-01-30 13:46:00;OMV EVRO DIZEL;29.16;5,773.68;962.28;00002103;104921;104921;                  ;SR;ZRENJANIN 3;OMV EVRO DIZEL;198.000;5,773.68;0.00;0.00;962.28;RSD;8915354647;2025-01-31;YES;NO;117;OMV-RS;;;;D;5,948.60;Yes;734909;2025-01-30;1;
710111;107258;226;BG 1983 - DV;2025-02-12 16:03:00;OMV EVRO DIZEL;26.56;5,258.88;876.48;00006231;105312;105312;                  ;SR;LESKOVAC;OMV EVRO DIZEL;198.000;5,258.88;0.00;0.00;876.48;RSD;8915359791;2025-02-28;YES;NO;117;OMV-RS;;;;D;5,338.56;Yes;760458;2025-02-12;1;
710111;107258;226;BG 1983 - DV;2025-02-26 08:02:00;OMV EVRO DIZEL;30.30;6,060.00;1,010.00;00012856;105807;105807;                  ;SR;ADA CIGANLIJA;OMV EVRO DIZEL;200.000;6,060.00;0.00;0.00;1,010.00;RSD;8915359791;2025-02-28;YES;NO;217;OMV-RS;;;;D;6,181.20;Yes;780540;2025-02-26;1;
710111;107258;226;BG 1983 - DV;2025-03-11 07:41:00;OMV EVRO DIZEL;26.99;5,246.86;874.48;00018573;106304;106304;                  ;SR;LAPOVO JUG;OMV EVRO DIZEL;194.400;5,246.86;0.00;0.00;874.48;RSD;8915362134;2025-03-15;YES;NO;217;OMV-RS;;;;D;5,398.00;Yes;774201;2025-03-11;1;
710111;107258;226;BG 1983 - DV;2025-03-13 14:09:00;OMV EVRO DIZEL;23.26;4,521.74;753.62;00016203;106742;106742;                  ;SR;LAPOVO SEVER;OMV EVRO DIZEL;194.400;4,521.74;0.00;0.00;753.62;RSD;8915362134;2025-03-15;YES;NO;217;OMV-RS;;;;D;4,652.00;Yes;741355;2025-03-13;1;
710111;107258;226;BG 1983 - DV;2025-03-24 09:50:00;ED MAXXMOTION;24.58;5,257.70;876.28;00028411;107068;107068;                  ;SR;ALEKSINAC;ED MAXXMOTION;213.902;5,257.70;0.00;0.00;876.28;RSD;8915364775;2025-03-31;YES;NO;217;OMV-RS;;;;D;0.00;No;795037;2025-03-24;1;
710111;107258;226;BG 1983 - DV;2025-03-25 08:27:00;OMV EVRO DIZEL;24.87;4,700.43;783.40;00028507;107441;107441;                  ;SR;ADA CIGANLIJA;OMV EVRO DIZEL;189.000;4,700.43;0.00;0.00;783.40;RSD;8915364775;2025-03-31;YES;NO;217;OMV-RS;;;;D;4,849.70;Yes;783119;2025-03-25;1;
710111;107258;226;BG 1983 - DV;2025-03-27 12:02:00;OMV EVRO DIZEL;27.19;5,138.91;856.48;00013077;107964;107964;                  ;SR;INDJIJA;OMV EVRO DIZEL;189.000;5,138.91;0.00;0.00;856.48;RSD;8915364775;2025-03-31;YES;NO;117;OMV-RS;;;;D;5,302.05;Yes;720242;2025-03-27;1;
710111;107258;226;BG 1983 - DV;2025-03-31 08:59:00;OMV EVRO DIZEL;32.65;6,203.50;1,033.92;00030052;108479;108479;                  ;SR;ZRENJANIN 2;OMV EVRO DIZEL;190.000;6,203.50;0.00;0.00;1,033.92;RSD;8915364775;2025-03-31;YES;NO;117;OMV-RS;;;;D;6,399.40;Yes;790400;2025-03-31;1;
710111;107258;226;BG 1983 - DV;2025-04-10 14:28:00;OMV EVRO DIZEL;25.90;4,921.00;820.17;00034974;108979;108979;                  ;SR;ZRENJANIN 2;OMV EVRO DIZEL;190.000;4,921.00;0.00;0.00;820.17;RSD;8915367133;2025-04-15;YES;NO;117;OMV-RS;;;;D;5,076.40;Yes;743237;2025-04-10;1;
710111;107258;226;BG 1983 - DV;2025-04-30 14:40:00;OMV EVRO DIZEL;43.39;7,940.37;1,323.39;00045463;0;0;                  ;SR;CELIJE;OMV EVRO DIZEL;183.000;7,940.37;0.00;0.00;1,323.39;RSD;8915369797;2025-04-30;YES;NO;117;OMV-RS;;;;D;8,200.70;Yes;744543;2025-04-30;1;
710111;107258;226;BG 1983 - DV;2025-05-07 07:01:00;OMV EVRO DIZEL;16.77;3,052.14;508.69;00047829;110058;110058;                  ;SR;ADA CIGANLIJA;OMV EVRO DIZEL;182.000;3,052.14;0.00;0.00;508.69;RSD;8915372197;2025-05-15;YES;NO;217;OMV-RS;;;;D;3,152.80;Yes;770156;2025-05-07;1;
710111;107258;226;BG 1983 - DV;2025-05-13 06:38:00;ED MAXXMOTION;30.78;6,306.80;1,051.13;00057297;110612;110612;                  ;SR;BESKA 2;ED MAXXMOTION;204.899;6,306.80;0.00;0.00;1,051.13;RSD;8915372197;2025-05-15;YES;NO;217;OMV-RS;;;;D;0.00;No;763958;2025-05-13;1;
710111;107258;226;BG 1983 - DV;2025-05-16 06:41:00;OMV EVRO DIZEL;26.89;4,840.20;806.70;00054503;0;0;                  ;SR;ADA CIGANLIJA;OMV EVRO DIZEL;180.000;4,840.20;0.00;0.00;806.70;RSD;8915374857;2025-05-31;YES;NO;217;OMV-RS;;;;D;5,001.50;Yes;764220;2025-05-16;1;
710111;107258;226;BG 1983 - DV;2025-05-21 08:43:00;OMV EVRO DIZEL;38.09;6,894.29;1,149.05;00056548;0;0;                  ;SR;OBILAZNICA 1;OMV EVRO DIZEL;181.000;6,894.29;0.00;0.00;1,149.05;RSD;8915374857;2025-05-31;YES;NO;217;OMV-RS;;;;D;7,122.80;Yes;784426;2025-05-21;1;
710111;107258;226;BG 1983 - DV;2025-05-28 08:10:00;OMV EVRO DIZEL;38.54;6,975.74;1,162.62;00057522;112544;112544;                  ;SR;ADA CIGANLIJA;OMV EVRO DIZEL;181.000;6,975.74;0.00;0.00;1,162.62;RSD;8915374857;2025-05-31;YES;NO;217;OMV-RS;;;;D;7,207.00;Yes;781040;2025-05-28;1;
710111;107258;226;BG 1983 - DV;2025-05-30 06:35:00;OMV EVRO DIZEL;19.79;3,581.99;597.00;00061679;0;0;                  ;SR;ADA CIGANLIJA;OMV EVRO DIZEL;181.000;3,581.99;0.00;0.00;597.00;RSD;8915374857;2025-05-31;YES;NO;217;OMV-RS;;;;D;3,700.70;Yes;763606;2025-05-30;1;
710111;107258;226;BG 1983 - DV;2025-06-03 07:30:00;OMV EVRO DIZEL;26.81;4,852.61;808.77;00061285;113379;113379;                  ;SR;ADA CIGANLIJA;OMV EVRO DIZEL;181.000;4,852.61;0.00;0.00;808.77;RSD;8915377281;2025-06-15;YES;NO;217;OMV-RS;;;;D;5,013.50;Yes;773103;2025-06-03;1;
710111;107258;226;BG 1983 - DV;2025-06-04 16:46:00;OMV EVRO DIZEL;33.30;6,027.30;1,004.55;00042773;113868;113868;                  ;SR;LESKOVAC;OMV EVRO DIZEL;181.000;6,027.30;0.00;0.00;1,004.55;RSD;8915377281;2025-06-15;YES;NO;117;OMV-RS;;;;D;6,227.10;Yes;764703;2025-06-04;1;
710111;107258;226;BG 1983 - DV;2025-06-06 10:03:00;OMV EVRO DIZEL;18.98;3,435.38;572.56;00083536;114175;114175;                  ;SR;BUBANJ POTOK;OMV EVRO DIZEL;181.000;3,435.38;0.00;0.00;572.56;RSD;8915377281;2025-06-15;YES;NO;217;OMV-RS;;;;D;3,549.30;Yes;700332;2025-06-06;1;
710111;107258;226;BG 1983 - DV;2025-06-11 14:05:00;OMV EVRO DIZEL;25.22;4,564.82;760.80;00079900;114643;114643;                  ;SR;BESKA 1;OMV EVRO DIZEL;181.000;4,564.82;0.00;0.00;760.80;RSD;8915377281;2025-06-15;YES;NO;217;OMV-RS;;;;D;4,716.10;Yes;740527;2025-06-11;1;
710111;107258;226;BG 1983 - DV;2025-06-20 07:35:00;OMV EVRO DIZEL;30.43;5,568.69;928.11;00073568;115265;115265;                  ;SR;ADA CIGANLIJA;OMV EVRO DIZEL;183.000;5,568.69;0.00;0.00;928.11;RSD;8915379951;2025-06-30;YES;NO;217;OMV-RS;;;;D;5,751.30;Yes;773545;2025-06-20;1;
710111;107258;226;BG 1983 - DV;2025-06-24 09:08:00;OMV EVRO DIZEL;25.52;4,746.72;791.12;00027203;115685;115685;                  ;SR;ALEKSINAC;OMV EVRO DIZEL;186.000;4,746.72;0.00;0.00;791.12;RSD;8915379951;2025-06-30;YES;NO;217;OMV-RS;;;;D;4,899.80;Yes;790820;2025-06-24;1;
710111;107258;226;BG 1983 - DV;2025-06-30 09:45:00;OMV EVRO DIZEL;30.00;5,640.00;940.00;00075050;116129;116129;                  ;SR;ZRENJANIN 2;OMV EVRO DIZEL;188.000;5,640.00;0.00;0.00;940.00;RSD;8915379951;2025-06-30;YES;NO;117;OMV-RS;;;;D;5,820.00;Yes;794517;2025-06-30;1;
710111;107258;226;BG 1983 - DV;2025-07-02 10:05:00;OMV EVRO DIZEL;18.69;3,513.72;585.62;00012352;116450;116450;                  ;SR;BACKA TOPOLA 2;OMV EVRO DIZEL;188.000;3,513.72;0.00;0.00;585.62;RSD;8915382357;2025-07-15;YES;NO;217;OMV-RS;;;;D;3,625.90;Yes;700632;2025-07-02;1;
710111;107258;226;BG 1983 - DV;2025-07-03 08:51:00;OMV EVRO DIZEL;20.52;3,857.76;642.96;00103350;116759;116759;                  ;SR;BUBANJ POTOK;OMV EVRO DIZEL;188.000;3,857.76;0.00;0.00;642.96;RSD;8915382357;2025-07-15;YES;NO;217;OMV-RS;;;;D;3,980.90;Yes;785144;2025-07-03;1;
710111;107258;226;BG 1983 - DV;2025-07-09 09:22:00;OMV EVRO DIZEL;27.56;5,181.28;863.55;00083170;117323;117323;                  ;SR;ADA CIGANLIJA;OMV EVRO DIZEL;188.000;5,181.28;0.00;0.00;863.55;RSD;8915382357;2025-07-15;YES;NO;217;OMV-RS;;;;D;5,346.60;Yes;792229;2025-07-09;1;
710111;107258;226;BG 1983 - DV;2025-07-10 14:14:00;OMV EVRO DIZEL;28.45;5,348.60;891.43;00010535;117800;117800;                  ;SR;DOLJEVAC;OMV EVRO DIZEL;188.000;5,348.60;0.00;0.00;891.43;RSD;8915382357;2025-07-15;YES;NO;217;OMV-RS;;;;D;5,519.30;Yes;741433;2025-07-10;1;
710111;107258;226;BG 1983 - DV;2025-07-11 13:10:00;OMV EVRO DIZEL;32.32;6,076.16;1,012.69;00006297;118240;118240;                  ;SR;BACKA TOPOLA;OMV EVRO DIZEL;188.000;6,076.16;0.00;0.00;1,012.69;RSD;8915382357;2025-07-15;YES;NO;217;OMV-RS;;;;D;6,270.10;Yes;731023;2025-07-11;1;
710111;107258;226;BG 1983 - DV;2025-07-16 08:43:00;OMV EVRO DIZEL;27.00;5,130.00;855.00;00094718;118736;118736;                  ;SR;BESKA 2;OMV EVRO DIZEL;190.000;5,130.00;0.00;0.00;855.00;RSD;8915385043;2025-07-31;YES;NO;217;OMV-RS;;;;D;5,292.00;Yes;784422;2025-07-16;1;
710111;107258;226;BG 1983 - DV;2025-07-18 07:25:00;OMV EVRO DIZEL;29.68;5,639.20;939.87;00003610;0;0;                  ;SR;LAPOVO JUG;OMV EVRO DIZEL;190.000;5,639.20;0.00;0.00;939.87;RSD;8915385043;2025-07-31;YES;NO;217;OMV-RS;;;;D;5,817.30;Yes;772520;2025-07-18;1;
710111;107258;226;BG 1983 - DV;2025-07-30 09:44:00;OMV EVRO DIZEL;33.96;6,452.40;1,075.40;00064077;119759;119759;                  ;SR;ZRENJANIN 3;OMV EVRO DIZEL;190.000;6,452.40;0.00;0.00;1,075.40;RSD;8915385043;2025-07-31;YES;NO;117;OMV-RS;;;;D;6,656.20;Yes;794457;2025-07-30;1;
710111;107258;226;BG 1983 - DV;2025-07-31 14:42:00;OMV EVRO DIZEL;32.26;6,129.40;1,021.57;00064027;120339;120339;                  ;SR;RAZANJ;OMV EVRO DIZEL;190.000;6,129.40;0.00;0.00;1,021.57;RSD;8915385043;2025-07-31;YES;NO;217;OMV-RS;;;;D;6,323.00;Yes;744304;2025-07-31;1;
710111;107258;226;BG 1983 - DV;2025-08-13 08:54:00;OMV EVRO DIZEL;31.56;5,870.16;978.36;00055925;120860;120860;                  ;SR;BUBANJ POTOK;OMV EVRO DIZEL;186.000;5,870.16;0.00;0.00;978.36;RSD;8915387463;2025-08-15;YES;NO;217;OMV-RS;;;;D;6,091.10;Yes;785458;2025-08-13;1;
710111;107258;226;BG 1983 - DV;2025-08-19 08:58:00;OMV EVRO DIZEL;29.25;5,411.25;901.87;00150766;121352;121352;                  ;SR;ALEKSINAC;OMV EVRO DIZEL;185.000;5,411.25;0.00;0.00;901.87;RSD;8915390137;2025-08-31;YES;NO;217;OMV-RS;;;;D;5,616.00;Yes;785820;2025-08-19;1;
710111;107258;226;BG 1983 - DV;2025-08-27 09:26:00;OMV EVRO DIZEL;35.86;6,634.10;1,105.68;00104101;121958;121958;                  ;SR;ADA CIGANLIJA;OMV EVRO DIZEL;185.000;6,634.10;0.00;0.00;1,105.68;RSD;8915390137;2025-08-31;YES;NO;217;OMV-RS;;;;D;6,885.10;Yes;792630;2025-08-27;1;
710111;107258;226;BG 1983 - DV;2025-09-03 07:23:00;OMV EVRO DIZEL;17.83;3,316.38;552.73;00112726;122261;122261;                  ;SR;ADA CIGANLIJA;OMV EVRO DIZEL;186.000;3,316.38;0.00;0.00;552.73;RSD;8915392542;2025-09-15;YES;NO;217;OMV-RS;;;;D;3,441.20;Yes;772409;2025-09-03;1;
710111;107258;226;BG 1983 - DV;2025-09-09 07:53:00;OMV EVRO DIZEL;36.47;6,819.89;1,136.65;00151554;122889;122889;                  ;SR;BUBANJ POTOK;OMV EVRO DIZEL;187.000;6,819.89;0.00;0.00;1,136.65;RSD;8915392542;2025-09-15;YES;NO;217;OMV-RS;;;;D;7,075.20;Yes;775331;2025-09-09;1;
710111;107258;226;BG 1983 - DV;2025-09-17 20:23:00;OMV EVRO DIZEL;41.16;7,696.92;1,282.82;00115452;0;0;                  ;SR;JURIJA GAGARINA;OMV EVRO DIZEL;187.000;7,696.92;0.00;0.00;1,282.82;RSD;8915395222;2025-09-30;YES;NO;217;OMV-RS;;;;D;7,985.00;Yes;702407;2025-09-17;1;
710111;107258;226;BG 1983 - DV;2025-09-30 06:31:00;OMV EVRO DIZEL;39.70;7,463.60;1,243.93;00120820;0;0;                  ;SR;JURIJA GAGARINA;OMV EVRO DIZEL;188.000;7,463.60;0.00;0.00;1,243.93;RSD;8915395222;2025-09-30;YES;NO;217;OMV-RS;;;;D;7,741.50;Yes;763156;2025-09-30;1;
710111;107258;36;BG 1563 - MC;2024-01-26 11:13:00;OMV EVRO DIZEL;61.19;11,350.75;1,891.79;00404094;345912;345912;                  ;SR;BESKA 2;OMV EVRO DIZEL;185.500;11,350.75;0.00;0.00;1,891.79;RSD;8914354763;2024-01-31;YES;NO;217;OMV-RS;;;;D;11,993.20;Yes;711356;2024-01-26;1;
710111;107258;36;BG 1563 - MC;2024-03-28 11:52:00;OMV EVRO DIZEL;62.92;11,923.34;1,987.22;00407234;346370;346370;                  ;SR;LAPOVO JUG;OMV EVRO DIZEL;189.500;11,923.34;0.00;0.00;1,987.22;RSD;8914364543;2024-03-31;YES;NO;217;OMV-RS;;;;D;12,646.90;Yes;715238;2024-03-28;1;
710111;107258;36;BG 1563 - MC;2024-04-15 08:44:00;OMV EVRO DIZEL;61.26;11,761.92;1,960.32;00430957;0;0;                  ;SR;ADA CIGANLIJA;OMV EVRO DIZEL;192.000;11,761.92;0.00;0.00;1,960.32;RSD;8914366835;2024-04-15;YES;NO;217;OMV-RS;;;;D;12,619.60;Yes;785010;2024-04-15;1;
710111;107258;36;BG 1563 - MC;2024-04-16 13:39:00;OMV EVRO DIZEL;68.09;13,073.28;2,178.88;00243586;0;0;                  ;SR;PARTIZANSKI PUT;OMV EVRO DIZEL;192.000;13,073.28;0.00;0.00;2,178.88;RSD;8914369474;2024-04-30;YES;NO;217;OMV-RS;;;;D;14,026.50;Yes;733933;2024-04-16;1;
710111;107258;36;BG 1563 - MC;2024-05-09 08:35:00;OMV EVRO DIZEL;71.00;13,596.50;2,266.08;00120916;0;0;                  ;SR;NOVI SAD;OMV EVRO DIZEL;191.500;13,596.50;0.00;0.00;2,266.08;RSD;8914371718;2024-05-15;YES;NO;217;OMV-RS;;;;D;14,555.00;Yes;783515;2024-05-09;1;
710111;107258;36;BG 1563 - MC;2024-05-27 08:01:00;OMV EVRO DIZEL;60.80;11,400.00;1,900.00;00052391;0;0;                  ;SR;BUBANJ POTOK;OMV EVRO DIZEL;187.500;11,400.00;0.00;0.00;1,900.00;RSD;8914374363;2024-05-31;YES;NO;217;OMV-RS;;;;D;12,220.80;Yes;780117;2024-05-27;1;
710111;107258;36;BG 1563 - MC;2024-06-15 05:59:00;OMV EVRO DIZEL;49.81;9,339.38;1,556.56;00211447;0;0;                  ;SR;PANCEVO 1;OMV EVRO DIZEL;187.500;9,339.38;0.00;0.00;1,556.56;RSD;8914376641;2024-06-15;YES;NO;117;OMV-RS;;;;D;10,011.80;Yes;755947;2024-06-15;1;
710111;107258;36;BG 1563 - MC;2024-06-17 14:39:00;OMV EVRO DIZEL;49.26;9,236.25;1,539.37;00192032;0;0;                  ;SR;LAPOVO SEVER;OMV EVRO DIZEL;187.500;9,236.25;0.00;0.00;1,539.37;RSD;8914379249;2024-06-30;YES;NO;217;OMV-RS;;;;D;9,901.30;Yes;744707;2024-06-17;1;
710111;107258;36;BG 1563 - MC;2024-07-01 11:41:00;OMV EVRO DIZEL;63.61;12,244.93;2,040.82;00183814;0;0;                  ;SR;LAPOVO JUG;OMV EVRO DIZEL;192.500;12,244.93;0.00;0.00;2,040.82;RSD;8914381538;2024-07-15;YES;NO;217;OMV-RS;;;;D;13,040.10;Yes;714124;2024-07-01;1;
710111;107258;36;BG 1563 - MC;2024-07-03 11:58:00;OMV EVRO DIZEL;68.33;13,290.19;2,215.03;00424069;0;0;                  ;SR;BUBANJ POTOK;OMV EVRO DIZEL;194.500;13,290.19;0.00;0.00;2,215.03;RSD;8914381538;2024-07-15;YES;NO;217;OMV-RS;;;;D;14,007.70;Yes;715807;2024-07-03;1;
710111;107258;36;BG 1563 - MC;2024-07-15 10:27:00;OMV EVRO DIZEL;69.58;13,498.52;2,249.75;00432378;0;0;                  ;SR;BUBANJ POTOK;OMV EVRO DIZEL;194.000;13,498.52;0.00;0.00;2,249.75;RSD;8914381538;2024-07-15;YES;NO;217;OMV-RS;;;;D;14,472.60;Yes;702717;2024-07-15;1;
710111;107258;36;BG 1563 - MC;2024-11-07 10:57:00;OMV EVRO DIZEL;49.98;9,246.30;1,541.05;00506725;351397;351397;                  ;SR;BUBANJ POTOK;OMV EVRO DIZEL;185.000;9,246.30;0.00;0.00;1,541.05;RSD;8914401397;2024-11-15;YES;NO;217;OMV-RS;;;;D;9,596.20;Yes;705803;2024-11-07;1;
710111;107258;36;BG 1563 - MC;2024-12-19 06:08:00;OMV EVRO DIZEL;73.03;13,802.67;2,300.44;00388633;0;0;                  ;SR;PANCEVO 1;OMV EVRO DIZEL;189.000;13,802.67;0.00;0.00;2,300.44;RSD;8914409008;2024-12-31;YES;NO;117;OMV-RS;;;;D;14,313.90;Yes;760842;2024-12-19;1;
710111;107258;36;BG 1563 - MC;2025-02-26 14:11:00;OMV EVRO DIZEL;45.58;9,116.00;1,519.33;00021993;352512;352512;                  ;SR;KRUSEVAC;OMV EVRO DIZEL;200.000;9,116.00;0.00;0.00;1,519.33;RSD;8915359791;2025-02-28;YES;NO;117;OMV-RS;;;;D;9,298.30;Yes;741422;2025-02-26;1;
710111;107258;36;BG 1563 - MC;2025-03-29 11:56:00;OMV EVRO DIZEL;51.03;9,695.70;1,615.95;00030505;0;0;                  ;SR;ADA CIGANLIJA;OMV EVRO DIZEL;190.000;9,695.70;0.00;0.00;1,615.95;RSD;8915364775;2025-03-31;YES;NO;217;OMV-RS;;;;D;10,001.90;Yes;720027;2025-03-29;1;
710111;107258;36;BG 1563 - MC;2025-04-25 12:55:00;OMV EVRO DIZEL;72.82;13,326.06;2,221.01;00039855;354110;354110;                  ;SR;LAPOVO JUG;OMV EVRO DIZEL;183.000;13,326.06;0.00;0.00;2,221.01;RSD;8915369797;2025-04-30;YES;NO;217;OMV-RS;;;;D;13,763.00;Yes;725550;2025-04-25;1;
710111;107258;36;BG 1563 - MC;2025-07-18 09:56:00;OMV EVRO DIZEL;66.08;12,555.20;2,092.53;00114621;0;0;                  ;SR;ALEKSINAC;OMV EVRO DIZEL;190.000;12,555.20;0.00;0.00;2,092.53;RSD;8915385043;2025-07-31;YES;NO;217;OMV-RS;;;;D;12,951.70;Yes;795645;2025-07-18;1;
710111;107258;36;BG 1563 - MC;2025-07-19 12:00:00;OMV EVRO DIZEL;45.91;8,768.81;1,461.47;00040183;0;0;                  ;SR;RAZANJ;OMV EVRO DIZEL;191.000;8,768.81;0.00;0.00;1,461.47;RSD;8915385043;2025-07-31;YES;NO;217;OMV-RS;;;;D;9,044.30;Yes;720059;2025-07-19;1;
710111;107258;36;BG 1563 - MC;2025-08-01 16:21:00;OMV EVRO DIZEL;48.25;9,167.50;1,527.92;00085041;0;0;                  ;SR;RAZANJ;OMV EVRO DIZEL;190.000;9,167.50;0.00;0.00;1,527.92;RSD;8915387463;2025-08-15;YES;NO;217;OMV-RS;;;;D;9,457.00;Yes;762117;2025-08-01;1;
710111;107258;36;BG 1563 - MC;2025-08-12 06:40:00;OMV EVRO DIZEL;47.19;8,777.34;1,462.89;00131344;0;0;                  ;SR;BUBANJ POTOK;OMV EVRO DIZEL;186.000;8,777.34;0.00;0.00;1,462.89;RSD;8915387463;2025-08-15;YES;NO;217;OMV-RS;;;;D;9,107.70;Yes;764025;2025-08-12;1;
710111;107258;36;BG 1563 - MC;2025-08-15 16:14:00;OMV EVRO DIZEL;53.00;9,805.00;1,634.17;00015484;0;0;                  ;SR;DOLJEVAC;OMV EVRO DIZEL;185.000;9,805.00;0.00;0.00;1,634.17;RSD;8915387463;2025-08-15;YES;NO;217;OMV-RS;;;;D;10,176.00;Yes;761442;2025-08-15;1;
710111;107258;36;BG 1563 - MC;2025-09-05 08:25:00;OMV EVRO DIZEL;31.10;5,784.60;964.10;00139702;0;0;                  ;SR;LAPOVO JUG;OMV EVRO DIZEL;186.000;5,784.60;0.00;0.00;964.10;RSD;8915392542;2025-09-15;YES;NO;217;OMV-RS;;;;D;6,002.30;Yes;782514;2025-09-05;1;
710111;107258;36;BG 1563 - MC;2025-09-17 12:51:00;OMV EVRO DIZEL;72.17;13,495.79;2,249.30;00119467;0;0;                  ;SR;ADA CIGANLIJA;OMV EVRO DIZEL;187.000;13,495.79;0.00;0.00;2,249.30;RSD;8915395222;2025-09-30;YES;NO;217;OMV-RS;;;;D;14,001.00;Yes;725119;2025-09-17;1;
710111;107258;333;BG 1498 - HH;2025-10-07 08:02:00;OMV EVRO DIZEL;30.75;5,781.00;963.50;00056841;151420;151420;                  ;SR;BESKA 2;OMV EVRO DIZEL;188.000;5,781.00;0.00;0.00;963.50;RSD;8915397668;2025-10-15;YES;NO;217;OMV-RS;;;;D;5,996.30;Yes;780216;2025-10-07;1;
710111;107258;333;BG 1498 - HH;2025-10-10 08:39:00;OMV EVRO DIZEL;44.31;8,330.28;1,388.38;00057399;151865;151865;                  ;SR;BESKA 2;OMV EVRO DIZEL;188.000;8,330.28;0.00;0.00;1,388.38;RSD;8915397668;2025-10-15;YES;NO;217;OMV-RS;;;;D;8,640.50;Yes;783922;2025-10-10;1;
710111;107258;333;BG 1498 - HH;2025-10-14 09:05:00;OMV EVRO DIZEL;62.52;11,753.76;1,958.96;00165365;152515;152515;                  ;SR;BESKA 2;OMV EVRO DIZEL;188.000;11,753.76;0.00;0.00;1,958.96;RSD;8915397668;2025-10-15;YES;NO;217;OMV-RS;;;;D;12,128.90;Yes;790533;2025-10-14;1;
710111;107258;333;BG 1498 - HH;2025-10-17 08:02:00;OMV EVRO DIZEL;23.84;4,481.92;746.99;00167223;152765;152765;                  ;SR;BESKA 2;OMV EVRO DIZEL;188.000;4,481.92;0.00;0.00;746.99;RSD;8915400359;2025-10-31;YES;NO;217;OMV-RS;;;;D;4,625.00;Yes;780315;2025-10-17;1;
710111;107258;333;BG 1498 - HH;2025-10-21 07:56:00;OMV EVRO DIZEL;43.74;8,135.64;1,355.94;00169981;153156;153156;                  ;SR;BESKA 2;OMV EVRO DIZEL;186.000;8,135.64;0.00;0.00;1,355.94;RSD;8915400359;2025-10-31;YES;NO;217;OMV-RS;;;;D;8,398.10;Yes;775651;2025-10-21;1;
710111;107258;333;BG 1498 - HH;2025-10-22 08:41:00;OMV EVRO DIZEL;48.29;8,981.94;1,496.99;00166891;153605;153605;                  ;SR;LAPOVO JUG;OMV EVRO DIZEL;186.000;8,981.94;0.00;0.00;1,496.99;RSD;8915400359;2025-10-31;YES;NO;217;OMV-RS;;;;D;9,271.70;Yes;784233;2025-10-22;1;
710111;107258;333;BG 1498 - HH;2025-10-23 07:44:00;OMV EVRO DIZEL;29.62;5,509.32;918.22;00167297;153887;153887;                  ;SR;LAPOVO JUG;OMV EVRO DIZEL;186.000;5,509.32;0.00;0.00;918.22;RSD;8915400359;2025-10-31;YES;NO;217;OMV-RS;;;;D;5,687.00;Yes;774525;2025-10-23;1;
710111;107258;333;BG 1498 - HH;2025-10-25 08:13:00;OMV EVRO DIZEL;38.75;7,265.63;1,210.94;00168813;154275;154275;                  ;SR;LAPOVO JUG;OMV EVRO DIZEL;187.500;7,265.63;0.00;0.00;1,210.94;RSD;8915400359;2025-10-31;YES;NO;217;OMV-RS;;;;D;7,478.80;Yes;781432;2025-10-25;1;
710111;107258;333;BG 1498 - HH;2025-10-28 08:53:00;OMV EVRO DIZEL;32.40;6,075.00;1,012.50;00170581;154584;154584;                  ;SR;LAPOVO JUG;OMV EVRO DIZEL;187.500;6,075.00;0.00;0.00;1,012.50;RSD;8915400359;2025-10-31;YES;NO;217;OMV-RS;;;;D;6,253.20;Yes;785401;2025-10-28;1;
710111;107258;333;BG 1498 - HH;2025-10-30 10:02:00;OMV EVRO DIZEL;32.26;6,048.75;1,008.12;00105009;154896;154896;                  ;SR;LAPOVO JUG;OMV EVRO DIZEL;187.500;6,048.75;0.00;0.00;1,008.12;RSD;8915400359;2025-10-31;YES;NO;217;OMV-RS;;;;D;6,226.20;Yes;700340;2025-10-30;1;
710111;107258;333;BG 1498 - HH;2025-10-31 08:41:00;OMV EVRO DIZEL;32.41;6,076.88;1,012.81;00149575;155210;155210;                  ;SR;BACKA TOPOLA 2;OMV EVRO DIZEL;187.500;6,076.88;0.00;0.00;1,012.81;RSD;8915400359;2025-10-31;YES;NO;217;OMV-RS;;;;D;6,255.10;Yes;784406;2025-10-31;1;
710111;107258;333;BG 1498 - HH;2025-11-05 08:19:00;OMV EVRO DIZEL;60.16;11,460.48;1,910.08;00059283;155766;155766;                  ;SR;GORNJI MILANOVAC;OMV EVRO DIZEL;190.500;11,460.48;0.00;0.00;1,910.08;RSD;8915402843;2025-11-15;YES;NO;117;OMV-RS;;;;D;11,791.40;Yes;781920;2025-11-05;1;
710111;107258;333;BG 1498 - HH;2025-11-27 08:27:00;OMV EVRO DIZEL;37.01;7,402.00;1,233.67;00192676;156100;156100;                  ;SR;BESKA 2;OMV EVRO DIZEL;200.000;7,402.00;0.00;0.00;1,233.67;RSD;8915405535;2025-11-30;YES;NO;217;OMV-RS;;;;D;7,550.04;Yes;782756;2025-11-27;1;
710111;107258;333;BG 1498 - HH;2025-12-12 09:08:00;OMV EVRO DIZEL;66.23;12,716.16;2,119.36;00052283;156738;156738;                  ;SR;ZRENJANIN 2;OMV EVRO DIZEL;192.000;12,716.16;0.00;0.00;2,119.36;RSD;8915408077;2025-12-15;YES;NO;117;OMV-RS;;;;D;13,113.54;Yes;790816;2025-12-12;1;
710111;107258;333;BG 1498 - HH;2025-12-16 07:50:00;OMV EVRO DIZEL;24.97;4,794.24;799.04;00072737;156999;156999;                  ;SR;BESKA 2;OMV EVRO DIZEL;192.000;4,794.24;0.00;0.00;799.04;RSD;8915410794;2025-12-31;YES;NO;217;OMV-RS;;;;D;4,944.06;Yes;775028;2025-12-16;1;
710111;107258;333;BG 1498 - HH;2025-12-24 13:48:00;OMV EVRO DIZEL;76.53;14,502.44;2,417.07;00165953;157744;157744;                  ;SR;ADA CIGANLIJA;OMV EVRO DIZEL;189.500;14,502.44;0.00;0.00;2,417.07;RSD;8915410794;2025-12-31;YES;NO;217;OMV-RS;;;;D;14,999.88;Yes;734820;2025-12-24;1;
710111;107258;333;BG 1498 - HH;2026-01-15 07:57:00;OMV EVRO DIZEL;38.54;7,110.63;1,185.10;00221532;158076;158076;                  ;SR;BESKA 2;OMV EVRO DIZEL;184.500;7,110.63;0.00;0.00;1,185.10;RSD;8916351914;2026-01-15;YES;NO;217;OMV-RS;;;;D;7,361.14;Yes;775733;2026-01-15;1;
710111;107258;333;BG 1498 - HH;2026-02-25 10:25:00;OMV EVRO DIZEL;75.76;14,470.16;2,411.69;00103791;158865;158865;                  ;SR;JURIJA GAGARINA;OMV EVRO DIZEL;191.000;14,470.16;0.00;0.00;2,411.69;RSD;8916360516;2026-02-28;YES;NO;217;OMV-RS;;;;D;15,000.48;Yes;702558;2026-02-25;1;
710111;107258;333;BG 1498 - HH;2026-03-03 11:41:00;OMV EVRO DIZEL;43.81;8,455.33;1,409.22;00171760;159284;159284;                  ;SR;SMEDEREVSKA PALANKA;OMV EVRO DIZEL;193.000;8,455.33;0.00;0.00;1,409.22;RSD;8916363465;2026-03-15;YES;NO;117;OMV-RS;;;;D;8,762.00;Yes;714133;2026-03-03;1;
710111;107258;333;BG 1498 - HH;2026-03-13 08:09:00;OMV EVRO DIZEL;67.17;13,635.51;2,272.58;00252213;159975;159975;                  ;SR;BESKA 2;OMV EVRO DIZEL;203.000;13,635.51;0.00;0.00;2,272.58;RSD;8916366460;2026-03-31;YES;NO;217;OMV-RS;;;;D;13,635.51;Yes;780948;2026-03-13;1;
710111;107258;333;BG 1498 - HH;2026-03-19 09:26:00;OMV EVRO DIZEL;43.59;9,066.72;1,511.12;00178479;160407;160407;                  ;SR;SMEDEREVSKA PALANKA;OMV EVRO DIZEL;208.000;9,066.72;0.00;0.00;1,511.12;RSD;8916366460;2026-03-31;YES;NO;117;OMV-RS;;;;D;9,066.72;Yes;792632;2026-03-19;1;
710111;107258;333;BG 1498 - HH;2026-03-31 09:54:00;OMV EVRO DIZEL;45.58;9,708.54;1,618.09;00183216;160902;160902;                  ;SR;SMEDEREVSKA PALANKA;OMV EVRO DIZEL;213.000;9,708.54;0.00;0.00;1,618.09;RSD;8916366460;2026-03-31;YES;NO;117;OMV-RS;;;;D;9,708.54;Yes;795440;2026-03-31;1;
710111;107258;333;BG 1498 - HH;2026-04-07 15:15:00;OMV EVRO DIZEL;62.11;13,291.54;2,215.26;00107860;161550;161550;                  ;SR;JURIJA GAGARINA;OMV EVRO DIZEL;214.000;13,291.54;0.00;0.00;2,215.26;RSD;8916369392;2026-04-09;YES;NO;217;OMV-RS;;;;D;13,291.54;Yes;751604;2026-04-07;1;
710111;107258;333;BG 1498 - HH;2026-04-14 07:42:00;OMV EVRO DIZEL;45.44;9,860.48;1,643.41;00099471;162033;162033;                  ;SR;BESKA 2;OMV EVRO DIZEL;217.000;9,860.48;0.00;0.00;1,643.41;RSD;8916372386;2026-04-30;YES;NO;217;OMV-RS;;;;D;9,860.48;Yes;774223;2026-04-14;1;
710111;107258;333;BG 1498 - HH;2026-04-16 12:14:00;OMV EVRO DIZEL;35.54;7,712.18;1,285.36;00189860;162400;162400;                  ;SR;SMEDEREVSKA PALANKA;OMV EVRO DIZEL;217.000;7,712.18;0.00;0.00;1,285.36;RSD;8916372386;2026-04-30;YES;NO;117;OMV-RS;;;;D;7,712.18;Yes;721413;2026-04-16;1;
710111;107258;333;BG 1498 - HH;2026-04-27 11:37:00;OMV EVRO DIZEL;68.49;14,999.31;2,499.88;00221068;163137;163137;                  ;SR;VRBAS;OMV EVRO DIZEL;219.000;14,999.31;0.00;0.00;2,499.88;RSD;8916372386;2026-04-30;YES;NO;117;OMV-RS;;;;D;14,999.31;Yes;713813;2026-04-27;1;
710111;107258;333;BG 1498 - HH;2026-04-29 08:06:00;OMV EVRO DIZEL;55.16;12,080.04;2,013.34;00103836;163668;163668;                  ;SR;BESKA 2;OMV EVRO DIZEL;219.000;12,080.04;0.00;0.00;2,013.34;RSD;8916372386;2026-04-30;YES;NO;217;OMV-RS;;;;D;12,080.04;Yes;780645;2026-04-29;1;
710111;107258;333;BG 1498 - HH;2026-05-06 11:09:00;OMV EVRO DIZEL;56.01;12,378.21;2,063.03;00084276;164253;164253;                  ;SR;BESKA 1;OMV EVRO DIZEL;221.000;12,378.21;0.00;0.00;2,063.03;RSD;8916375402;2026-05-15;YES;NO;217;OMV-RS;;;;D;12,378.21;Yes;711006;2026-05-06;1;
710111;107258;333;BG 1498 - HH;2026-05-09 09:56:00;OMV EVRO DIZEL;53.57;11,946.11;1,991.02;00154174;164798;164798;                  ;SR;LAPOVO JUG;OMV EVRO DIZEL;223.000;11,946.11;0.00;0.00;1,991.02;RSD;8916375402;2026-05-15;YES;NO;217;OMV-RS;;;;D;11,946.11;Yes;795710;2026-05-09;1;
710111;107258;333;BG 1498 - HH;2026-05-11 07:18:00;OMV EVRO DIZEL;31.59;7,044.57;1,174.09;00154579;165087;165087;                  ;SR;LAPOVO JUG;OMV EVRO DIZEL;223.000;7,044.57;0.00;0.00;1,174.09;RSD;8916375402;2026-05-15;YES;NO;217;OMV-RS;;;;D;7,044.57;Yes;772141;2026-05-11;1;
710111;107258;333;BG 1498 - HH;2026-05-12 11:22:00;OMV EVRO DIZEL;40.56;9,044.88;1,507.48;00085783;165505;165505;                  ;SR;BESKA 1;OMV EVRO DIZEL;223.000;9,044.88;0.00;0.00;1,507.48;RSD;8916375402;2026-05-15;YES;NO;217;OMV-RS;;;;D;9,044.88;Yes;712242;2026-05-12;1;
710111;107258;333;BG 1498 - HH;2026-05-14 08:44:00;OMV EVRO DIZEL;33.68;7,510.64;1,251.77;00155341;165828;165828;                  ;SR;LAPOVO JUG;OMV EVRO DIZEL;223.000;7,510.64;0.00;0.00;1,251.77;RSD;8916375402;2026-05-15;YES;NO;217;OMV-RS;;;;D;7,510.64;Yes;784728;2026-05-14;1;
710111;107258;333;BG 1498 - HH;2026-05-20 07:58:00;OMV EVRO DIZEL;29.76;6,532.32;1,088.72;00109447;166128;166128;                  ;SR;BESKA 2;OMV EVRO DIZEL;219.500;6,532.32;0.00;0.00;1,088.72;RSD;8916378386;2026-05-31;YES;NO;217;OMV-RS;;;;D;6,636.48;Yes;775834;2026-05-20;1;
710111;107258;333;BG 1498 - HH;2026-05-29 07:30:00;OMV EVRO DIZEL;38.39;8,503.39;1,417.23;00111803;166540;166540;                  ;SR;BESKA 2;OMV EVRO DIZEL;221.500;8,503.39;0.00;0.00;1,417.23;RSD;8916378386;2026-05-31;YES;NO;217;OMV-RS;;;;D;8,637.75;Yes;773059;2026-05-29;1;
710111;107258;333;BG 1498 - HH;2026-06-05 07:50:00;OMV EVRO DIZEL;41.00;8,958.50;1,493.08;00305309;166955;166955;                  ;SR;BESKA 2;OMV EVRO DIZEL;218.500;8,958.50;0.00;0.00;1,493.08;RSD;8916381034;2026-06-15;YES;NO;217;OMV-RS;;;;D;9,102.00;Yes;775016;2026-06-05;1;
710111;107258;333;BG 1498 - HH;2026-06-15 10:22:00;OMV EVRO DIZEL;30.34;6,523.10;1,087.18;00163749;167243;167243;                  ;SR;LAPOVO JUG;OMV EVRO DIZEL;215.000;6,523.10;0.00;0.00;1,087.18;RSD;8916381034;2026-06-15;YES;NO;217;OMV-RS;;;;D;6,674.80;Yes;702556;2026-06-15;1;
710111;107258;333;BG 1498 - HH;2026-06-16 12:26:00;OMV EVRO DIZEL;34.95;7,514.25;1,252.37;00185964;167652;167652;                  ;SR;LAPOVO SEVER;OMV EVRO DIZEL;215.000;7,514.25;0.00;0.00;1,252.37;RSD;8916383263;2026-06-21;YES;NO;217;OMV-RS;;;;D;7,689.00;Yes;722645;2026-06-16;1;
710111;107258;333;BG 1498 - HH;2026-06-17 08:55:00;OMV EVRO DIZEL;25.28;5,435.20;905.87;00065452;167880;167880;                  ;SR;LAPOVO JUG;OMV EVRO DIZEL;215.000;5,435.20;0.00;0.00;905.87;RSD;8916383263;2026-06-21;YES;NO;217;OMV-RS;;;;D;5,561.60;Yes;785912;2026-06-17;1;
710111;107258;333;BG 1498 - HH;2026-06-18 07:48:00;OMV EVRO DIZEL;21.80;4,687.00;781.17;00005247;168110;168110;                  ;SR;BESKA 2;OMV EVRO DIZEL;215.000;4,687.00;0.00;0.00;781.17;RSD;8916383263;2026-06-21;YES;NO;217;OMV-RS;;;;D;4,796.00;Yes;774907;2026-06-18;1;
710111;107258;333;BG 1498 - HH;2026-06-25 07:04:00;OMV EVRO DIZEL;68.20;14,390.20;2,398.37;00166125;168780;168780;                  ;SR;LAPOVO JUG;OMV EVRO DIZEL;211.000;14,390.20;0.00;0.00;2,398.37;RSD;8916386380;2026-06-28;YES;NO;217;OMV-RS;;;;D;14,799.40;Yes;770817;2026-06-25;1;
710111;107258;333;BG 1498 - HH;2026-07-08 06:47:00;OMV EVRO DIZEL;67.84;14,449.92;2,408.32;00120864;169566;169566;                  ;SR;BESKA 2;OMV EVRO DIZEL;213.000;14,449.92;0.00;0.00;2,408.32;RSD;8916391266;2026-07-12;YES;NO;217;OMV-RS;;;;D;14,856.96;Yes;764758;2026-07-08;1;
710111;107258;333;BG 1498 - HH;2026-07-09 07:49:00;OMV EVRO DIZEL;49.24;10,488.12;1,748.02;00121089;169936;169936;                  ;SR;BESKA 2;OMV EVRO DIZEL;213.000;10,488.12;0.00;0.00;1,748.02;RSD;8916391266;2026-07-12;YES;NO;217;OMV-RS;;;;D;10,783.56;Yes;774948;2026-07-09;1;
710111;107258;333;BG 1498 - HH;2026-07-15 08:20:00;OMV EVRO DIZEL;30.51;6,559.65;1,093.27;00085178;170242;170242;                  ;SR;LAPOVO JUG;OMV EVRO DIZEL;215.000;6,559.65;0.00;0.00;1,093.27;RSD;8916393376;2026-07-15;YES;NO;217;OMV-RS;;;;D;6,712.20;Yes;782515;2026-07-15;1;
710111;107258;333;BG 1498 - HH;2026-07-27 13:20:00;OMV EVRO DIZEL;62.50;13,812.50;2,302.08;00289030;171060;171060;                  ;SR;JURIJA GAGARINA;OMV EVRO DIZEL;221.000;13,812.50;0.00;0.00;2,302.08;RSD;;;NO;NO;217;OMV-RS;;;;D;14,000.00;Yes;732110;2026-07-27;1;
710111;107258;333;BG 1498 - HH;2026-07-28 07:02:00;OMV EVRO DIZEL;24.69;5,481.18;913.53;00033921;171126;171126;                  ;SR;BESKA 2;OMV EVRO DIZEL;222.000;5,481.18;0.00;0.00;913.53;RSD;;;NO;NO;217;OMV-RS;;;;D;5,530.56;Yes;770254;2026-07-28;1;
710111;107258;333;BG 1498 - HH;2026-07-30 11:37:00;OMV EVRO DIZEL;53.30;11,939.20;;00187064;171671;171671;;SR;Beograd;OMV EVRO DIZEL;224.000;11,939.20;;;;RSD;;;NO;;0;OMV-RS;;;;D;0.00;;713747;2026-07-30;0;
710111;107258;473;BG 1200 - ZS;2025-10-02 09:33:00;OMV EVRO DIZEL;39.46;7,418.48;1,236.41;00114152;329224;329224;                  ;SR;KRAGUJEVAC ARS;OMV EVRO DIZEL;188.000;7,418.48;0.00;0.00;1,236.41;RSD;8915397668;2025-10-15;YES;NO;117;OMV-RS;;;;D;7,694.70;Yes;793402;2025-10-02;1;
710111;107258;473;BG 1200 - ZS;2025-10-07 12:38:00;OMV EVRO DIZEL;29.24;5,497.12;916.19;00116077;329685;329685;                  ;SR;KRAGUJEVAC ARS;OMV EVRO DIZEL;188.000;5,497.12;0.00;0.00;916.19;RSD;8915397668;2025-10-15;YES;NO;117;OMV-RS;;;;D;5,701.80;Yes;723911;2025-10-07;1;
710111;107258;473;BG 1200 - ZS;2025-10-10 11:43:00;OMV EVRO DIZEL;27.32;5,136.16;856.03;00117372;330108;330108;                  ;SR;KRAGUJEVAC ARS;OMV EVRO DIZEL;188.000;5,136.16;0.00;0.00;856.03;RSD;8915397668;2025-10-15;YES;NO;117;OMV-RS;;;;D;5,327.40;Yes;714318;2025-10-10;1;
710111;107258;473;BG 1200 - ZS;2025-10-11 16:10:00;OMV EVRO DIZEL;26.83;5,044.04;840.67;00118047;330535;330535;                  ;SR;KRAGUJEVAC ARS;OMV EVRO DIZEL;188.000;5,044.04;0.00;0.00;840.67;RSD;8915397668;2025-10-15;YES;NO;117;OMV-RS;;;;D;5,205.00;Yes;761029;2025-10-11;1;
710111;107258;473;BG 1200 - ZS;2025-10-14 10:54:00;OMV EVRO DIZEL;41.64;7,828.32;1,304.72;00119200;331240;331240;                  ;SR;KRAGUJEVAC ARS;OMV EVRO DIZEL;188.000;7,828.32;0.00;0.00;1,304.72;RSD;8915397668;2025-10-15;YES;NO;117;OMV-RS;;;;D;8,078.20;Yes;705423;2025-10-14;1;
710111;107258;473;BG 1200 - ZS;2025-10-20 09:50:00;OMV EVRO DIZEL;36.10;6,714.60;1,119.10;00008093;331805;331805;                  ;SR;CELIJE;OMV EVRO DIZEL;186.000;6,714.60;0.00;0.00;1,119.10;RSD;8915400359;2025-10-31;YES;NO;117;OMV-RS;;;;D;6,931.20;Yes;795024;2025-10-20;1;
710111;107258;473;BG 1200 - ZS;2025-10-22 11:07:00;OMV EVRO DIZEL;45.07;8,383.02;1,397.17;00122491;332557;332557;                  ;SR;KRAGUJEVAC ARS;OMV EVRO DIZEL;186.000;8,383.02;0.00;0.00;1,397.17;RSD;8915400359;2025-10-31;YES;NO;117;OMV-RS;;;;D;8,653.40;Yes;710730;2025-10-22;1;
710111;107258;473;BG 1200 - ZS;2025-10-25 14:34:00;OMV EVRO DIZEL;34.35;6,440.63;1,073.44;00149028;333150;333150;                  ;SR;CELIJE;OMV EVRO DIZEL;187.500;6,440.63;0.00;0.00;1,073.44;RSD;8915400359;2025-10-31;YES;NO;117;OMV-RS;;;;D;6,629.60;Yes;743444;2025-10-25;1;
710111;107258;473;BG 1200 - ZS;2025-10-29 11:45:00;OMV EVRO DIZEL;28.41;5,326.88;887.81;00125626;333597;333597;                  ;SR;KRAGUJEVAC ARS;OMV EVRO DIZEL;187.500;5,326.88;0.00;0.00;887.81;RSD;8915400359;2025-10-31;YES;NO;117;OMV-RS;;;;D;5,483.10;Yes;714521;2025-10-29;1;
710111;107258;473;BG 1200 - ZS;2025-11-03 08:43:00;OMV EVRO DIZEL;45.09;8,589.65;1,431.61;00153903;334304;334304;                  ;SR;CELIJE;OMV EVRO DIZEL;190.500;8,589.65;0.00;0.00;1,431.61;RSD;8915402843;2025-11-15;YES;NO;117;OMV-RS;;;;D;8,837.60;Yes;784323;2025-11-03;1;
710111;107258;473;BG 1200 - ZS;2025-11-05 12:41:00;OMV EVRO DIZEL;33.17;6,318.89;1,053.15;00128910;334831;334831;                  ;SR;KRAGUJEVAC ARS;OMV EVRO DIZEL;190.500;6,318.89;0.00;0.00;1,053.15;RSD;8915402843;2025-11-15;YES;NO;117;OMV-RS;;;;D;6,501.30;Yes;724204;2025-11-05;1;
710111;107258;473;BG 1200 - ZS;2025-11-11 06:50:00;OMV EVRO DIZEL;40.89;7,932.66;1,322.11;00158079;335483;335483;                  ;SR;CELIJE;OMV EVRO DIZEL;194.000;7,932.66;0.00;0.00;1,322.11;RSD;8915402843;2025-11-15;YES;NO;117;OMV-RS;;;;D;8,096.20;Yes;765109;2025-11-11;1;
710111;107258;473;BG 1200 - ZS;2025-11-13 14:50:00;OMV EVRO DIZEL;28.89;5,604.66;934.11;00145298;335948;335948;                  ;SR;ADA CIGANLIJA;OMV EVRO DIZEL;194.000;5,604.66;0.00;0.00;934.11;RSD;8915402843;2025-11-15;YES;NO;217;OMV-RS;;;;D;5,720.20;Yes;745104;2025-11-13;1;
710111;107258;473;BG 1200 - ZS;2025-11-18 11:46:00;OMV EVRO DIZEL;31.41;6,187.77;1,031.29;00134620;336403;336403;                  ;SR;KRAGUJEVAC ARS;OMV EVRO DIZEL;197.000;6,187.77;0.00;0.00;1,031.29;RSD;8915405535;2025-11-30;YES;NO;117;OMV-RS;;;;D;6,313.40;Yes;714637;2025-11-18;1;
710111;107258;473;BG 1200 - ZS;2025-11-21 10:54:00;OMV EVRO DIZEL;45.47;8,957.59;1,492.93;00135888;337113;337113;                  ;SR;KRAGUJEVAC ARS;OMV EVRO DIZEL;197.000;8,957.59;0.00;0.00;1,492.93;RSD;8915405535;2025-11-30;YES;NO;117;OMV-RS;;;;D;9,139.50;Yes;705505;2025-11-21;1;
710111;107258;473;BG 1200 - ZS;2025-11-24 13:47:00;OMV EVRO DIZEL;38.61;7,722.00;1,287.00;00164760;337712;337712;                  ;SR;CELIJE;OMV EVRO DIZEL;200.000;7,722.00;0.00;0.00;1,287.00;RSD;8915405535;2025-11-30;YES;NO;117;OMV-RS;;;;D;7,876.44;Yes;734753;2025-11-24;1;
710111;107258;473;BG 1200 - ZS;2025-11-30 10:34:00;OMV EVRO DIZEL;46.59;9,178.23;1,529.70;00167709;338368;338368;                  ;SR;CELIJE;OMV EVRO DIZEL;197.000;9,178.23;0.00;0.00;1,529.70;RSD;8915405535;2025-11-30;YES;NO;117;OMV-RS;;;;D;9,364.59;Yes;703419;2025-11-30;1;
710111;107258;473;BG 1200 - ZS;2025-12-02 17:47:00;OMV EVRO DIZEL;42.37;8,346.89;1,391.15;00168830;339058;339058;                  ;SR;CELIJE;OMV EVRO DIZEL;197.000;8,346.89;0.00;0.00;1,391.15;RSD;8915408077;2025-12-15;YES;NO;117;OMV-RS;;;;D;8,516.37;Yes;774717;2025-12-02;1;
710111;107258;473;BG 1200 - ZS;2025-12-06 11:39:00;OMV EVRO DIZEL;39.11;7,587.34;1,264.56;00142345;339659;339659;                  ;SR;KRAGUJEVAC ARS;OMV EVRO DIZEL;194.000;7,587.34;0.00;0.00;1,264.56;RSD;8915408077;2025-12-15;YES;NO;117;OMV-RS;;;;D;7,743.78;Yes;713946;2025-12-06;1;
710111;107258;473;BG 1200 - ZS;2025-12-09 09:50:00;OMV EVRO DIZEL;30.10;5,839.40;973.23;00143666;340146;340146;                  ;SR;KRAGUJEVAC ARS;OMV EVRO DIZEL;194.000;5,839.40;0.00;0.00;973.23;RSD;8915408077;2025-12-15;YES;NO;117;OMV-RS;;;;D;5,959.80;Yes;795104;2025-12-09;1;
710111;107258;473;BG 1200 - ZS;2025-12-11 14:27:00;OMV EVRO DIZEL;30.39;5,834.88;972.48;00144803;340601;340601;                  ;SR;KRAGUJEVAC ARS;OMV EVRO DIZEL;192.000;5,834.88;0.00;0.00;972.48;RSD;8915408077;2025-12-15;YES;NO;117;OMV-RS;;;;D;6,017.22;Yes;742740;2025-12-11;1;
710111;107258;473;BG 1200 - ZS;2025-12-16 09:56:00;OMV EVRO DIZEL;38.64;7,418.88;1,236.48;00147002;341173;341173;                  ;SR;KRAGUJEVAC ARS;OMV EVRO DIZEL;192.000;7,418.88;0.00;0.00;1,236.48;RSD;8915410794;2025-12-31;YES;NO;117;OMV-RS;;;;D;7,650.72;Yes;795704;2025-12-16;1;
710111;107258;473;BG 1200 - ZS;2025-12-19 10:08:00;OMV EVRO DIZEL;30.96;5,928.84;988.14;00148395;341634;341634;                  ;SR;KRAGUJEVAC ARS;OMV EVRO DIZEL;191.500;5,928.84;0.00;0.00;988.14;RSD;8915410794;2025-12-31;YES;NO;117;OMV-RS;;;;D;6,130.08;Yes;700816;2025-12-19;1;
710111;107258;473;BG 1200 - ZS;2025-12-21 08:29:00;OMV EVRO DIZEL;33.37;6,323.62;1,053.94;00178169;342187;342187;                  ;SR;CELIJE;OMV EVRO DIZEL;189.500;6,323.62;0.00;0.00;1,053.94;RSD;8915410794;2025-12-31;YES;NO;117;OMV-RS;;;;D;6,540.52;Yes;782923;2025-12-21;1;
710111;107258;473;BG 1200 - ZS;2025-12-25 09:06:00;OMV EVRO DIZEL;31.79;6,024.21;1,004.03;00150994;342632;342632;                  ;SR;KRAGUJEVAC ARS;OMV EVRO DIZEL;189.500;6,024.21;0.00;0.00;1,004.03;RSD;8915410794;2025-12-31;YES;NO;117;OMV-RS;;;;D;6,230.84;Yes;790700;2025-12-25;1;
710111;107258;473;BG 1200 - ZS;2025-12-29 12:56:00;OMV EVRO DIZEL;36.09;6,766.88;1,127.81;00153012;343168;343168;                  ;SR;KRAGUJEVAC ARS;OMV EVRO DIZEL;187.500;6,766.88;0.00;0.00;1,127.81;RSD;8915410794;2025-12-31;YES;NO;117;OMV-RS;;;;D;7,001.46;Yes;725638;2025-12-29;1;
710111;107258;473;BG 1200 - ZS;2025-12-31 13:09:00;OMV EVRO DIZEL;30.68;5,752.50;958.75;00183578;343663;343663;                  ;SR;CELIJE;OMV EVRO DIZEL;187.500;5,752.50;0.00;0.00;958.75;RSD;8915410794;2025-12-31;YES;NO;117;OMV-RS;;;;D;5,951.92;Yes;731005;2025-12-31;1;
710111;107258;473;BG 1200 - ZS;2026-01-04 10:21:00;OMV EVRO DIZEL;27.84;5,192.16;865.36;00185697;344112;344112;                  ;SR;CELIJE;OMV EVRO DIZEL;186.500;5,192.16;0.00;0.00;865.36;RSD;8916351914;2026-01-15;YES;NO;117;OMV-RS;;;;D;5,373.12;Yes;702201;2026-01-04;1;
710111;107258;473;BG 1200 - ZS;2026-01-12 10:38:00;OMV EVRO DIZEL;41.90;7,730.55;1,288.42;00189425;344649;344649;                  ;SR;CELIJE;OMV EVRO DIZEL;184.500;7,730.55;0.00;0.00;1,288.42;RSD;8916351914;2026-01-15;YES;NO;117;OMV-RS;;;;D;8,002.90;Yes;703839;2026-01-12;1;
710111;107258;473;BG 1200 - ZS;2026-01-15 10:27:00;OMV EVRO DIZEL;32.54;6,003.63;1,000.60;00159558;345174;345174;                  ;SR;KRAGUJEVAC ARS;OMV EVRO DIZEL;184.500;6,003.63;0.00;0.00;1,000.60;RSD;8916351914;2026-01-15;YES;NO;117;OMV-RS;;;;D;6,215.14;Yes;702728;2026-01-15;1;
710111;107258;473;BG 1200 - ZS;2026-01-17 14:48:00;OMV EVRO DIZEL;30.21;5,603.96;933.99;00191853;345704;345704;                  ;SR;CELIJE;OMV EVRO DIZEL;185.500;5,603.96;0.00;0.00;933.99;RSD;8916354637;2026-01-31;YES;NO;117;OMV-RS;;;;D;5,800.32;Yes;744823;2026-01-17;1;
710111;107258;473;BG 1200 - ZS;2026-01-20 09:28:00;OMV EVRO DIZEL;35.38;6,562.99;1,093.83;00161899;346272;346272;                  ;SR;KRAGUJEVAC ARS;OMV EVRO DIZEL;185.500;6,562.99;0.00;0.00;1,093.83;RSD;8916354637;2026-01-31;YES;NO;117;OMV-RS;;;;D;6,792.96;Yes;792813;2026-01-20;1;
710111;107258;473;BG 1200 - ZS;2026-01-23 08:31:00;OMV EVRO DIZEL;30.89;5,730.10;955.02;00163209;346764;346764;                  ;SR;KRAGUJEVAC ARS;OMV EVRO DIZEL;185.500;5,730.10;0.00;0.00;955.02;RSD;8916354637;2026-01-31;YES;NO;117;OMV-RS;;;;D;5,930.88;Yes;783148;2026-01-23;1;
710111;107258;473;BG 1200 - ZS;2026-01-26 16:12:00;OMV EVRO DIZEL;38.40;7,161.60;1,193.60;00196011;347418;347418;                  ;SR;CELIJE;OMV EVRO DIZEL;186.500;7,161.60;0.00;0.00;1,193.60;RSD;8916354637;2026-01-31;YES;NO;117;OMV-RS;;;;D;7,411.20;Yes;761307;2026-01-26;1;
710111;107258;473;BG 1200 - ZS;2026-01-30 18:17:00;OMV EVRO DIZEL;31.52;5,878.48;979.75;00197864;347943;347943;                  ;SR;CELIJE;OMV EVRO DIZEL;186.500;5,878.48;0.00;0.00;979.75;RSD;8916354637;2026-01-31;YES;NO;117;OMV-RS;;;;D;6,083.36;Yes;781732;2026-01-30;1;
710111;107258;473;BG 1200 - ZS;2026-02-02 13:48:00;OMV EVRO DIZEL;33.52;6,251.48;1,041.91;00167588;348475;348475;                  ;SR;KRAGUJEVAC ARS;OMV EVRO DIZEL;186.500;6,251.48;0.00;0.00;1,041.91;RSD;8916357592;2026-02-15;YES;NO;117;OMV-RS;;;;D;6,469.36;Yes;734910;2026-02-02;1;
710111;107258;473;BG 1200 - ZS;2026-02-06 11:41:00;OMV EVRO DIZEL;39.73;7,409.65;1,234.94;00169212;349123;349123;                  ;SR;KRAGUJEVAC ARS;OMV EVRO DIZEL;186.500;7,409.65;0.00;0.00;1,234.94;RSD;8916357592;2026-02-15;YES;NO;117;OMV-RS;;;;D;7,667.89;Yes;714216;2026-02-06;1;
710111;107258;473;BG 1200 - ZS;2026-02-11 10:25:00;OMV EVRO DIZEL;44.01;8,339.90;1,389.98;00171096;349845;349845;                  ;SR;KRAGUJEVAC ARS;OMV EVRO DIZEL;189.500;8,339.90;0.00;0.00;1,389.98;RSD;8916357592;2026-02-15;YES;NO;117;OMV-RS;;;;D;8,625.96;Yes;702601;2026-02-11;1;
710111;107258;473;BG 1200 - ZS;2026-02-13 12:34:00;EDMAXXM ZIMSKI;26.34;5,423.41;903.90;00190075;350235;350235;                  ;SR;ADA CIGANLIJA;EDMAXXM ZIMSKI;205.900;5,423.41;0.00;0.00;903.90;RSD;8916357592;2026-02-15;YES;NO;217;OMV-RS;;;;D;0.00;No;723505;2026-02-13;1;
710111;107258;473;BG 1200 - ZS;2026-02-18 16:22:00;OMV EVRO DIZEL;36.45;6,889.05;1,148.17;00174316;350799;350799;                  ;SR;KRAGUJEVAC ARS;OMV EVRO DIZEL;189.000;6,889.05;0.00;0.00;1,148.17;RSD;8916360516;2026-02-28;YES;NO;117;OMV-RS;;;;D;7,144.20;Yes;762238;2026-02-18;1;
710111;107258;473;BG 1200 - ZS;2026-02-23 10:12:00;OMV EVRO DIZEL;42.80;8,174.80;1,362.47;00176125;351561;351561;                  ;SR;KRAGUJEVAC ARS;OMV EVRO DIZEL;191.000;8,174.80;0.00;0.00;1,362.47;RSD;8916360516;2026-02-28;YES;NO;117;OMV-RS;;;;D;8,474.40;Yes;701226;2026-02-23;1;
710111;107258;473;BG 1200 - ZS;2026-02-25 13:28:00;OMV EVRO DIZEL;30.30;5,787.30;964.55;00210187;352125;352125;                  ;SR;CELIJE;OMV EVRO DIZEL;191.000;5,787.30;0.00;0.00;964.55;RSD;8916360516;2026-02-28;YES;NO;117;OMV-RS;;;;D;5,999.40;Yes;732840;2026-02-25;1;
710111;107258;473;BG 1200 - ZS;2026-03-02 15:22:00;OMV EVRO DIZEL;41.99;8,104.07;1,350.68;00212921;352886;352886;                  ;SR;CELIJE;OMV EVRO DIZEL;193.000;8,104.07;0.00;0.00;1,350.68;RSD;8916363465;2026-03-15;YES;NO;117;OMV-RS;;;;D;8,398.00;Yes;752227;2026-03-02;1;
710111;107258;473;BG 1200 - ZS;2026-03-07 08:25:00;OMV EVRO DIZEL;37.87;7,611.87;1,268.64;00181287;353572;353572;                  ;SR;KRAGUJEVAC ARS;OMV EVRO DIZEL;201.000;7,611.87;0.00;0.00;1,268.64;RSD;8916363465;2026-03-15;YES;NO;117;OMV-RS;;;;D;7,687.61;Yes;782555;2026-03-07;1;
710111;107258;473;BG 1200 - ZS;2026-03-10 10:21:00;EDMAXXM ZIMSKI;38.10;8,301.99;1,383.66;00203432;354241;354241;                  ;SR;ADA CIGANLIJA;EDMAXXM ZIMSKI;217.900;8,301.99;0.00;0.00;1,383.66;RSD;8916363465;2026-03-15;YES;NO;217;OMV-RS;;;;D;0.00;No;702118;2026-03-10;1;
710111;107258;473;BG 1200 - ZS;2026-03-16 08:56:00;OMV EVRO DIZEL;42.15;8,767.20;1,461.20;00220441;354936;354936;                  ;SR;CELIJE;OMV EVRO DIZEL;208.000;8,767.20;0.00;0.00;1,461.20;RSD;8916366460;2026-03-31;YES;NO;117;OMV-RS;;;;D;8,767.20;Yes;785709;2026-03-16;1;
710111;107258;473;BG 1200 - ZS;2026-03-19 09:56:00;OMV EVRO DIZEL;26.71;5,555.68;925.95;00186037;355469;355469;                  ;SR;KRAGUJEVAC ARS;OMV EVRO DIZEL;208.000;5,555.68;0.00;0.00;925.95;RSD;8916366460;2026-03-31;YES;NO;117;OMV-RS;;;;D;5,555.68;Yes;795703;2026-03-19;1;
710111;107258;473;BG 1200 - ZS;2026-03-24 12:19:00;OMV EVRO DIZEL;36.17;7,668.04;1,278.01;00188187;356031;356031;                  ;SR;KRAGUJEVAC ARS;OMV EVRO DIZEL;212.000;7,668.04;0.00;0.00;1,278.01;RSD;8916366460;2026-03-31;YES;NO;117;OMV-RS;;;;D;7,668.04;Yes;721951;2026-03-24;1;
710111;107258;473;BG 1200 - ZS;2026-03-30 11:52:00;OMV EVRO DIZEL;34.19;7,282.47;1,213.74;00190359;356615;356615;                  ;SR;KRAGUJEVAC ARS;OMV EVRO DIZEL;213.000;7,282.47;0.00;0.00;1,213.74;RSD;8916366460;2026-03-31;YES;NO;117;OMV-RS;;;;D;7,282.47;Yes;715217;2026-03-30;1;
710111;107258;473;BG 1200 - ZS;2026-04-02 14:28:00;OMV EVRO DIZEL;32.43;6,907.59;1,151.26;00228789;357191;357191;                  ;SR;CELIJE;OMV EVRO DIZEL;213.000;6,907.59;0.00;0.00;1,151.26;RSD;8916369392;2026-04-09;YES;NO;117;OMV-RS;;;;D;6,907.59;Yes;742825;2026-04-02;1;
710111;107258;473;BG 1200 - ZS;2026-04-05 08:52:00;OMV EVRO DIZEL;32.70;6,997.80;1,166.30;00192644;357719;357719;                  ;SR;KRAGUJEVAC ARS;OMV EVRO DIZEL;214.000;6,997.80;0.00;0.00;1,166.30;RSD;8916369392;2026-04-09;YES;NO;117;OMV-RS;;;;D;6,997.80;Yes;785305;2026-04-05;1;
710111;107258;473;BG 1200 - ZS;2026-04-08 12:30:00;OMV EVRO DIZEL;33.30;7,126.20;1,187.70;00194094;358225;358225;                  ;SR;KRAGUJEVAC ARS;OMV EVRO DIZEL;214.000;7,126.20;0.00;0.00;1,187.70;RSD;8916369392;2026-04-09;YES;NO;117;OMV-RS;;;;D;7,126.20;Yes;723051;2026-04-08;1;
710111;107258;473;BG 1200 - ZS;2026-04-13 10:27:00;OMV EVRO DIZEL;29.68;6,440.56;1,073.43;00196008;358692;358692;                  ;SR;KRAGUJEVAC ARS;OMV EVRO DIZEL;217.000;6,440.56;0.00;0.00;1,073.43;RSD;8916372386;2026-04-30;YES;NO;117;OMV-RS;;;;D;6,440.56;Yes;702749;2026-04-13;1;
710111;107258;473;BG 1200 - ZS;2026-04-16 18:04:00;OMV EVRO DIZEL;32.29;7,006.93;1,167.82;00018054;359236;359236;                  ;SR;CELIJE;OMV EVRO DIZEL;217.000;7,006.93;0.00;0.00;1,167.82;RSD;8916372386;2026-04-30;YES;NO;117;OMV-RS;;;;D;7,006.93;Yes;780445;2026-04-16;1;
710111;107258;473;BG 1200 - ZS;2026-04-19 09:46:00;OMV EVRO DIZEL;33.97;7,371.49;1,228.58;00198770;359774;359774;                  ;SR;KRAGUJEVAC ARS;OMV EVRO DIZEL;217.000;7,371.49;0.00;0.00;1,228.58;RSD;8916372386;2026-04-30;YES;NO;117;OMV-RS;;;;D;7,371.49;Yes;794634;2026-04-19;1;
710111;107258;473;BG 1200 - ZS;2026-04-22 17:36:00;OMV EVRO DIZEL;31.40;6,813.80;1,135.63;00239991;360306;360306;                  ;SR;CELIJE;OMV EVRO DIZEL;217.000;6,813.80;0.00;0.00;1,135.63;RSD;8916372386;2026-04-30;YES;NO;117;OMV-RS;;;;D;6,813.80;Yes;773715;2026-04-22;1;
710111;107258;473;BG 1200 - ZS;2026-04-30 13:08:00;OMV EVRO DIZEL;44.97;9,848.43;1,641.40;00203604;361042;361042;                  ;SR;KRAGUJEVAC ARS;OMV EVRO DIZEL;219.000;9,848.43;0.00;0.00;1,641.40;RSD;8916372386;2026-04-30;YES;NO;117;OMV-RS;;;;D;9,848.43;Yes;730824;2026-04-30;1;
710111;107258;473;BG 1200 - ZS;2026-05-05 08:55:00;OMV EVRO DIZEL;44.67;9,872.07;1,645.34;00205738;361753;361753;                  ;SR;KRAGUJEVAC ARS;OMV EVRO DIZEL;221.000;9,872.07;0.00;0.00;1,645.34;RSD;8916375402;2026-05-15;YES;NO;117;OMV-RS;;;;D;9,872.07;Yes;785607;2026-05-05;1;
710111;107258;473;BG 1200 - ZS;2026-05-08 09:59:00;OMV EVRO DIZEL;34.36;7,593.56;1,265.59;00207240;362346;362346;                  ;SR;KRAGUJEVAC ARS;OMV EVRO DIZEL;221.000;7,593.56;0.00;0.00;1,265.59;RSD;8916375402;2026-05-15;YES;NO;117;OMV-RS;;;;D;7,593.56;Yes;795957;2026-05-08;1;
710111;107258;473;BG 1200 - ZS;2026-05-11 12:05:00;OMV EVRO DIZEL;35.83;7,990.09;1,331.68;00208583;362844;362844;                  ;SR;KRAGUJEVAC ARS;OMV EVRO DIZEL;223.000;7,990.09;0.00;0.00;1,331.68;RSD;8916375402;2026-05-15;YES;NO;117;OMV-RS;;;;D;7,990.09;Yes;720518;2026-05-11;1;
710111;107258;473;BG 1200 - ZS;2026-05-14 10:01:00;OMV EVRO DIZEL;31.09;6,933.07;1,155.51;00209857;363328;363328;                  ;SR;KRAGUJEVAC ARS;OMV EVRO DIZEL;223.000;6,933.07;0.00;0.00;1,155.51;RSD;8916375402;2026-05-15;YES;NO;117;OMV-RS;;;;D;6,933.07;Yes;700126;2026-05-14;1;
710111;107258;473;BG 1200 - ZS;2026-05-18 14:26:00;OMV EVRO DIZEL;42.75;9,533.25;1,588.87;00211597;364075;364075;                  ;SR;KRAGUJEVAC ARS;OMV EVRO DIZEL;223.000;9,533.25;0.00;0.00;1,588.87;RSD;8916378386;2026-05-31;YES;NO;117;OMV-RS;;;;D;9,533.25;Yes;742620;2026-05-18;1;
710111;107258;473;BG 1200 - ZS;2026-05-21 07:23:00;OMV EVRO DIZEL;37.35;8,198.33;1,366.39;00212677;364634;364634;                  ;SR;KRAGUJEVAC ARS;OMV EVRO DIZEL;219.500;8,198.33;0.00;0.00;1,366.39;RSD;8916378386;2026-05-31;YES;NO;117;OMV-RS;;;;D;8,329.05;Yes;772326;2026-05-21;1;
710111;107258;473;BG 1200 - ZS;2026-05-25 07:40:00;OMV EVRO DIZEL;46.25;10,244.38;1,707.40;00214433;365331;365331;                  ;SR;KRAGUJEVAC ARS;OMV EVRO DIZEL;221.500;10,244.38;0.00;0.00;1,707.40;RSD;8916378386;2026-05-31;YES;NO;117;OMV-RS;;;;D;10,406.25;Yes;774035;2026-05-25;1;
710111;107258;473;BG 1200 - ZS;2026-05-28 09:44:00;OMV EVRO DIZEL;39.81;8,817.92;1,469.65;00215858;365826;365826;                  ;SR;KRAGUJEVAC ARS;OMV EVRO DIZEL;221.500;8,817.92;0.00;0.00;1,469.65;RSD;8916378386;2026-05-31;YES;NO;117;OMV-RS;;;;D;8,957.25;Yes;794438;2026-05-28;1;
710111;107258;473;BG 1200 - ZS;2026-06-01 09:31:00;OMV EVRO DIZEL;43.98;9,609.63;1,601.60;00217837;366401;366401;                  ;SR;KRAGUJEVAC ARS;OMV EVRO DIZEL;218.500;9,609.63;0.00;0.00;1,601.60;RSD;8916381034;2026-06-15;YES;NO;117;OMV-RS;;;;D;9,763.56;Yes;793138;2026-06-01;1;
710111;107258;473;BG 1200 - ZS;2026-06-06 11:53:00;OMV EVRO DIZEL;39.64;8,641.52;1,440.25;00265954;366976;366976;                  ;SR;CELIJE;OMV EVRO DIZEL;218.000;8,641.52;0.00;0.00;1,440.25;RSD;8916381034;2026-06-15;YES;NO;117;OMV-RS;;;;D;8,800.08;Yes;715356;2026-06-06;1;
710111;107258;473;BG 1200 - ZS;2026-06-10 13:53:00;OMV EVRO DIZEL;35.97;7,841.46;1,306.91;00268497;367494;367494;                  ;SR;CELIJE;OMV EVRO DIZEL;218.000;7,841.46;0.00;0.00;1,306.91;RSD;8916381034;2026-06-15;YES;NO;117;OMV-RS;;;;D;7,985.34;Yes;735331;2026-06-10;1;
710111;107258;473;BG 1200 - ZS;2026-06-13 08:17:00;OMV EVRO DIZEL;40.28;8,660.20;1,443.37;00223161;368209;368209;                  ;SR;KRAGUJEVAC ARS;OMV EVRO DIZEL;215.000;8,660.20;0.00;0.00;1,443.37;RSD;8916381034;2026-06-15;YES;NO;117;OMV-RS;;;;D;8,861.60;Yes;781728;2026-06-13;1;
710111;107258;473;BG 1200 - ZS;2026-06-17 07:55:00;OMV EVRO DIZEL;47.29;10,167.35;1,694.56;00224867;368882;368882;                  ;SR;KRAGUJEVAC ARS;OMV EVRO DIZEL;215.000;10,167.35;0.00;0.00;1,694.56;RSD;8916383263;2026-06-21;YES;NO;117;OMV-RS;;;;D;10,403.80;Yes;775514;2026-06-17;1;
710111;107258;473;BG 1200 - ZS;2026-06-22 05:44:00;OMV EVRO DIZEL;41.54;8,764.94;1,460.82;00275441;369380;369380;                  ;SR;CELIJE;OMV EVRO DIZEL;211.000;8,764.94;0.00;0.00;1,460.82;RSD;8916386380;2026-06-28;YES;NO;117;OMV-RS;;;;D;9,014.18;Yes;754453;2026-06-22;1;
710111;107258;473;BG 1200 - ZS;2026-06-25 07:38:00;OMV EVRO DIZEL;38.06;8,030.66;1,338.44;00228282;369912;369912;                  ;SR;KRAGUJEVAC ARS;OMV EVRO DIZEL;211.000;8,030.66;0.00;0.00;1,338.44;RSD;8916386380;2026-06-28;YES;NO;117;OMV-RS;;;;D;8,259.02;Yes;773824;2026-06-25;1;
710111;107258;473;BG 1200 - ZS;2026-06-28 05:17:00;OMV EVRO DIZEL;45.49;9,552.90;1,592.15;00229649;370570;370570;                  ;SR;KRAGUJEVAC ARS;OMV EVRO DIZEL;210.000;9,552.90;0.00;0.00;1,592.15;RSD;8916386380;2026-06-28;YES;NO;117;OMV-RS;;;;D;9,871.33;Yes;751740;2026-06-28;1;
710111;107258;473;BG 1200 - ZS;2026-07-03 06:58:00;OMV EVRO DIZEL;43.54;9,143.40;1,523.90;00231929;371223;371223;                  ;SR;KRAGUJEVAC ARS;OMV EVRO DIZEL;210.000;9,143.40;0.00;0.00;1,523.90;RSD;8916391266;2026-07-12;YES;NO;117;OMV-RS;;;;D;9,448.18;Yes;765839;2026-07-03;1;
710111;107258;473;BG 1200 - ZS;2026-07-06 14:25:00;OMV EVRO DIZEL;39.48;8,369.76;1,394.96;00233423;371782;371782;                  ;SR;KRAGUJEVAC ARS;OMV EVRO DIZEL;212.000;8,369.76;0.00;0.00;1,394.96;RSD;8916391266;2026-07-12;YES;NO;117;OMV-RS;;;;D;8,646.12;Yes;742550;2026-07-06;1;
710111;107258;473;BG 1200 - ZS;2026-07-10 11:54:00;OMV EVRO DIZEL;38.29;8,155.77;1,359.29;00235224;372332;372332;                  ;SR;KRAGUJEVAC ARS;OMV EVRO DIZEL;213.000;8,155.77;0.00;0.00;1,359.29;RSD;8916391266;2026-07-12;YES;NO;117;OMV-RS;;;;D;8,385.51;Yes;715420;2026-07-10;1;
710111;107258;473;BG 1200 - ZS;2026-07-14 12:48:00;OMV EVRO DIZEL;44.64;9,597.60;1,599.60;00237133;373076;373076;                  ;SR;KRAGUJEVAC ARS;OMV EVRO DIZEL;215.000;9,597.60;0.00;0.00;1,599.60;RSD;8916393376;2026-07-15;YES;NO;117;OMV-RS;;;;D;9,820.80;Yes;724835;2026-07-14;1;
710111;107258;473;BG 1200 - ZS;2026-07-16 11:37:00;OMV EVRO DIZEL;32.11;6,951.82;1,158.64;00238086;373561;373561;                  ;SR;KRAGUJEVAC ARS;OMV EVRO DIZEL;216.500;6,951.82;0.00;0.00;1,158.64;RSD;;;YES;NO;117;OMV-RS;;;;D;7,064.20;Yes;713729;2026-07-16;1;
710111;107258;473;BG 1200 - ZS;2026-07-19 08:58:00;OMV EVRO DIZEL;39.42;8,593.56;1,432.26;00239468;374203;374203;                  ;SR;KRAGUJEVAC ARS;OMV EVRO DIZEL;218.000;8,593.56;0.00;0.00;1,432.26;RSD;;;YES;NO;117;OMV-RS;;;;D;8,751.24;Yes;785847;2026-07-19;1;
710111;107258;473;BG 1200 - ZS;2026-07-22 06:24:00;OMV EVRO DIZEL;47.33;10,365.27;1,727.54;00240742;374951;374951;                  ;SR;KRAGUJEVAC ARS;OMV EVRO DIZEL;219.000;10,365.27;0.00;0.00;1,727.54;RSD;;;NO;NO;117;OMV-RS;;;;D;10,507.26;Yes;762508;2026-07-22;1;
710111;107258;473;BG 1200 - ZS;2026-07-25 13:27:00;OMV EVRO DIZEL;41.64;9,202.44;1,533.74;00242345;375508;375508;                  ;SR;KRAGUJEVAC ARS;OMV EVRO DIZEL;221.000;9,202.44;0.00;0.00;1,533.74;RSD;;;NO;NO;117;OMV-RS;;;;D;9,327.36;Yes;732744;2026-07-25;1;
710111;107258;473;BG 1200 - ZS;2026-07-29 05:29:00;OMV EVRO DIZEL;46.27;10,271.94;1,711.99;00243961;376195;376195;                  ;SR;KRAGUJEVAC ARS;OMV EVRO DIZEL;222.000;10,271.94;0.00;0.00;1,711.99;RSD;;;NO;NO;117;OMV-RS;;;;D;10,364.48;Yes;752941;2026-07-29;1;
710111;107258;366;BG 2013 - VK;2025-10-13 09:25:00;OMV EVRO DIZEL;103.15;19,392.20;3,232.03;00173619;0;0;                  ;SR;BUBANJ POTOK;OMV EVRO DIZEL;188.000;19,392.20;0.00;0.00;3,232.03;RSD;8915397668;2025-10-15;YES;NO;217;OMV-RS;;;;D;20,011.10;Yes;792531;2025-10-13;1;
710111;107258;366;BG 2013 - VK;2025-10-16 11:20:00;OMV EVRO DIZEL;123.80;23,274.40;3,879.07;00187631;0;0;                  ;SR;DOBANOVCI-SURCIN;OMV EVRO DIZEL;188.000;23,274.40;0.00;0.00;3,879.07;RSD;8915400359;2025-10-31;YES;NO;217;OMV-RS;;;;D;24,017.20;Yes;712020;2025-10-16;1;
710111;107258;366;BG 2013 - VK;2025-10-16 11:23:00;AdBlue;13.78;1,312.96;218.83;00187632;0;0;                  ;SR;DOBANOVCI-SURCIN;AdBlue;95.280;1,312.96;0.00;0.00;218.83;RSD;8915400359;2025-10-31;YES;NO;217;OMV-RS;;;;D;1,846.50;Yes;712338;2025-10-16;1;
710111;107258;366;BG 2013 - VK;2025-12-02 11:27:00;OMV EVRO DIZEL;110.47;21,762.59;3,627.10;00210873;0;0;                  ;SR;DOBANOVCI-SURCIN;OMV EVRO DIZEL;197.000;21,762.59;0.00;0.00;3,627.10;RSD;8915408077;2025-12-15;YES;NO;217;OMV-RS;;;;D;22,204.47;Yes;712710;2025-12-02;1;
710111;107258;366;BG 2013 - VK;2026-03-07 09:34:00;OMV EVRO DIZEL;100.00;20,100.00;3,350.00;00041480;0;0;                  ;SR;ZAJECAR;OMV EVRO DIZEL;201.000;20,100.00;0.00;0.00;3,350.00;RSD;8916363465;2026-03-15;YES;NO;117;OMV-RS;;;;D;20,300.00;Yes;793436;2026-03-07;1;
710111;107258;366;BG 2013 - VK;2026-04-29 08:38:00;OMV EVRO DIZEL;90.60;19,841.40;3,306.90;00045114;0;0;                  ;SR;OBILAZNICA 1;OMV EVRO DIZEL;219.000;19,841.40;0.00;0.00;3,306.90;RSD;8916372386;2026-04-30;YES;NO;217;OMV-RS;;;;D;19,841.40;Yes;783911;2026-04-29;1;
710111;107258;366;BG 2013 - VK;2026-05-12 09:39:00;OMV EVRO DIZEL;70.00;15,610.00;2,601.67;00044336;346264;346264;                  ;SR;LAPOVO JUG;OMV EVRO DIZEL;223.000;15,610.00;0.00;0.00;2,601.67;RSD;8916375402;2026-05-15;YES;NO;217;OMV-RS;;;;D;15,610.00;Yes;794253;2026-05-12;1;
710111;107258;366;BG 2013 - VK;2026-05-12 09:40:00;AdBlue;15.65;1,553.73;258.95;00044337;0;0;                  ;SR;LAPOVO JUG;AdBlue;99.280;1,553.73;0.00;0.00;258.95;RSD;8916375402;2026-05-15;YES;NO;217;OMV-RS;;;;D;1,940.60;Yes;794338;2026-05-12;1;
710111;107258;366;BG 2013 - VK;2026-05-22 12:08:00;OMV EVRO DIZEL;112.03;24,590.59;4,098.43;00071926;0;0;                  ;SR;RAZANJ;OMV EVRO DIZEL;219.500;24,590.59;0.00;0.00;4,098.43;RSD;8916378386;2026-05-31;YES;NO;217;OMV-RS;;;;D;24,982.69;Yes;720851;2026-05-22;1;
710111;107258;366;BG 2013 - VK;2026-06-23 08:39:00;OMV EVRO DIZEL;114.73;24,208.03;4,034.67;00295022;0;0;                  ;SR;ADA CIGANLIJA;OMV EVRO DIZEL;211.000;24,208.03;0.00;0.00;4,034.67;RSD;8916386380;2026-06-28;YES;NO;217;OMV-RS;;;;D;24,896.41;Yes;783926;2026-06-23;1;
710111;107258;366;BG 2013 - VK;2026-06-26 13:34:00;OMV EVRO DIZEL;100.00;21,000.00;3,500.00;00297067;347514;347514;                  ;SR;ADA CIGANLIJA;OMV EVRO DIZEL;210.000;21,000.00;0.00;0.00;3,500.00;RSD;8916386380;2026-06-28;YES;NO;217;OMV-RS;;;;D;21,700.00;Yes;733432;2026-06-26;1;
710111;107258;366;BG 2013 - VK;2026-07-06 11:11:00;OMV EVRO DIZEL;100.00;21,200.00;3,533.33;00185882;0;0;                  ;SR;KRALJEVO 2;OMV EVRO DIZEL;212.000;21,200.00;0.00;0.00;3,533.33;RSD;8916391266;2026-07-12;YES;NO;217;OMV-RS;;;;D;21,900.00;Yes;711116;2026-07-06;1;
710111;107258;366;BG 2013 - VK;2026-07-14 09:58:00;OMV EVRO DIZEL;110.00;23,650.00;3,941.67;00175514;248318;248318;                  ;SR;LAPOVO JUG;OMV EVRO DIZEL;215.000;23,650.00;0.00;0.00;3,941.67;RSD;8916393376;2026-07-15;YES;NO;217;OMV-RS;;;;D;24,200.00;Yes;795841;2026-07-14;1;
710111;107258;366;BG 2013 - VK;2026-07-17 09:34:00;OMV EVRO DIZEL;104.00;22,672.00;3,778.67;00048380;487418;487418;                  ;SR;DOLJEVAC;OMV EVRO DIZEL;218.000;22,672.00;0.00;0.00;3,778.67;RSD;;;YES;NO;217;OMV-RS;;;;D;22,880.00;Yes;793453;2026-07-17;1;
710111;107258;366;BG 2013 - VK;2026-07-17 09:39:00;AdBlue;15.22;1,565.83;260.97;00236829;348718;348718;                  ;SR;DOLJEVAC;AdBlue;102.880;1,565.83;0.00;0.00;260.97;RSD;;;YES;NO;217;OMV-RS;;;;D;1,887.28;Yes;793933;2026-07-17;1;
710111;107258;176;BG 2348 - TS;2024-01-08 06:11:00;OMV EVRO DIZEL;41.32;7,602.88;1,267.15;00237604;52364;52364;                  ;SR;JURIJA GAGARINA;OMV EVRO DIZEL;184.000;7,602.88;0.00;0.00;1,267.15;RSD;8914352150;2024-01-15;YES;NO;217;OMV-RS;;;;D;8,016.10;Yes;761128;2024-01-08;1;
710111;107258;176;BG 2348 - TS;2024-01-17 13:40:00;OMV EVRO DIZEL;45.53;8,354.76;1,392.46;00158006;53066;53066;                  ;SR;CACAK;OMV EVRO DIZEL;183.500;8,354.76;0.00;0.00;1,392.46;RSD;8914354763;2024-01-31;YES;NO;217;OMV-RS;;;;D;8,832.80;Yes;734025;2024-01-17;1;
710111;107258;176;BG 2348 - TS;2024-01-22 16:13:00;OMV EVRO DIZEL;41.89;7,791.54;1,298.59;00340453;53757;53757;                  ;SR;CACAK 2;OMV EVRO DIZEL;186.000;7,791.54;0.00;0.00;1,298.59;RSD;8914354763;2024-01-31;YES;NO;117;OMV-RS;;;;D;8,210.40;Yes;761337;2024-01-22;1;
710111;107258;176;BG 2348 - TS;2024-01-30 14:24:00;OMV EVRO DIZEL;41.22;7,728.75;1,288.12;00344295;54494;54494;                  ;SR;CACAK 2;OMV EVRO DIZEL;187.500;7,728.75;0.00;0.00;1,288.12;RSD;8914354763;2024-01-31;YES;NO;117;OMV-RS;;;;D;8,161.60;Yes;742502;2024-01-30;1;
710111;107258;176;BG 2348 - TS;2024-02-07 12:16:00;OMV EVRO DIZEL;39.08;7,405.66;1,234.28;00288305;55172;55172;                  ;SR;OBILAZNICA 1;OMV EVRO DIZEL;189.500;7,405.66;0.00;0.00;1,234.28;RSD;8914357027;2024-02-15;YES;NO;217;OMV-RS;;;;D;7,816.00;Yes;721633;2024-02-07;1;
710111;107258;176;BG 2348 - TS;2024-02-13 16:14:00;OMV EVRO DIZEL;43.00;8,191.50;1,365.25;00351524;0;0;                  ;SR;CACAK 2;OMV EVRO DIZEL;190.500;8,191.50;0.00;0.00;1,365.25;RSD;8914357027;2024-02-15;YES;NO;117;OMV-RS;;;;D;8,686.00;Yes;761419;2024-02-13;1;
710111;107258;176;BG 2348 - TS;2024-02-21 10:31:00;OMV EVRO DIZEL;42.71;8,307.10;1,384.52;00355571;56660;56660;                  ;SR;CACAK 2;OMV EVRO DIZEL;194.500;8,307.10;0.00;0.00;1,384.52;RSD;8914359644;2024-02-29;YES;NO;117;OMV-RS;;;;D;8,755.60;Yes;703142;2024-02-21;1;
710111;107258;176;BG 2348 - TS;2024-02-27 09:48:00;OMV EVRO DIZEL;44.16;8,655.36;1,442.56;00358609;57422;57422;                  ;SR;CACAK 2;OMV EVRO DIZEL;196.000;8,655.36;0.00;0.00;1,442.56;RSD;8914359644;2024-02-29;YES;NO;117;OMV-RS;;;;D;9,097.00;Yes;794824;2024-02-27;1;
710111;107258;176;BG 2348 - TS;2024-03-04 10:18:00;OMV EVRO DIZEL;42.40;8,310.40;1,385.07;00361990;58260;58260;                  ;SR;CACAK 2;OMV EVRO DIZEL;196.000;8,310.40;0.00;0.00;1,385.07;RSD;8914361928;2024-03-15;YES;NO;117;OMV-RS;;;;D;8,649.60;Yes;701844;2024-03-04;1;
710111;107258;176;BG 2348 - TS;2024-03-12 11:45:00;OMV EVRO DIZEL;45.04;8,625.16;1,437.53;00366206;59037;59037;                  ;SR;CACAK 2;OMV EVRO DIZEL;191.500;8,625.16;0.00;0.00;1,437.53;RSD;8914361928;2024-03-15;YES;NO;117;OMV-RS;;;;D;9,098.10;Yes;714545;2024-03-12;1;
710111;107258;176;BG 2348 - TS;2024-03-19 07:56:00;OMV EVRO DIZEL;45.24;8,505.12;1,417.52;00369550;59835;59835;                  ;SR;CACAK 2;OMV EVRO DIZEL;188.000;8,505.12;0.00;0.00;1,417.52;RSD;8914364543;2024-03-31;YES;NO;117;OMV-RS;;;;D;9,002.80;Yes;775639;2024-03-19;1;
710111;107258;176;BG 2348 - TS;2024-03-25 15:56:00;OMV EVRO DIZEL;44.78;8,485.81;1,414.30;00372561;60596;60596;                  ;SR;CACAK 2;OMV EVRO DIZEL;189.500;8,485.81;0.00;0.00;1,414.30;RSD;8914364543;2024-03-31;YES;NO;117;OMV-RS;;;;D;9,000.80;Yes;755616;2024-03-25;1;
710111;107258;176;BG 2348 - TS;2024-04-01 11:51:00;OMV EVRO DIZEL;44.09;8,443.24;1,407.21;00376125;61510;61510;                  ;SR;CACAK 2;OMV EVRO DIZEL;191.500;8,443.24;0.00;0.00;1,407.21;RSD;8914366835;2024-04-15;YES;NO;117;OMV-RS;;;;D;8,950.30;Yes;715156;2024-04-01;1;
710111;107258;176;BG 2348 - TS;2024-04-05 13:20:00;OMV EVRO DIZEL;41.00;7,749.00;1,291.50;00173963;62164;62164;                  ;SR;CACAK;OMV EVRO DIZEL;189.000;7,749.00;0.00;0.00;1,291.50;RSD;8914366835;2024-04-15;YES;NO;217;OMV-RS;;;;D;8,323.00;Yes;732023;2024-04-05;1;
710111;107258;176;BG 2348 - TS;2024-04-12 10:53:00;OMV EVRO DIZEL;36.66;7,038.72;1,173.12;00381860;62860;62860;                  ;SR;CACAK 2;OMV EVRO DIZEL;192.000;7,038.72;0.00;0.00;1,173.12;RSD;8914366835;2024-04-15;YES;NO;117;OMV-RS;;;;D;7,552.00;Yes;705401;2024-04-12;1;
710111;107258;176;BG 2348 - TS;2024-04-17 10:08:00;OMV EVRO DIZEL;32.48;6,236.16;1,039.36;00384856;63360;63360;                  ;SR;CACAK 2;OMV EVRO DIZEL;192.000;6,236.16;0.00;0.00;1,039.36;RSD;8914369474;2024-04-30;YES;NO;117;OMV-RS;;;;D;6,690.90;Yes;700912;2024-04-17;1;
710111;107258;176;BG 2348 - TS;2024-04-23 07:57:00;OMV EVRO DIZEL;45.61;8,757.12;1,459.52;00387580;64096;64096;                  ;SR;CACAK 2;OMV EVRO DIZEL;192.000;8,757.12;0.00;0.00;1,459.52;RSD;8914369474;2024-04-30;YES;NO;117;OMV-RS;;;;D;9,395.70;Yes;775804;2024-04-23;1;
710111;107258;176;BG 2348 - TS;2024-04-30 12:33:00;OMV EVRO DIZEL;42.57;8,173.44;1,362.24;00391776;0;0;                  ;SR;CACAK 2;OMV EVRO DIZEL;192.000;8,173.44;0.00;0.00;1,362.24;RSD;8914369474;2024-04-30;YES;NO;117;OMV-RS;;;;D;8,769.40;Yes;723318;2024-04-30;1;
710111;107258;176;BG 2348 - TS;2024-05-13 14:32:00;OMV EVRO DIZEL;44.08;8,441.32;1,406.89;00399730;65761;65761;                  ;SR;CACAK 2;OMV EVRO DIZEL;191.500;8,441.32;0.00;0.00;1,406.89;RSD;8914371718;2024-05-15;YES;NO;117;OMV-RS;;;;D;8,948.20;Yes;743300;2024-05-13;1;
710111;107258;176;BG 2348 - TS;2024-05-18 07:08:00;OMV EVRO DIZEL;34.32;6,503.64;1,083.94;00402318;0;0;                  ;SR;CACAK 2;OMV EVRO DIZEL;189.500;6,503.64;0.00;0.00;1,083.94;RSD;8914374363;2024-05-31;YES;NO;117;OMV-RS;;;;D;6,898.30;Yes;770840;2024-05-18;1;
710111;107258;176;BG 2348 - TS;2024-05-22 15:18:00;OMV EVRO DIZEL;40.91;7,670.63;1,278.44;00268232;66975;66975;                  ;SR;PARTIZANSKI PUT;OMV EVRO DIZEL;187.500;7,670.63;0.00;0.00;1,278.44;RSD;8914374363;2024-05-31;YES;NO;217;OMV-RS;;;;D;8,222.90;Yes;751821;2024-05-22;1;
710111;107258;176;BG 2348 - TS;2024-05-27 07:56:00;OMV EVRO DIZEL;42.28;7,927.50;1,321.25;00407584;0;0;                  ;SR;CACAK 2;OMV EVRO DIZEL;187.500;7,927.50;0.00;0.00;1,321.25;RSD;8914374363;2024-05-31;YES;NO;117;OMV-RS;;;;D;8,498.30;Yes;775657;2024-05-27;1;
710111;107258;176;BG 2348 - TS;2024-06-03 10:12:00;OMV EVRO DIZEL;43.28;8,115.00;1,352.50;00411748;68415;68415;                  ;SR;CACAK 2;OMV EVRO DIZEL;187.500;8,115.00;0.00;0.00;1,352.50;RSD;8914376641;2024-06-15;YES;NO;117;OMV-RS;;;;D;8,699.30;Yes;701230;2024-06-03;1;
710111;107258;176;BG 2348 - TS;2024-06-08 12:03:00;OMV EVRO DIZEL;37.68;6,989.64;1,164.94;00414741;0;0;                  ;SR;CACAK 2;OMV EVRO DIZEL;185.500;6,989.64;0.00;0.00;1,164.94;RSD;8914376641;2024-06-15;YES;NO;117;OMV-RS;;;;D;7,498.30;Yes;720340;2024-06-08;1;
710111;107258;176;BG 2348 - TS;2024-06-14 06:59:00;OMV EVRO DIZEL;39.86;7,394.03;1,232.34;00418110;67800;67800;                  ;SR;CACAK 2;OMV EVRO DIZEL;185.500;7,394.03;0.00;0.00;1,232.34;RSD;8914376641;2024-06-15;YES;NO;117;OMV-RS;;;;D;7,932.10;Yes;765926;2024-06-14;1;
710111;107258;176;BG 2348 - TS;2024-06-19 07:11:00;OMV EVRO DIZEL;39.30;7,368.75;1,228.12;00421093;70422;70422;                  ;SR;CACAK 2;OMV EVRO DIZEL;187.500;7,368.75;0.00;0.00;1,228.12;RSD;8914379249;2024-06-30;YES;NO;117;OMV-RS;;;;D;7,899.30;Yes;771142;2024-06-19;1;
710111;107258;176;BG 2348 - TS;2024-06-25 07:57:00;OMV EVRO DIZEL;41.36;7,879.08;1,313.18;00424931;71090;71090;                  ;SR;CACAK 2;OMV EVRO DIZEL;190.500;7,879.08;0.00;0.00;1,313.18;RSD;8914379249;2024-06-30;YES;NO;117;OMV-RS;;;;D;8,396.10;Yes;775714;2024-06-25;1;
710111;107258;176;BG 2348 - TS;2024-07-02 07:08:00;OMV EVRO DIZEL;42.68;8,301.26;1,383.54;00428837;0;0;                  ;SR;CACAK 2;OMV EVRO DIZEL;194.500;8,301.26;0.00;0.00;1,383.54;RSD;8914381538;2024-07-15;YES;NO;117;OMV-RS;;;;D;8,749.40;Yes;770815;2024-07-02;1;
710111;107258;176;BG 2348 - TS;2024-07-08 10:59:00;OMV EVRO DIZEL;43.70;8,630.75;1,438.46;00432358;72468;72468;                  ;SR;CACAK 2;OMV EVRO DIZEL;197.500;8,630.75;0.00;0.00;1,438.46;RSD;8914381538;2024-07-15;YES;NO;117;OMV-RS;;;;D;9,089.60;Yes;710010;2024-07-08;1;
710111;107258;176;BG 2348 - TS;2024-07-12 09:10:00;OMV EVRO DIZEL;33.18;6,470.10;1,078.35;00434579;0;0;                  ;SR;CACAK 2;OMV EVRO DIZEL;195.000;6,470.10;0.00;0.00;1,078.35;RSD;8914381538;2024-07-15;YES;NO;117;OMV-RS;;;;D;6,901.40;Yes;791033;2024-07-12;1;
710111;107258;176;BG 2348 - TS;2024-07-18 09:37:00;OMV EVRO DIZEL;41.54;8,017.22;1,336.20;00438414;73597;73597;                  ;SR;CACAK 2;OMV EVRO DIZEL;193.000;8,017.22;0.00;0.00;1,336.20;RSD;8914384146;2024-07-31;YES;NO;117;OMV-RS;;;;D;8,640.30;Yes;793730;2024-07-18;1;
710111;107258;176;BG 2348 - TS;2024-07-24 09:44:00;OMV EVRO DIZEL;36.09;6,857.10;1,142.85;00442073;0;0;                  ;SR;CACAK 2;OMV EVRO DIZEL;190.000;6,857.10;0.00;0.00;1,142.85;RSD;8914384146;2024-07-31;YES;NO;117;OMV-RS;;;;D;7,398.50;Yes;794444;2024-07-24;1;
710111;107258;176;BG 2348 - TS;2024-08-01 07:17:00;OMV EVRO DIZEL;43.70;8,215.60;1,369.27;00446431;0;0;                  ;SR;CACAK 2;OMV EVRO DIZEL;188.000;8,215.60;0.00;0.00;1,369.27;RSD;8914386444;2024-08-15;YES;NO;117;OMV-RS;;;;D;8,827.40;Yes;771720;2024-08-01;1;
710111;107258;176;BG 2348 - TS;2024-08-06 07:02:00;OMV EVRO DIZEL;39.93;7,466.91;1,244.48;00449334;75855;75855;                  ;SR;CACAK 2;OMV EVRO DIZEL;187.000;7,466.91;0.00;0.00;1,244.48;RSD;8914386444;2024-08-15;YES;NO;117;OMV-RS;;;;D;8,025.90;Yes;770238;2024-08-06;1;
710111;107258;176;BG 2348 - TS;2024-08-09 10:12:00;OMV EVRO DIZEL;30.24;5,624.64;937.44;00450991;0;0;                  ;SR;CACAK 2;OMV EVRO DIZEL;186.000;5,624.64;0.00;0.00;937.44;RSD;8914386444;2024-08-15;YES;NO;117;OMV-RS;;;;D;6,078.20;Yes;701227;2024-08-09;1;
710111;107258;176;BG 2348 - TS;2024-08-14 07:16:00;OMV EVRO DIZEL;34.34;6,318.56;1,053.09;00453988;0;0;                  ;SR;CACAK 2;OMV EVRO DIZEL;184.000;6,318.56;0.00;0.00;1,053.09;RSD;8914386444;2024-08-15;YES;NO;117;OMV-RS;;;;D;6,799.30;Yes;771637;2024-08-14;1;
710111;107258;176;BG 2348 - TS;2024-08-19 07:00:00;OMV EVRO DIZEL;42.31;7,785.04;1,297.51;00087847;0;0;                  ;SR;CACAK;OMV EVRO DIZEL;184.000;7,785.04;0.00;0.00;1,297.51;RSD;8914389074;2024-08-31;YES;NO;217;OMV-RS;;;;D;8,377.40;Yes;770051;2024-08-19;1;
710111;107258;176;BG 2348 - TS;2024-08-24 06:52:00;AdBlue Kanister;1.00;1,999.00;333.17;00459772;0;0;                  ;SR;CACAK 2;AdBlue Kanister;1,999.000;1,999.00;0.00;0.00;333.17;RSD;8914389074;2024-08-31;YES;NO;117;OMV-RS;;;;D;0.00;No;765304;2024-08-24;1;
710111;107258;176;BG 2348 - TS;2024-08-24 06:53:00;OMV EVRO DIZEL;34.86;6,309.66;1,051.61;00459773;0;0;                  ;SR;CACAK 2;OMV EVRO DIZEL;181.000;6,309.66;0.00;0.00;1,051.61;RSD;8914389074;2024-08-31;YES;NO;117;OMV-RS;;;;D;6,797.70;Yes;765342;2024-08-24;1;
710111;107258;176;BG 2348 - TS;2024-08-29 07:18:00;OMV EVRO DIZEL;34.88;6,313.28;1,052.21;00462638;0;0;                  ;SR;CACAK 2;OMV EVRO DIZEL;181.000;6,313.28;0.00;0.00;1,052.21;RSD;8914389074;2024-08-31;YES;NO;117;OMV-RS;;;;D;6,801.60;Yes;771903;2024-08-29;1;
710111;107258;176;BG 2348 - TS;2024-09-07 12:21:00;OMV EVRO DIZEL;43.00;7,740.00;1,290.00;00091566;79250;79250;                  ;SR;CACAK;OMV EVRO DIZEL;180.000;7,740.00;0.00;0.00;1,290.00;RSD;8914391411;2024-09-15;YES;NO;217;OMV-RS;;;;D;8,342.00;Yes;722203;2024-09-07;1;
710111;107258;176;BG 2348 - TS;2024-09-17 10:39:00;OMV EVRO DIZEL;41.91;7,439.03;1,239.84;00473566;79996;79996;                  ;SR;CACAK 2;OMV EVRO DIZEL;177.500;7,439.03;0.00;0.00;1,239.84;RSD;8914394055;2024-09-30;YES;NO;117;OMV-RS;;;;D;8,004.80;Yes;703936;2024-09-17;1;
710111;107258;176;BG 2348 - TS;2024-09-21 07:13:00;OMV EVRO DIZEL;30.90;5,453.85;908.97;00475368;0;0;                  ;SR;CACAK 2;OMV EVRO DIZEL;176.500;5,453.85;0.00;0.00;908.97;RSD;8914394055;2024-09-30;YES;NO;117;OMV-RS;;;;D;5,871.00;Yes;771313;2024-09-21;1;
710111;107258;176;BG 2348 - TS;2024-09-25 09:25:00;OMV EVRO DIZEL;33.13;5,880.58;980.10;00477560;81010;81010;                  ;SR;CACAK 2;OMV EVRO DIZEL;177.500;5,880.58;0.00;0.00;980.10;RSD;8914394055;2024-09-30;YES;NO;117;OMV-RS;;;;D;6,294.70;Yes;792545;2024-09-25;1;
710111;107258;176;BG 2348 - TS;2024-10-04 09:46:00;OMV EVRO DIZEL;36.46;6,471.65;1,078.61;00482032;0;0;                  ;SR;CACAK 2;OMV EVRO DIZEL;177.500;6,471.65;0.00;0.00;1,078.61;RSD;8914396403;2024-10-15;YES;NO;117;OMV-RS;;;;D;6,927.40;Yes;794623;2024-10-04;1;
710111;107258;176;BG 2348 - TS;2024-10-11 11:05:00;OMV EVRO DIZEL;36.65;6,743.60;1,123.93;00162544;0;0;                  ;SR;CACAK 2;OMV EVRO DIZEL;184.000;6,743.60;0.00;0.00;1,123.93;RSD;8914396403;2024-10-15;YES;NO;117;OMV-RS;;;;D;7,000.20;Yes;710539;2024-10-11;1;
710111;107258;176;BG 2348 - TS;2024-10-18 13:04:00;OMV EVRO DIZEL;42.92;8,026.04;1,337.67;00489124;0;0;                  ;SR;CACAK 2;OMV EVRO DIZEL;187.000;8,026.04;0.00;0.00;1,337.67;RSD;8914399056;2024-10-31;YES;NO;117;OMV-RS;;;;D;8,326.50;Yes;730423;2024-10-18;1;
710111;107258;176;BG 2348 - TS;2024-10-23 07:14:00;OMV EVRO DIZEL;33.52;6,301.76;1,050.29;00491627;0;0;                  ;SR;CACAK 2;OMV EVRO DIZEL;188.000;6,301.76;0.00;0.00;1,050.29;RSD;8914399056;2024-10-31;YES;NO;117;OMV-RS;;;;D;6,536.40;Yes;771453;2024-10-23;1;
710111;107258;176;BG 2348 - TS;2024-10-26 16:27:00;OMV EVRO DIZEL;43.25;8,044.50;1,340.75;00493538;0;0;                  ;SR;CACAK 2;OMV EVRO DIZEL;186.000;8,044.50;0.00;0.00;1,340.75;RSD;8914399056;2024-10-31;YES;NO;117;OMV-RS;;;;D;8,347.30;Yes;762802;2024-10-26;1;
710111;107258;176;BG 2348 - TS;2024-11-04 09:51:00;OMV EVRO DIZEL;40.19;7,435.15;1,239.19;00498030;0;0;                  ;SR;CACAK 2;OMV EVRO DIZEL;185.000;7,435.15;0.00;0.00;1,239.19;RSD;8914401397;2024-11-15;YES;NO;117;OMV-RS;;;;D;7,716.50;Yes;795118;2024-11-04;1;
710111;107258;176;BG 2348 - TS;2024-11-09 12:17:00;OMV EVRO DIZEL;36.09;6,784.92;1,130.82;00500721;0;0;                  ;SR;CACAK 2;OMV EVRO DIZEL;188.000;6,784.92;0.00;0.00;1,130.82;RSD;8914401397;2024-11-15;YES;NO;117;OMV-RS;;;;D;7,001.50;Yes;721724;2024-11-09;1;
710111;107258;176;BG 2348 - TS;2024-11-14 09:47:00;OMV EVRO DIZEL;36.58;6,877.04;1,146.17;00503116;85778;85778;                  ;SR;CACAK 2;OMV EVRO DIZEL;188.000;6,877.04;0.00;0.00;1,146.17;RSD;8914401397;2024-11-15;YES;NO;117;OMV-RS;;;;D;7,096.50;Yes;794731;2024-11-14;1;
710111;107258;176;BG 2348 - TS;2024-11-18 08:24:00;OMV EVRO DIZEL;40.67;7,645.96;1,274.33;00505184;0;0;                  ;SR;CACAK 2;OMV EVRO DIZEL;188.000;7,645.96;0.00;0.00;1,274.33;RSD;8914404050;2024-11-30;YES;NO;117;OMV-RS;;;;D;7,890.00;Yes;782418;2024-11-18;1;
710111;107258;176;BG 2348 - TS;2024-11-25 10:00:00;OMV EVRO DIZEL;36.80;7,028.80;1,171.47;00508696;0;0;                  ;SR;CACAK 2;OMV EVRO DIZEL;191.000;7,028.80;0.00;0.00;1,171.47;RSD;8914404050;2024-11-30;YES;NO;117;OMV-RS;;;;D;7,249.60;Yes;700018;2024-11-25;1;
710111;107258;176;BG 2348 - TS;2024-11-29 09:07:00;OMV EVRO DIZEL;28.73;5,487.43;914.57;00510579;0;0;                  ;SR;CACAK 2;OMV EVRO DIZEL;191.000;5,487.43;0.00;0.00;914.57;RSD;8914404050;2024-11-30;YES;NO;117;OMV-RS;;;;D;5,659.80;Yes;790751;2024-11-29;1;
710111;107258;176;BG 2348 - TS;2024-12-06 09:02:00;OMV EVRO DIZEL;34.00;6,494.00;1,082.33;00513779;0;0;                  ;SR;CACAK 2;OMV EVRO DIZEL;191.000;6,494.00;0.00;0.00;1,082.33;RSD;8914406383;2024-12-15;YES;NO;117;OMV-RS;;;;D;6,698.00;Yes;790331;2024-12-06;1;
710111;107258;176;BG 2348 - TS;2024-12-13 07:00:00;OMV EVRO DIZEL;33.00;6,237.00;1,039.50;00060586;0;0;                  ;SR;CACAK 2;OMV EVRO DIZEL;189.000;6,237.00;0.00;0.00;1,039.50;RSD;8914406383;2024-12-15;YES;NO;117;OMV-RS;;;;D;6,468.00;Yes;770051;2024-12-13;1;
710111;107258;176;BG 2348 - TS;2024-12-19 07:15:00;OMV EVRO DIZEL;36.72;6,940.08;1,156.68;00520118;0;0;                  ;SR;CACAK 2;OMV EVRO DIZEL;189.000;6,940.08;0.00;0.00;1,156.68;RSD;8914409008;2024-12-31;YES;NO;117;OMV-RS;;;;D;7,197.10;Yes;771654;2024-12-19;1;
710111;107258;176;BG 2348 - TS;2024-12-27 07:09:00;OMV EVRO DIZEL;33.48;6,361.20;1,060.20;00523914;0;0;                  ;SR;CACAK 2;OMV EVRO DIZEL;190.000;6,361.20;0.00;0.00;1,060.20;RSD;8914409008;2024-12-31;YES;NO;117;OMV-RS;;;;D;6,595.60;Yes;771035;2024-12-27;1;
710111;107258;176;BG 2348 - TS;2025-02-11 12:58:00;OMV EVRO DIZEL;44.93;8,761.35;1,460.22;00003582;0;0;                  ;SR;CACAK;OMV EVRO DIZEL;195.000;8,761.35;0.00;0.00;1,460.22;RSD;8915359791;2025-02-28;YES;NO;217;OMV-RS;;;;D;9,030.90;Yes;730016;2025-02-11;1;
710111;107258;176;BG 2348 - TS;2025-02-20 07:13:00;OMV EVRO DIZEL;38.33;7,627.67;1,271.28;00012494;0;0;                  ;SR;CACAK 2;OMV EVRO DIZEL;199.000;7,627.67;0.00;0.00;1,271.28;RSD;8915359791;2025-02-28;YES;NO;117;OMV-RS;;;;D;7,781.00;Yes;771637;2025-02-20;1;
710111;107258;176;BG 2348 - TS;2025-02-28 07:18:00;OMV EVRO DIZEL;39.95;7,990.00;1,331.67;00016267;0;0;                  ;SR;CACAK 2;OMV EVRO DIZEL;200.000;7,990.00;0.00;0.00;1,331.67;RSD;8915359791;2025-02-28;YES;NO;117;OMV-RS;;;;D;8,149.80;Yes;772146;2025-02-28;1;
710111;107258;176;BG 2348 - TS;2025-03-06 07:12:00;OMV EVRO DIZEL;43.22;8,535.95;1,422.66;00019173;0;0;                  ;SR;CACAK 2;OMV EVRO DIZEL;197.500;8,535.95;0.00;0.00;1,422.66;RSD;8915362134;2025-03-15;YES;NO;117;OMV-RS;;;;D;8,773.70;Yes;771605;2025-03-06;1;
710111;107258;176;BG 2348 - TS;2025-03-11 06:56:00;OMV EVRO DIZEL;36.50;7,095.60;1,182.60;00021848;0;0;                  ;SR;CACAK 2;OMV EVRO DIZEL;194.400;7,095.60;0.00;0.00;1,182.60;RSD;8915362134;2025-03-15;YES;NO;117;OMV-RS;;;;D;7,300.00;Yes;765945;2025-03-11;1;
710111;107258;176;BG 2348 - TS;2025-03-17 08:17:00;OMV EVRO DIZEL;43.01;8,232.11;1,372.02;00024749;93571;93571;                  ;SR;CACAK 2;OMV EVRO DIZEL;191.400;8,232.11;0.00;0.00;1,372.02;RSD;8915364775;2025-03-31;YES;NO;117;OMV-RS;;;;D;8,473.00;Yes;782139;2025-03-17;1;
710111;107258;176;BG 2348 - TS;2025-03-21 12:49:00;OMV EVRO DIZEL;30.97;5,915.27;985.88;00026439;0;0;                  ;SR;CACAK 2;OMV EVRO DIZEL;191.000;5,915.27;0.00;0.00;985.88;RSD;8915364775;2025-03-31;YES;NO;117;OMV-RS;;;;D;6,101.10;Yes;725336;2025-03-21;1;
710111;107258;176;BG 2348 - TS;2025-03-28 11:18:00;OMV EVRO DIZEL;33.93;6,412.77;1,068.79;00029669;0;0;                  ;SR;CACAK 2;OMV EVRO DIZEL;189.000;6,412.77;0.00;0.00;1,068.79;RSD;8915364775;2025-03-31;YES;NO;117;OMV-RS;;;;D;6,616.40;Yes;712240;2025-03-28;1;
710111;107258;176;BG 2348 - TS;2025-04-07 09:10:00;OMV EVRO DIZEL;40.90;7,771.00;1,295.17;00034621;0;0;                  ;SR;CACAK 2;OMV EVRO DIZEL;190.000;7,771.00;0.00;0.00;1,295.17;RSD;8915367133;2025-04-15;YES;NO;117;OMV-RS;;;;D;8,016.40;Yes;791501;2025-04-07;1;
710111;107258;176;BG 2348 - TS;2025-04-15 07:08:00;OMV EVRO DIZEL;40.26;7,488.36;1,248.06;00038792;0;0;                  ;SR;CACAK 2;OMV EVRO DIZEL;186.000;7,488.36;0.00;0.00;1,248.06;RSD;8915367133;2025-04-15;YES;NO;117;OMV-RS;;;;D;7,729.90;Yes;771330;2025-04-15;1;
710111;107258;176;BG 2348 - TS;2025-04-22 11:14:00;OMV EVRO DIZEL;37.04;6,778.32;1,129.72;00043556;0;0;                  ;SR;CACAK 2;OMV EVRO DIZEL;183.000;6,778.32;0.00;0.00;1,129.72;RSD;8915369797;2025-04-30;YES;NO;117;OMV-RS;;;;D;7,000.60;Yes;711958;2025-04-22;1;
710111;107258;176;BG 2348 - TS;2025-04-29 06:49:00;OMV EVRO DIZEL;41.80;7,649.40;1,274.90;00047090;0;0;                  ;SR;CACAK 2;OMV EVRO DIZEL;183.000;7,649.40;0.00;0.00;1,274.90;RSD;8915369797;2025-04-30;YES;NO;117;OMV-RS;;;;D;7,900.20;Yes;765437;2025-04-29;1;
710111;107258;176;BG 2348 - TS;2025-05-05 10:07:00;OMV EVRO DIZEL;42.97;7,820.54;1,303.42;00050830;0;0;                  ;SR;CACAK 2;OMV EVRO DIZEL;182.000;7,820.54;0.00;0.00;1,303.42;RSD;8915372197;2025-05-15;YES;NO;117;OMV-RS;;;;D;8,078.40;Yes;701321;2025-05-05;1;
710111;107258;176;BG 2348 - TS;2025-05-12 07:50:00;OMV EVRO DIZEL;42.43;7,637.40;1,272.90;00054581;98651;98651;                  ;SR;CACAK 2;OMV EVRO DIZEL;180.000;7,637.40;0.00;0.00;1,272.90;RSD;8915372197;2025-05-15;YES;NO;117;OMV-RS;;;;D;7,892.00;Yes;775644;2025-05-12;1;
710111;107258;176;BG 2348 - TS;2025-05-16 06:55:00;OMV EVRO DIZEL;32.83;5,909.40;984.90;00056522;0;0;                  ;SR;CACAK 2;OMV EVRO DIZEL;180.000;5,909.40;0.00;0.00;984.90;RSD;8915374857;2025-05-31;YES;NO;117;OMV-RS;;;;D;6,106.40;Yes;770135;2025-05-16;1;
710111;107258;176;BG 2348 - TS;2025-05-27 07:06:00;OMV EVRO DIZEL;43.00;7,783.00;1,297.17;00062099;0;0;                  ;SR;CACAK 2;OMV EVRO DIZEL;181.000;7,783.00;0.00;0.00;1,297.17;RSD;8915374857;2025-05-31;YES;NO;117;OMV-RS;;;;D;8,041.00;Yes;770614;2025-05-27;1;
710111;107258;176;BG 2348 - TS;2025-06-02 07:02:00;OMV EVRO DIZEL;33.32;6,030.92;1,005.15;00065465;0;0;                  ;SR;CACAK 2;OMV EVRO DIZEL;181.000;6,030.92;0.00;0.00;1,005.15;RSD;8915377281;2025-06-15;YES;NO;117;OMV-RS;;;;D;6,230.80;Yes;770222;2025-06-02;1;
710111;107258;176;BG 2348 - TS;2025-06-06 06:15:00;OMV EVRO DIZEL;40.64;7,355.84;1,225.97;00083399;101200;101200;                  ;SR;BUBANJ POTOK;OMV EVRO DIZEL;181.000;7,355.84;0.00;0.00;1,225.97;RSD;8915377281;2025-06-15;YES;NO;217;OMV-RS;;;;D;7,599.70;Yes;761519;2025-06-06;1;
710111;107258;176;BG 2348 - TS;2025-06-10 10:30:00;OMV EVRO DIZEL;47.19;8,541.39;1,423.56;00060058;102050;102050;                  ;SR;KRAGUJEVAC ARS;OMV EVRO DIZEL;181.000;8,541.39;0.00;0.00;1,423.56;RSD;8915377281;2025-06-15;YES;NO;117;OMV-RS;;;;D;8,824.50;Yes;703030;2025-06-10;1;
710111;107258;176;BG 2348 - TS;2025-06-16 14:43:00;OMV EVRO DIZEL;46.20;8,454.60;1,409.10;00091030;102850;102850;                  ;SR;BUBANJ POTOK;OMV EVRO DIZEL;183.000;8,454.60;0.00;0.00;1,409.10;RSD;8915379951;2025-06-30;YES;NO;217;OMV-RS;;;;D;8,731.80;Yes;744348;2025-06-16;1;
710111;107258;176;BG 2348 - TS;2025-06-25 06:17:00;OMV EVRO DIZEL;40.83;7,594.38;1,265.73;00097389;103590;103590;                  ;SR;BUBANJ POTOK;OMV EVRO DIZEL;186.000;7,594.38;0.00;0.00;1,265.73;RSD;8915379951;2025-06-30;YES;NO;217;OMV-RS;;;;D;7,839.40;Yes;761803;2025-06-25;1;
710111;107258;176;BG 2348 - TS;2025-07-01 06:19:00;OMV EVRO DIZEL;38.38;7,215.44;1,202.57;00101766;104300;104300;                  ;SR;BUBANJ POTOK;OMV EVRO DIZEL;188.000;7,215.44;0.00;0.00;1,202.57;RSD;8915382357;2025-07-15;YES;NO;217;OMV-RS;;;;D;7,445.70;Yes;761915;2025-07-01;1;
710111;107258;176;BG 2348 - TS;2025-07-04 15:09:00;OMV EVRO DIZEL;45.46;8,546.48;1,424.41;00104250;105000;105000;                  ;SR;BUBANJ POTOK;OMV EVRO DIZEL;188.000;8,546.48;0.00;0.00;1,424.41;RSD;8915382357;2025-07-15;YES;NO;217;OMV-RS;;;;D;8,819.20;Yes;750920;2025-07-04;1;
710111;107258;176;BG 2348 - TS;2025-07-09 06:07:00;OMV EVRO DIZEL;40.89;7,687.32;1,281.22;00042760;105715;105715;                  ;SR;BUBANJ POTOK;OMV EVRO DIZEL;188.000;7,687.32;0.00;0.00;1,281.22;RSD;8915382357;2025-07-15;YES;NO;217;OMV-RS;;;;D;7,932.70;Yes;760706;2025-07-09;1;
710111;107258;176;BG 2348 - TS;2025-07-15 06:09:00;OMV EVRO DIZEL;40.57;7,708.30;1,284.72;00111224;106400;106400;                  ;SR;BUBANJ POTOK;OMV EVRO DIZEL;190.000;7,708.30;0.00;0.00;1,284.72;RSD;8915382357;2025-07-15;YES;NO;217;OMV-RS;;;;D;7,951.70;Yes;760911;2025-07-15;1;
710111;107258;176;BG 2348 - TS;2025-07-21 06:15:00;OMV EVRO DIZEL;43.18;8,247.38;1,374.56;00377412;107100;107100;                  ;SR;BUBANJ POTOK;OMV EVRO DIZEL;191.000;8,247.38;0.00;0.00;1,374.56;RSD;8915385043;2025-07-31;YES;NO;217;OMV-RS;;;;D;8,506.50;Yes;761502;2025-07-21;1;
710111;107258;176;BG 2348 - TS;2025-07-24 08:22:00;OMV EVRO DIZEL;39.32;7,510.12;1,251.69;00117126;107777;107777;                  ;SR;BUBANJ POTOK;OMV EVRO DIZEL;191.000;7,510.12;0.00;0.00;1,251.69;RSD;8915385043;2025-07-31;YES;NO;217;OMV-RS;;;;D;7,746.00;Yes;782216;2025-07-24;1;
710111;107258;176;BG 2348 - TS;2025-08-05 05:58:00;OMV EVRO DIZEL;44.82;8,515.80;1,419.30;00383244;108550;108550;                  ;SR;BUBANJ POTOK;OMV EVRO DIZEL;190.000;8,515.80;0.00;0.00;1,419.30;RSD;8915387463;2025-08-15;YES;NO;217;OMV-RS;;;;D;8,784.70;Yes;755817;2025-08-05;1;
710111;107258;176;BG 2348 - TS;2025-08-06 06:08:00;AdBlue Kanister;1.00;2,099.00;349.83;00126727;0;0;                  ;SR;BUBANJ POTOK;AdBlue Kanister;2,099.000;2,099.00;0.00;0.00;349.83;RSD;8915387463;2025-08-15;YES;NO;217;OMV-RS;;;;D;0.00;No;760856;2025-08-06;1;
710111;107258;176;BG 2348 - TS;2025-08-08 06:09:00;OMV EVRO DIZEL;46.05;8,703.45;1,450.57;00128325;109320;109320;                  ;SR;BUBANJ POTOK;OMV EVRO DIZEL;189.000;8,703.45;0.00;0.00;1,450.57;RSD;8915387463;2025-08-15;YES;NO;217;OMV-RS;;;;D;9,025.80;Yes;760959;2025-08-08;1;
710111;107258;176;BG 2348 - TS;2025-08-12 06:10:00;OMV EVRO DIZEL;40.52;7,536.72;1,256.12;00131331;110000;110000;                  ;SR;BUBANJ POTOK;OMV EVRO DIZEL;186.000;7,536.72;0.00;0.00;1,256.12;RSD;8915387463;2025-08-15;YES;NO;217;OMV-RS;;;;D;7,820.40;Yes;761011;2025-08-12;1;
710111;107258;176;BG 2348 - TS;2025-08-16 06:08:00;OMV EVRO DIZEL;38.31;7,087.35;1,181.22;00134439;110690;110690;                  ;SR;BUBANJ POTOK;OMV EVRO DIZEL;185.000;7,087.35;0.00;0.00;1,181.22;RSD;8915390137;2025-08-31;YES;NO;217;OMV-RS;;;;D;7,355.50;Yes;760847;2025-08-16;1;
710111;107258;176;BG 2348 - TS;2025-08-21 08:36:00;OMV EVRO DIZEL;39.25;7,261.25;1,210.21;00138193;111350;111350;                  ;SR;BUBANJ POTOK;OMV EVRO DIZEL;185.000;7,261.25;0.00;0.00;1,210.21;RSD;8915390137;2025-08-31;YES;NO;217;OMV-RS;;;;D;7,536.00;Yes;783609;2025-08-21;1;
710111;107258;176;BG 2348 - TS;2025-08-27 06:04:00;OMV EVRO DIZEL;42.37;7,838.45;1,306.41;00142568;112100;112100;                  ;SR;BUBANJ POTOK;OMV EVRO DIZEL;185.000;7,838.45;0.00;0.00;1,306.41;RSD;8915390137;2025-08-31;YES;NO;217;OMV-RS;;;;D;8,135.00;Yes;760432;2025-08-27;1;
710111;107258;176;BG 2348 - TS;2025-09-01 14:30:00;OMV EVRO DIZEL;42.73;7,947.78;1,324.63;00061590;112800;112800;                  ;SR;BUBANJ POTOK;OMV EVRO DIZEL;186.000;7,947.78;0.00;0.00;1,324.63;RSD;8915392542;2025-09-15;YES;NO;217;OMV-RS;;;;D;8,246.90;Yes;743026;2025-09-01;1;
710111;107258;176;BG 2348 - TS;2025-09-04 10:12:00;OMV EVRO DIZEL;37.74;7,019.64;1,169.94;00139178;113450;113450;                  ;SR;LAPOVO JUG;OMV EVRO DIZEL;186.000;7,019.64;0.00;0.00;1,169.94;RSD;8915392542;2025-09-15;YES;NO;217;OMV-RS;;;;D;7,283.80;Yes;701236;2025-09-04;1;
710111;107258;176;BG 2348 - TS;2025-09-09 06:16:00;OMV EVRO DIZEL;44.00;8,228.00;1,371.33;00151506;114200;114200;                  ;SR;BUBANJ POTOK;OMV EVRO DIZEL;187.000;8,228.00;0.00;0.00;1,371.33;RSD;8915392542;2025-09-15;YES;NO;217;OMV-RS;;;;D;8,536.00;Yes;761627;2025-09-09;1;
710111;107258;176;BG 2348 - TS;2025-09-15 06:10:00;OMV EVRO DIZEL;40.49;7,571.63;1,261.94;00155514;114900;114900;                  ;SR;BUBANJ POTOK;OMV EVRO DIZEL;187.000;7,571.63;0.00;0.00;1,261.94;RSD;8915392542;2025-09-15;YES;NO;217;OMV-RS;;;;D;7,855.10;Yes;761040;2025-09-15;1;
710111;107258;176;BG 2348 - TS;2025-09-23 06:15:00;AdBlue Kanister;1.00;2,099.00;349.83;00160680;115550;115550;                  ;SR;BUBANJ POTOK;AdBlue Kanister;2,099.000;2,099.00;0.00;0.00;349.83;RSD;8915395222;2025-09-30;YES;NO;217;OMV-RS;;;;D;0.00;No;761528;2025-09-23;1;
710111;107258;176;BG 2348 - TS;2025-09-23 06:15:00;OMV EVRO DIZEL;37.30;7,012.40;1,168.73;00160680;115550;115550;                  ;SR;BUBANJ POTOK;OMV EVRO DIZEL;188.000;7,012.40;0.00;0.00;1,168.73;RSD;8915395222;2025-09-30;YES;NO;217;OMV-RS;;;;D;7,273.50;Yes;761528;2025-09-23;1;
710111;107258;176;BG 2348 - TS;2025-09-27 06:13:00;OMV EVRO DIZEL;43.13;8,108.44;1,351.41;00163207;116300;116300;                  ;SR;BUBANJ POTOK;OMV EVRO DIZEL;188.000;8,108.44;0.00;0.00;1,351.41;RSD;8915395222;2025-09-30;YES;NO;217;OMV-RS;;;;D;8,410.40;Yes;761339;2025-09-27;1;
710111;107258;234;BG 2275 - ZS;2024-01-02 12:46:00;OMV EVRO DIZEL;42.88;7,911.36;1,318.56;00329795;79677;79677;                  ;SR;CACAK 2;OMV EVRO DIZEL;184.500;7,911.36;0.00;0.00;1,318.56;RSD;8914352150;2024-01-15;YES;NO;117;OMV-RS;;;;D;8,361.60;Yes;724630;2024-01-02;1;
710111;107258;234;BG 2275 - ZS;2024-01-10 06:55:00;OMV EVRO DIZEL;35.50;6,514.25;1,085.71;00334075;80396;80396;                  ;SR;CACAK 2;OMV EVRO DIZEL;183.500;6,514.25;0.00;0.00;1,085.71;RSD;8914352150;2024-01-15;YES;NO;117;OMV-RS;;;;D;6,887.00;Yes;765540;2024-01-10;1;
710111;107258;234;BG 2275 - ZS;2024-01-14 06:49:00;OMV EVRO DIZEL;43.81;8,039.14;1,339.86;00323207;81198;81198;                  ;SR;CELIJE;OMV EVRO DIZEL;183.500;8,039.14;0.00;0.00;1,339.86;RSD;8914352150;2024-01-15;YES;NO;117;OMV-RS;;;;D;8,499.10;Yes;765000;2024-01-14;1;
710111;107258;234;BG 2275 - ZS;2024-01-18 18:10:00;OMV EVRO DIZEL;31.46;5,772.91;962.15;00338450;81859;81859;                  ;SR;CACAK 2;OMV EVRO DIZEL;183.500;5,772.91;0.00;0.00;962.15;RSD;8914354763;2024-01-31;YES;NO;117;OMV-RS;;;;D;6,103.20;Yes;781015;2024-01-18;1;
710111;107258;234;BG 2275 - ZS;2024-01-26 12:24:00;OMV EVRO DIZEL;37.95;7,039.73;1,173.29;00119614;82518;82518;                  ;SR;GORNJI MILANOVAC;OMV EVRO DIZEL;185.500;7,039.73;0.00;0.00;1,173.29;RSD;8914354763;2024-01-31;YES;NO;117;OMV-RS;;;;D;7,438.20;Yes;722447;2024-01-26;1;
710111;107258;234;BG 2275 - ZS;2024-01-28 08:13:00;OMV EVRO DIZEL;32.96;6,163.52;1,027.25;00343200;83255;83255;                  ;SR;CACAK 2;OMV EVRO DIZEL;187.000;6,163.52;0.00;0.00;1,027.25;RSD;8914354763;2024-01-31;YES;NO;117;OMV-RS;;;;D;6,526.10;Yes;781321;2024-01-28;1;
710111;107258;234;BG 2275 - ZS;2024-02-01 15:25:00;OMV EVRO DIZEL;37.60;7,050.00;1,175.00;00345297;83970;83970;                  ;SR;CACAK 2;OMV EVRO DIZEL;187.500;7,050.00;0.00;0.00;1,175.00;RSD;8914357027;2024-02-15;YES;NO;117;OMV-RS;;;;D;7,444.80;Yes;752559;2024-02-01;1;
710111;107258;234;BG 2275 - ZS;2024-02-09 11:43:00;OMV EVRO DIZEL;34.81;6,596.50;1,099.42;00349272;84959;84959;                  ;SR;CACAK 2;OMV EVRO DIZEL;189.500;6,596.50;0.00;0.00;1,099.42;RSD;8914357027;2024-02-15;YES;NO;117;OMV-RS;;;;D;6,962.00;Yes;714308;2024-02-09;1;
710111;107258;234;BG 2275 - ZS;2024-02-15 09:45:00;OMV EVRO DIZEL;34.82;6,737.67;1,122.94;00352346;85361;85361;                  ;SR;CACAK 2;OMV EVRO DIZEL;193.500;6,737.67;0.00;0.00;1,122.94;RSD;8914357027;2024-02-15;YES;NO;117;OMV-RS;;;;D;7,138.10;Yes;794543;2024-02-15;1;
710111;107258;234;BG 2275 - ZS;2024-02-23 07:11:00;OMV EVRO DIZEL;34.88;6,784.16;1,130.69;00356472;85055;85055;                  ;SR;CACAK 2;OMV EVRO DIZEL;194.500;6,784.16;0.00;0.00;1,130.69;RSD;8914359644;2024-02-29;YES;NO;117;OMV-RS;;;;D;7,150.40;Yes;771128;2024-02-23;1;
710111;107258;234;BG 2275 - ZS;2024-02-25 10:55:00;AdBlue;13.00;1,170.00;195.00;00073721;86875;86875;                  ;SR;CACAK;AdBlue;99.000;1,287.00;97.50;0.00;195.00;RSD;8914359644;2024-02-29;YES;NO;217;OMV-RS;;;;D;0.00;No;705517;2024-02-25;1;
710111;107258;234;BG 2275 - ZS;2024-02-25 10:55:00;OMV EVRO DIZEL;38.65;7,575.40;1,262.57;00073721;86875;86875;                  ;SR;CACAK;OMV EVRO DIZEL;196.000;7,575.40;0.00;0.00;1,262.57;RSD;8914359644;2024-02-29;YES;NO;217;OMV-RS;;;;D;7,961.90;Yes;705517;2024-02-25;1;
710111;107258;234;BG 2275 - ZS;2024-03-02 08:29:00;OMV EVRO DIZEL;41.17;8,069.32;1,344.89;00360670;87779;87779;                  ;SR;CACAK 2;OMV EVRO DIZEL;196.000;8,069.32;0.00;0.00;1,344.89;RSD;8914361928;2024-03-15;YES;NO;117;OMV-RS;;;;D;8,398.70;Yes;782945;2024-03-02;1;
710111;107258;234;BG 2275 - ZS;2024-03-05 06:05:00;OMV EVRO DIZEL;31.98;6,188.13;1,031.35;00319798;88360;88360;                  ;SR;BULEVAR;OMV EVRO DIZEL;193.500;6,188.13;0.00;0.00;1,031.35;RSD;8914361928;2024-03-15;YES;NO;117;OMV-RS;;;;D;6,523.90;Yes;760601;2024-03-05;1;
710111;107258;234;BG 2275 - ZS;2024-03-09 11:41:00;OMV EVRO DIZEL;38.75;7,478.75;1,246.46;00034843;89205;89205;                  ;SR;CELIJE;OMV EVRO DIZEL;193.000;7,478.75;0.00;0.00;1,246.46;RSD;8914361928;2024-03-15;YES;NO;117;OMV-RS;;;;D;7,827.50;Yes;714122;2024-03-09;1;
710111;107258;234;BG 2275 - ZS;2024-03-14 13:03:00;OMV EVRO DIZEL;37.93;7,263.60;1,210.60;00367177;90037;90037;                  ;SR;CACAK 2;OMV EVRO DIZEL;191.500;7,263.60;0.00;0.00;1,210.60;RSD;8914361928;2024-03-15;YES;NO;117;OMV-RS;;;;D;7,661.90;Yes;730341;2024-03-14;1;
710111;107258;234;BG 2275 - ZS;2024-03-22 12:28:00;OMV EVRO DIZEL;34.38;6,463.44;1,077.24;00370979;90820;90820;                  ;SR;CACAK 2;OMV EVRO DIZEL;188.000;6,463.44;0.00;0.00;1,077.24;RSD;8914364543;2024-03-31;YES;NO;117;OMV-RS;;;;D;6,841.60;Yes;722903;2024-03-22;1;
710111;107258;234;BG 2275 - ZS;2024-04-01 16:23:00;OMV EVRO DIZEL;41.89;8,021.94;1,336.99;00239255;92409;92409;                  ;SR;KNEZEVAC;OMV EVRO DIZEL;191.500;8,021.94;0.00;0.00;1,336.99;RSD;8914366835;2024-04-15;YES;NO;217;OMV-RS;;;;D;8,503.70;Yes;762332;2024-04-01;1;
710111;107258;234;BG 2275 - ZS;2024-04-06 08:28:00;OMV EVRO DIZEL;36.75;7,056.00;1,176.00;00378506;93258;93258;                  ;SR;CACAK 2;OMV EVRO DIZEL;192.000;7,056.00;0.00;0.00;1,176.00;RSD;8914366835;2024-04-15;YES;NO;117;OMV-RS;;;;D;7,570.50;Yes;782855;2024-04-06;1;
710111;107258;234;BG 2275 - ZS;2024-04-08 17:47:00;OMV EVRO DIZEL;36.21;6,952.32;1,158.72;00380004;93670;93670;                  ;SR;CACAK 2;OMV EVRO DIZEL;192.000;6,952.32;0.00;0.00;1,158.72;RSD;8914366835;2024-04-15;YES;NO;117;OMV-RS;;;;D;7,459.30;Yes;774800;2024-04-08;1;
710111;107258;234;BG 2275 - ZS;2024-04-19 10:27:00;OMV EVRO DIZEL;36.95;7,094.40;1,182.40;00385532;94731;94731;                  ;SR;CACAK 2;OMV EVRO DIZEL;192.000;7,094.40;0.00;0.00;1,182.40;RSD;8914369474;2024-04-30;YES;NO;117;OMV-RS;;;;D;7,611.70;Yes;702803;2024-04-19;1;
710111;107258;234;BG 2275 - ZS;2024-04-21 10:57:00;OMV EVRO DIZEL;36.81;7,067.52;1,177.92;00178133;95498;95498;                  ;SR;CACAK;OMV EVRO DIZEL;192.000;7,067.52;0.00;0.00;1,177.92;RSD;8914369474;2024-04-30;YES;NO;217;OMV-RS;;;;D;7,582.90;Yes;705753;2024-04-21;1;
710111;107258;234;BG 2275 - ZS;2024-04-29 21:00:00;OMV EVRO DIZEL;39.88;7,656.96;1,276.16;00349254;96334;96334;                  ;SR;BULEVAR;OMV EVRO DIZEL;192.000;7,656.96;0.00;0.00;1,276.16;RSD;8914369474;2024-04-30;YES;NO;117;OMV-RS;;;;D;8,215.30;Yes;710029;2024-04-29;1;
710111;107258;234;BG 2275 - ZS;2024-05-03 07:28:00;OMV EVRO DIZEL;37.83;7,263.36;1,210.56;00393437;75153;75153;                  ;SR;CACAK 2;OMV EVRO DIZEL;192.000;7,263.36;0.00;0.00;1,210.56;RSD;8914371718;2024-05-15;YES;NO;117;OMV-RS;;;;D;7,755.20;Yes;772838;2024-05-03;1;
710111;107258;234;BG 2275 - ZS;2024-05-08 17:24:00;OMV EVRO DIZEL;42.28;8,117.76;1,352.96;00050482;98121;98121;                  ;SR;CACAK 2;OMV EVRO DIZEL;192.000;8,117.76;0.00;0.00;1,352.96;RSD;8914371718;2024-05-15;YES;NO;117;OMV-RS;;;;D;8,667.40;Yes;772507;2024-05-08;1;
710111;107258;234;BG 2275 - ZS;2024-05-12 08:14:00;OMV EVRO DIZEL;43.70;8,368.55;1,394.76;00141464;99054;99054;                  ;SR;GORNJI MILANOVAC;OMV EVRO DIZEL;191.500;8,368.55;0.00;0.00;1,394.76;RSD;8914371718;2024-05-15;YES;NO;117;OMV-RS;;;;D;8,871.10;Yes;781504;2024-05-12;1;
710111;107258;234;BG 2275 - ZS;2024-05-16 21:20:00;OMV EVRO DIZEL;36.50;6,916.75;1,152.79;00401543;99808;99808;                  ;SR;CACAK 2;OMV EVRO DIZEL;189.500;6,916.75;0.00;0.00;1,152.79;RSD;8914374363;2024-05-31;YES;NO;117;OMV-RS;;;;D;7,409.50;Yes;712101;2024-05-16;1;
710111;107258;234;BG 2275 - ZS;2024-05-19 10:31:00;OMV EVRO DIZEL;41.07;7,782.77;1,297.13;00403143;100669;100669;                  ;SR;CACAK 2;OMV EVRO DIZEL;189.500;7,782.77;0.00;0.00;1,297.13;RSD;8914374363;2024-05-31;YES;NO;117;OMV-RS;;;;D;8,255.10;Yes;703155;2024-05-19;1;
710111;107258;234;BG 2275 - ZS;2024-05-23 15:22:00;OMV EVRO DIZEL;42.73;8,011.88;1,335.31;00388473;101493;101493;                  ;SR;CELIJE;OMV EVRO DIZEL;187.500;8,011.88;0.00;0.00;1,335.31;RSD;8914374363;2024-05-31;YES;NO;117;OMV-RS;;;;D;8,588.70;Yes;752230;2024-05-23;1;
710111;107258;234;BG 2275 - ZS;2024-05-31 10:10:00;OMV EVRO DIZEL;40.40;7,575.00;1,262.50;00409747;102406;102406;                  ;SR;CACAK 2;OMV EVRO DIZEL;187.500;7,575.00;0.00;0.00;1,262.50;RSD;8914374363;2024-05-31;YES;NO;117;OMV-RS;;;;D;8,120.40;Yes;701104;2024-05-31;1;
710111;107258;234;BG 2275 - ZS;2024-06-02 11:02:00;OMV EVRO DIZEL;34.93;6,549.38;1,091.56;00411127;103192;103192;                  ;SR;CACAK 2;OMV EVRO DIZEL;187.500;6,549.38;0.00;0.00;1,091.56;RSD;8914376641;2024-06-15;YES;NO;117;OMV-RS;;;;D;7,020.90;Yes;710255;2024-06-02;1;
710111;107258;234;BG 2275 - ZS;2024-06-04 21:40:00;OMV EVRO DIZEL;36.69;6,879.38;1,146.56;00412662;103878;103878;                  ;SR;CACAK 2;OMV EVRO DIZEL;187.500;6,879.38;0.00;0.00;1,146.56;RSD;8914376641;2024-06-15;YES;NO;117;OMV-RS;;;;D;7,374.70;Yes;714107;2024-06-04;1;
710111;107258;234;BG 2275 - ZS;2024-06-11 15:32:00;OMV EVRO DIZEL;40.51;7,514.61;1,252.43;00416780;104709;104709;                  ;SR;CACAK 2;OMV EVRO DIZEL;185.500;7,514.61;0.00;0.00;1,252.43;RSD;8914376641;2024-06-15;YES;NO;117;OMV-RS;;;;D;8,061.50;Yes;753220;2024-06-11;1;
710111;107258;234;BG 2275 - ZS;2024-06-15 10:51:00;OMV EVRO DIZEL;37.46;7,023.75;1,170.62;00195116;105471;105471;                  ;SR;CACAK;OMV EVRO DIZEL;187.500;7,023.75;0.00;0.00;1,170.62;RSD;8914376641;2024-06-15;YES;NO;217;OMV-RS;;;;D;7,529.50;Yes;705211;2024-06-15;1;
710111;107258;234;BG 2275 - ZS;2024-06-18 16:19:00;OMV EVRO DIZEL;41.24;7,732.50;1,288.75;00358847;106346;106346;                  ;SR;KRAGUJEVAC ARS;OMV EVRO DIZEL;187.500;7,732.50;0.00;0.00;1,288.75;RSD;8914379249;2024-06-30;YES;NO;117;OMV-RS;;;;D;8,289.20;Yes;761944;2024-06-18;1;
710111;107258;234;BG 2275 - ZS;2024-06-24 04:04:00;OMV EVRO DIZEL;37.08;7,063.74;1,177.29;00275279;107155;107155;                  ;SR;PARTIZANSKI PUT;OMV EVRO DIZEL;190.500;7,063.74;0.00;0.00;1,177.29;RSD;8914379249;2024-06-30;YES;NO;217;OMV-RS;;;;D;7,527.20;Yes;740432;2024-06-24;1;
710111;107258;234;BG 2275 - ZS;2024-06-26 17:43:00;OMV EVRO DIZEL;38.89;7,447.44;1,241.24;00362509;107861;107861;                  ;SR;KRAGUJEVAC ARS;OMV EVRO DIZEL;191.500;7,447.44;0.00;0.00;1,241.24;RSD;8914379249;2024-06-30;YES;NO;117;OMV-RS;;;;D;7,894.70;Yes;774356;2024-06-26;1;
710111;107258;234;BG 2275 - ZS;2024-06-30 05:33:00;OMV EVRO DIZEL;37.65;7,247.63;1,207.94;00382707;108676;108676;                  ;SR;BULEVAR;OMV EVRO DIZEL;192.500;7,247.63;0.00;0.00;1,207.94;RSD;8914379249;2024-06-30;YES;NO;117;OMV-RS;;;;D;7,718.30;Yes;753354;2024-06-30;1;
710111;107258;234;BG 2275 - ZS;2024-07-02 12:40:00;OMV EVRO DIZEL;40.01;7,781.95;1,296.99;00365186;109457;109457;                  ;SR;KRAGUJEVAC ARS;OMV EVRO DIZEL;194.500;7,781.95;0.00;0.00;1,296.99;RSD;8914381538;2024-07-15;YES;NO;117;OMV-RS;;;;D;8,202.10;Yes;724107;2024-07-02;1;
710111;107258;234;BG 2275 - ZS;2024-07-05 13:41:00;OMV EVRO DIZEL;37.80;7,352.10;1,225.35;00366544;110265;110265;                  ;SR;KRAGUJEVAC ARS;OMV EVRO DIZEL;194.500;7,352.10;0.00;0.00;1,225.35;RSD;8914381538;2024-07-15;YES;NO;117;OMV-RS;;;;D;7,749.00;Yes;734211;2024-07-05;1;
710111;107258;234;BG 2275 - ZS;2024-07-09 14:25:00;OMV EVRO DIZEL;44.31;8,640.45;1,440.07;00154776;111114;111114;                  ;SR;GORNJI MILANOVAC;OMV EVRO DIZEL;195.000;8,640.45;0.00;0.00;1,440.07;RSD;8914381538;2024-07-15;YES;NO;117;OMV-RS;;;;D;9,216.50;Yes;742600;2024-07-09;1;
710111;107258;234;BG 2275 - ZS;2024-07-10 16:52:00;AdBlue Kanister;1.00;999.00;166.50;00155020;111495;111495;                  ;SR;GORNJI MILANOVAC;AdBlue Kanister;999.000;999.00;0.00;0.00;166.50;RSD;8914381538;2024-07-15;YES;NO;117;OMV-RS;;;;D;0.00;No;765227;2024-07-10;1;
710111;107258;234;BG 2275 - ZS;2024-07-11 15:39:00;AdBlue Kanister;1.00;2,099.00;349.83;00369339;111917;111917;                  ;SR;KRAGUJEVAC ARS;AdBlue Kanister;2,099.000;2,099.00;0.00;0.00;349.83;RSD;8914381538;2024-07-15;YES;NO;117;OMV-RS;;;;D;0.00;No;753929;2024-07-11;1;
710111;107258;234;BG 2275 - ZS;2024-07-15 10:35:00;OMV EVRO DIZEL;46.51;9,022.94;1,503.82;00432384;112056;112056;                  ;SR;BUBANJ POTOK;OMV EVRO DIZEL;194.000;9,022.94;0.00;0.00;1,503.82;RSD;8914381538;2024-07-15;YES;NO;217;OMV-RS;;;;D;9,674.10;Yes;703555;2024-07-15;1;
710111;107258;234;BG 2275 - ZS;2024-07-17 13:37:00;OMV EVRO DIZEL;35.55;6,861.15;1,143.52;00138281;112624;112624;                  ;SR;LAPOVO SEVER;OMV EVRO DIZEL;193.000;6,861.15;0.00;0.00;1,143.52;RSD;8914384146;2024-07-31;YES;NO;217;OMV-RS;;;;D;7,394.40;Yes;734536;2024-07-17;1;
710111;107258;234;BG 2275 - ZS;2024-07-19 13:06:00;OMV EVRO DIZEL;34.39;6,602.88;1,100.48;00396014;113152;113152;                  ;SR;LAPOVO SEVER;OMV EVRO DIZEL;192.000;6,602.88;0.00;0.00;1,100.48;RSD;8914384146;2024-07-31;YES;NO;217;OMV-RS;;;;D;7,153.10;Yes;731453;2024-07-19;1;
710111;107258;234;BG 2275 - ZS;2024-07-23 05:08:00;OMV EVRO DIZEL;35.19;6,686.10;1,114.35;00395613;113822;113822;                  ;SR;BULEVAR;OMV EVRO DIZEL;190.000;6,686.10;0.00;0.00;1,114.35;RSD;8914384146;2024-07-31;YES;NO;117;OMV-RS;;;;D;7,214.00;Yes;750851;2024-07-23;1;
710111;107258;234;BG 2275 - ZS;2024-07-26 06:36:00;OMV EVRO DIZEL;37.42;7,109.80;1,184.97;00376277;114566;114566;                  ;SR;KRAGUJEVAC ARS;OMV EVRO DIZEL;190.000;7,109.80;0.00;0.00;1,184.97;RSD;8914384146;2024-07-31;YES;NO;117;OMV-RS;;;;D;7,671.10;Yes;763632;2024-07-26;1;
710111;107258;234;BG 2275 - ZS;2024-07-30 04:35:00;OMV EVRO DIZEL;36.48;6,858.24;1,143.04;00399188;115265;115265;                  ;SR;BULEVAR;OMV EVRO DIZEL;188.000;6,858.24;0.00;0.00;1,143.04;RSD;8914384146;2024-07-31;YES;NO;117;OMV-RS;;;;D;7,369.00;Yes;743526;2024-07-30;1;
710111;107258;234;BG 2275 - ZS;2024-08-02 15:58:00;OMV EVRO DIZEL;38.00;7,106.00;1,184.33;00447305;116076;116076;                  ;SR;CACAK 2;OMV EVRO DIZEL;187.000;7,106.00;0.00;0.00;1,184.33;RSD;8914386444;2024-08-15;YES;NO;117;OMV-RS;;;;D;7,638.00;Yes;755903;2024-08-02;1;
710111;107258;234;BG 2275 - ZS;2024-08-05 05:57:00;OMV EVRO DIZEL;35.58;6,653.46;1,108.91;00402390;116834;116834;                  ;SR;BULEVAR;OMV EVRO DIZEL;187.000;6,653.46;0.00;0.00;1,108.91;RSD;8914386444;2024-08-15;YES;NO;117;OMV-RS;;;;D;7,151.60;Yes;755723;2024-08-05;1;
710111;107258;234;BG 2275 - ZS;2024-08-08 01:41:00;OMV EVRO DIZEL;38.16;7,135.92;1,189.32;00450317;117606;117606;                  ;SR;CACAK 2;OMV EVRO DIZEL;187.000;7,135.92;0.00;0.00;1,189.32;RSD;8914386444;2024-08-15;YES;NO;117;OMV-RS;;;;D;7,670.20;Yes;714127;2024-08-08;1;
710111;107258;234;BG 2275 - ZS;2024-08-11 08:03:00;OMV EVRO DIZEL;39.56;7,279.04;1,213.17;00452150;118499;118499;                  ;SR;CACAK 2;OMV EVRO DIZEL;184.000;7,358.16;0.00;0.00;1,213.17;RSD;8914386444;2024-08-15;YES;NO;117;OMV-RS;;;;D;7,832.90;Yes;780338;2024-08-11;1;
710111;107258;234;BG 2275 - ZS;2024-08-16 09:43:00;OMV EVRO DIZEL;39.46;7,260.64;1,210.11;00455214;119240;119240;                  ;SR;CACAK 2;OMV EVRO DIZEL;184.000;7,260.64;0.00;0.00;1,210.11;RSD;8914389074;2024-08-31;YES;NO;117;OMV-RS;;;;D;7,813.10;Yes;794355;2024-08-16;1;
710111;107258;234;BG 2275 - ZS;2024-08-20 12:45:00;OMV EVRO DIZEL;44.73;8,230.32;1,371.72;00018587;120173;120173;                  ;SR;CACAK;OMV EVRO DIZEL;184.000;8,230.32;0.00;0.00;1,371.72;RSD;8914389074;2024-08-31;YES;NO;217;OMV-RS;;;;D;8,856.50;Yes;724514;2024-08-20;1;
710111;107258;234;BG 2275 - ZS;2024-08-26 15:49:00;OMV EVRO DIZEL;44.60;8,072.60;1,345.43;00461408;121057;121057;                  ;SR;BUBANJ POTOK;OMV EVRO DIZEL;181.000;8,072.60;0.00;0.00;1,345.43;RSD;8914389074;2024-08-31;YES;NO;217;OMV-RS;;;;D;8,697.00;Yes;754927;2024-08-26;1;
710111;107258;234;BG 2275 - ZS;2024-08-30 17:22:00;OMV EVRO DIZEL;41.07;7,392.60;1,232.10;00319581;122165;122165;                  ;SR;JURIJA GAGARINA;OMV EVRO DIZEL;180.000;7,392.60;0.00;0.00;1,232.10;RSD;8914389074;2024-08-31;YES;NO;217;OMV-RS;;;;D;7,967.60;Yes;772225;2024-08-30;1;
710111;107258;234;BG 2275 - ZS;2024-09-07 11:21:00;OMV EVRO DIZEL;37.70;6,786.00;1,131.00;00468189;122899;122899;                  ;SR;CACAK 2;OMV EVRO DIZEL;180.000;6,786.00;0.00;0.00;1,131.00;RSD;8914391411;2024-09-15;YES;NO;117;OMV-RS;;;;D;7,313.80;Yes;712141;2024-09-07;1;
710111;107258;234;BG 2275 - ZS;2024-09-14 07:14:00;OMV EVRO DIZEL;37.23;6,608.33;1,101.39;00424039;123280;123280;                  ;SR;BULEVAR;OMV EVRO DIZEL;177.500;6,608.33;0.00;0.00;1,101.39;RSD;8914391411;2024-09-15;YES;NO;117;OMV-RS;;;;D;7,110.90;Yes;771443;2024-09-14;1;
710111;107258;234;BG 2275 - ZS;2024-09-16 13:23:00;OMV EVRO DIZEL;41.46;7,359.15;1,226.52;00223287;124300;124300;                  ;SR;CACAK;OMV EVRO DIZEL;177.500;7,359.15;0.00;0.00;1,226.52;RSD;8914394055;2024-09-30;YES;NO;217;OMV-RS;;;;D;7,918.90;Yes;732319;2024-09-16;1;
710111;107258;234;BG 2275 - ZS;2024-09-21 15:44:00;OMV EVRO DIZEL;41.93;7,400.65;1,233.44;00475707;125355;125355;                  ;SR;CACAK 2;OMV EVRO DIZEL;176.500;7,400.65;0.00;0.00;1,233.44;RSD;8914394055;2024-09-30;YES;NO;117;OMV-RS;;;;D;7,966.70;Yes;754457;2024-09-21;1;
710111;107258;234;BG 2275 - ZS;2024-09-24 16:52:00;OMV EVRO DIZEL;38.93;6,910.08;1,151.68;00477302;126282;126282;                  ;SR;CACAK 2;OMV EVRO DIZEL;177.500;6,910.08;0.00;0.00;1,151.68;RSD;8914394055;2024-09-30;YES;NO;117;OMV-RS;;;;D;7,396.70;Yes;765249;2024-09-24;1;
710111;107258;234;BG 2275 - ZS;2024-10-01 22:31:00;OMV EVRO DIZEL;41.65;7,392.88;1,232.15;00481004;127196;127196;                  ;SR;CACAK 2;OMV EVRO DIZEL;177.500;7,392.88;0.00;0.00;1,232.15;RSD;8914396403;2024-10-15;YES;NO;117;OMV-RS;;;;D;7,913.50;Yes;723135;2024-10-01;1;
710111;107258;234;BG 2275 - ZS;2024-10-06 06:52:00;OMV EVRO DIZEL;41.42;7,393.47;1,232.24;00436134;128091;128091;                  ;SR;BULEVAR;OMV EVRO DIZEL;178.500;7,393.47;0.00;0.00;1,232.24;RSD;8914396403;2024-10-15;YES;NO;117;OMV-RS;;;;D;7,911.20;Yes;765224;2024-10-06;1;
710111;107258;234;BG 2275 - ZS;2024-10-10 10:06:00;OMV EVRO DIZEL;37.99;6,990.16;1,165.03;00484903;128945;128945;                  ;SR;CACAK 2;OMV EVRO DIZEL;184.000;6,990.16;0.00;0.00;1,165.03;RSD;8914396403;2024-10-15;YES;NO;117;OMV-RS;;;;D;7,256.10;Yes;700627;2024-10-10;1;
710111;107258;234;BG 2275 - ZS;2024-10-16 18:16:00;OMV EVRO DIZEL;42.01;7,855.87;1,309.31;00094687;129755;129755;                  ;SR;CACAK;OMV EVRO DIZEL;187.000;7,855.87;0.00;0.00;1,309.31;RSD;8914399056;2024-10-31;YES;NO;217;OMV-RS;;;;D;8,149.90;Yes;781635;2024-10-16;1;
710111;107258;234;BG 2275 - ZS;2024-10-20 05:31:00;OMV EVRO DIZEL;38.02;7,147.76;1,191.29;00494992;130577;130577;                  ;SR;BUBANJ POTOK;OMV EVRO DIZEL;188.000;7,147.76;0.00;0.00;1,191.29;RSD;8914399056;2024-10-31;YES;NO;217;OMV-RS;;;;D;7,413.90;Yes;753203;2024-10-20;1;
710111;107258;234;BG 2275 - ZS;2024-10-23 21:52:00;OMV EVRO DIZEL;40.73;7,657.24;1,276.21;00492048;131458;131458;                  ;SR;CACAK 2;OMV EVRO DIZEL;188.000;7,657.24;0.00;0.00;1,276.21;RSD;8914399056;2024-10-31;YES;NO;117;OMV-RS;;;;D;7,942.40;Yes;715231;2024-10-23;1;
710111;107258;234;BG 2275 - ZS;2024-10-31 11:23:00;OMV EVRO DIZEL;39.15;7,281.90;1,213.65;00495902;132352;132352;                  ;SR;CACAK 2;OMV EVRO DIZEL;186.000;7,281.90;0.00;0.00;1,213.65;RSD;8914399056;2024-10-31;YES;NO;117;OMV-RS;;;;D;7,556.00;Yes;712335;2024-10-31;1;
710111;107258;234;BG 2275 - ZS;2024-11-02 15:55:00;OMV EVRO DIZEL;37.03;6,850.55;1,141.76;00236545;133125;133125;                  ;SR;CACAK;OMV EVRO DIZEL;185.000;6,850.55;0.00;0.00;1,141.76;RSD;8914401397;2024-11-15;YES;NO;217;OMV-RS;;;;D;7,109.80;Yes;755528;2024-11-02;1;
710111;107258;234;BG 2275 - ZS;2024-11-06 11:03:00;OMV EVRO DIZEL;39.07;7,227.95;1,204.66;00499016;133965;133965;                  ;SR;CACAK 2;OMV EVRO DIZEL;185.000;7,227.95;0.00;0.00;1,204.66;RSD;8914401397;2024-11-15;YES;NO;117;OMV-RS;;;;D;7,501.40;Yes;710322;2024-11-06;1;
710111;107258;234;BG 2275 - ZS;2024-11-12 06:42:00;OMV EVRO DIZEL;40.31;7,578.28;1,263.05;00455164;134773;134773;                  ;SR;BULEVAR;OMV EVRO DIZEL;188.000;7,578.28;0.00;0.00;1,263.05;RSD;8914401397;2024-11-15;YES;NO;117;OMV-RS;;;;D;7,820.10;Yes;764255;2024-11-12;1;
710111;107258;234;BG 2275 - ZS;2024-11-15 07:23:00;OMV EVRO DIZEL;39.87;7,495.56;1,249.26;00456799;135620;135620;                  ;SR;BULEVAR;OMV EVRO DIZEL;188.000;7,495.56;0.00;0.00;1,249.26;RSD;8914401397;2024-11-15;YES;NO;117;OMV-RS;;;;D;7,734.80;Yes;772344;2024-11-15;1;
710111;107258;234;BG 2275 - ZS;2024-11-19 09:06:00;OMV EVRO DIZEL;42.19;7,931.72;1,321.95;00249415;136036;136036;                  ;SR;LAPOVO JUG;OMV EVRO DIZEL;188.000;7,931.72;0.00;0.00;1,321.95;RSD;8914404050;2024-11-30;YES;NO;217;OMV-RS;;;;D;8,184.90;Yes;790627;2024-11-19;1;
710111;107258;234;BG 2275 - ZS;2024-11-22 07:36:00;AdBlue;12.46;1,050.13;175.02;00516391;136583;136583;                  ;SR;BUBANJ POTOK;AdBlue;84.280;1,050.13;0.00;0.00;175.02;RSD;8914404050;2024-11-30;YES;NO;217;OMV-RS;;;;D;1,545.00;Yes;773648;2024-11-22;1;
710111;107258;234;BG 2275 - ZS;2024-11-22 16:25:00;OMV EVRO DIZEL;45.23;8,638.93;1,439.82;00325429;136899;136899;                  ;SR;PARTIZANSKI PUT;OMV EVRO DIZEL;191.000;8,638.93;0.00;0.00;1,439.82;RSD;8914404050;2024-11-30;YES;NO;217;OMV-RS;;;;D;8,910.30;Yes;762547;2024-11-22;1;
710111;107258;234;BG 2275 - ZS;2024-11-26 07:52:00;OMV EVRO DIZEL;39.17;7,481.47;1,246.91;00462290;137865;137865;                  ;SR;BULEVAR;OMV EVRO DIZEL;191.000;7,481.47;0.00;0.00;1,246.91;RSD;8914404050;2024-11-30;YES;NO;117;OMV-RS;;;;D;7,716.50;Yes;775236;2024-11-26;1;
710111;107258;234;BG 2275 - ZS;2024-11-29 06:08:00;OMV EVRO DIZEL;42.68;8,151.88;1,358.65;00463769;138769;138769;                  ;SR;BULEVAR;OMV EVRO DIZEL;191.000;8,151.88;0.00;0.00;1,358.65;RSD;8914404050;2024-11-30;YES;NO;117;OMV-RS;;;;D;8,408.00;Yes;760821;2024-11-29;1;
710111;107258;234;BG 2275 - ZS;2024-12-01 08:42:00;OMV EVRO DIZEL;43.06;8,224.46;1,370.74;00511585;139580;139580;                  ;SR;CACAK 2;OMV EVRO DIZEL;191.000;8,224.46;0.00;0.00;1,370.74;RSD;8914406383;2024-12-15;YES;NO;117;OMV-RS;;;;D;8,482.80;Yes;784307;2024-12-01;1;
710111;107258;234;BG 2275 - ZS;2024-12-05 17:02:00;OMV EVRO DIZEL;40.85;7,802.35;1,300.39;00245455;140585;140585;                  ;SR;CACAK;OMV EVRO DIZEL;191.000;7,802.35;0.00;0.00;1,300.39;RSD;8914406383;2024-12-15;YES;NO;217;OMV-RS;;;;D;8,047.50;Yes;770327;2024-12-05;1;
710111;107258;234;BG 2275 - ZS;2024-12-14 05:12:00;OMV EVRO DIZEL;45.93;8,680.77;1,446.79;00352996;141455;141455;                  ;SR;PARTIZANSKI PUT;OMV EVRO DIZEL;189.000;8,680.77;0.00;0.00;1,446.79;RSD;8914406383;2024-12-15;YES;NO;217;OMV-RS;;;;D;9,002.30;Yes;751310;2024-12-14;1;
710111;107258;234;BG 2275 - ZS;2024-12-20 14:44:00;OMV EVRO DIZEL;45.47;8,593.83;1,432.30;00355012;142339;142339;                  ;SR;KNEZEVAC;OMV EVRO DIZEL;189.000;8,593.83;0.00;0.00;1,432.30;RSD;8914409008;2024-12-31;YES;NO;217;OMV-RS;;;;D;8,912.10;Yes;744535;2024-12-20;1;
710111;107258;234;BG 2275 - ZS;2024-12-26 15:41:00;OMV EVRO DIZEL;44.66;8,485.40;1,414.23;00523647;143091;143091;                  ;SR;CACAK 2;OMV EVRO DIZEL;190.000;8,485.40;0.00;0.00;1,414.23;RSD;8914409008;2024-12-31;YES;NO;117;OMV-RS;;;;D;8,798.00;Yes;754236;2024-12-26;1;
710111;107258;234;BG 2275 - ZS;2024-12-30 16:52:00;OMV EVRO DIZEL;47.20;8,968.00;1,494.67;00539963;143928;143928;                  ;SR;BUBANJ POTOK;OMV EVRO DIZEL;190.000;8,968.00;0.00;0.00;1,494.67;RSD;8914409008;2024-12-31;YES;NO;217;OMV-RS;;;;D;9,298.40;Yes;765615;2024-12-30;1;
710111;107258;234;BG 2275 - ZS;2025-01-03 05:52:00;OMV EVRO DIZEL;37.23;7,073.70;1,178.95;00481976;144666;144666;                  ;SR;BULEVAR;OMV EVRO DIZEL;190.000;7,073.70;0.00;0.00;1,178.95;RSD;8915352029;2025-01-15;YES;NO;117;OMV-RS;;;;D;7,334.30;Yes;755427;2025-01-03;1;
710111;107258;234;BG 2275 - ZS;2025-01-05 06:49:00;OMV EVRO DIZEL;39.70;7,622.40;1,270.40;00044096;145479;145479;                  ;SR;CELIJE;OMV EVRO DIZEL;192.000;7,622.40;0.00;0.00;1,270.40;RSD;8915352029;2025-01-15;YES;NO;117;OMV-RS;;;;D;7,900.30;Yes;765125;2025-01-05;1;
710111;107258;234;BG 2275 - ZS;2025-01-09 16:04:00;OMV EVRO DIZEL;41.98;8,060.16;1,343.36;00100236;146344;146344;                  ;SR;CACAK;OMV EVRO DIZEL;192.000;8,060.16;0.00;0.00;1,343.36;RSD;8915352029;2025-01-15;YES;NO;217;OMV-RS;;;;D;8,354.00;Yes;760555;2025-01-09;1;
710111;107258;234;BG 2275 - ZS;2025-01-12 08:09:00;OMV EVRO DIZEL;42.00;8,148.00;1,358.00;00533300;147480;147480;                  ;SR;CACAK 2;OMV EVRO DIZEL;194.000;8,148.00;0.00;0.00;1,358.00;RSD;8915352029;2025-01-15;YES;NO;117;OMV-RS;;;;D;8,442.00;Yes;781056;2025-01-12;1;
710111;107258;234;BG 2275 - ZS;2025-01-21 06:49:00;OMV EVRO DIZEL;38.11;7,545.78;1,257.63;00490206;148055;148055;                  ;SR;BULEVAR;OMV EVRO DIZEL;198.000;7,545.78;0.00;0.00;1,257.63;RSD;8915354647;2025-01-31;YES;NO;117;OMV-RS;;;;D;7,774.40;Yes;765128;2025-01-21;1;
710111;107258;234;BG 2275 - ZS;2025-01-29 07:49:00;OMV EVRO DIZEL;43.85;8,682.30;1,447.05;00004206;148877;148877;                  ;SR;BUBANJ POTOK;OMV EVRO DIZEL;198.000;8,682.30;0.00;0.00;1,447.05;RSD;8915354647;2025-01-31;YES;NO;217;OMV-RS;;;;D;8,945.40;Yes;775515;2025-01-29;1;
710111;107258;234;BG 2275 - ZS;2025-02-04 11:24:00;OMV EVRO DIZEL;44.28;8,634.60;1,439.10;00003586;149732;149732;                  ;SR;KRAGUJEVAC ARS;OMV EVRO DIZEL;195.000;8,634.60;0.00;0.00;1,439.10;RSD;8915357106;2025-02-15;YES;NO;117;OMV-RS;;;;D;8,900.30;Yes;712555;2025-02-04;1;
710111;107258;234;BG 2275 - ZS;2025-02-11 13:25:00;OMV EVRO DIZEL;43.58;8,498.10;1,416.35;00000879;150556;150556;                  ;SR;CACAK 2;OMV EVRO DIZEL;195.000;8,498.10;0.00;0.00;1,416.35;RSD;8915359791;2025-02-28;YES;NO;117;OMV-RS;;;;D;8,759.60;Yes;732826;2025-02-11;1;
710111;107258;234;BG 2275 - ZS;2025-02-19 10:00:00;OMV EVRO DIZEL;40.73;8,105.27;1,350.88;00004267;151283;151283;                  ;SR;GORNJI MILANOVAC;OMV EVRO DIZEL;199.000;8,105.27;0.00;0.00;1,350.88;RSD;8915359791;2025-02-28;YES;NO;117;OMV-RS;;;;D;8,268.20;Yes;700236;2025-02-19;1;
710111;107258;234;BG 2275 - ZS;2025-02-25 10:38:00;OMV EVRO DIZEL;41.69;8,338.00;1,389.67;00014973;152028;152028;                  ;SR;CACAK 2;OMV EVRO DIZEL;200.000;8,338.00;0.00;0.00;1,389.67;RSD;8915359791;2025-02-28;YES;NO;117;OMV-RS;;;;D;8,504.80;Yes;704210;2025-02-25;1;
710111;107258;234;BG 2275 - ZS;2025-03-05 17:30:00;OMV EVRO DIZEL;45.29;9,012.71;1,502.12;00002362;152781;152781;                  ;SR;CACAK;OMV EVRO DIZEL;199.000;9,012.71;0.00;0.00;1,502.12;RSD;8915362134;2025-03-15;YES;NO;217;OMV-RS;;;;D;9,193.90;Yes;773249;2025-03-05;1;
710111;107258;234;BG 2275 - ZS;2025-03-13 20:10:00;OMV EVRO DIZEL;43.82;8,518.61;1,419.77;00023101;153678;153678;                  ;SR;CACAK 2;OMV EVRO DIZEL;194.400;8,518.61;0.00;0.00;1,419.77;RSD;8915362134;2025-03-15;YES;NO;117;OMV-RS;;;;D;8,764.00;Yes;701415;2025-03-13;1;
710111;107258;234;BG 2275 - ZS;2025-03-20 14:02:00;OMV EVRO DIZEL;43.87;8,379.17;1,396.53;00003108;154468;154468;                  ;SR;CACAK;OMV EVRO DIZEL;191.000;8,379.17;0.00;0.00;1,396.53;RSD;8915364775;2025-03-31;YES;NO;217;OMV-RS;;;;D;8,642.40;Yes;740517;2025-03-20;1;
710111;107258;234;BG 2275 - ZS;2025-03-26 17:44:00;OMV EVRO DIZEL;40.79;7,709.31;1,284.88;00014904;155232;155232;                  ;SR;CACAK;OMV EVRO DIZEL;189.000;7,709.31;0.00;0.00;1,284.88;RSD;8915364775;2025-03-31;YES;NO;217;OMV-RS;;;;D;7,954.10;Yes;774708;2025-03-26;1;
710111;107258;234;BG 2275 - ZS;2025-03-31 16:24:00;OMV EVRO DIZEL;43.92;8,344.80;1,390.80;00040058;156073;156073;                  ;SR;BUBANJ POTOK;OMV EVRO DIZEL;190.000;8,344.80;0.00;0.00;1,390.80;RSD;8915364775;2025-03-31;YES;NO;217;OMV-RS;;;;D;8,608.30;Yes;762503;2025-03-31;1;
710111;107258;234;BG 2275 - ZS;2025-04-08 17:33:00;OMV EVRO DIZEL;43.00;8,170.00;1,361.67;00044709;156927;156927;                  ;SR;BUBANJ POTOK;OMV EVRO DIZEL;190.000;8,170.00;0.00;0.00;1,361.67;RSD;8915367133;2025-04-15;YES;NO;217;OMV-RS;;;;D;8,428.00;Yes;773342;2025-04-08;1;
710111;107258;234;BG 2275 - ZS;2025-04-17 02:23:00;OMV EVRO DIZEL;41.88;7,789.68;1,298.28;00039851;157909;157909;                  ;SR;CACAK 2;OMV EVRO DIZEL;186.000;7,789.68;0.00;0.00;1,298.28;RSD;8915369797;2025-04-30;YES;NO;117;OMV-RS;;;;D;8,041.00;Yes;722802;2025-04-17;1;
710111;107258;234;BG 2275 - ZS;2025-04-24 17:03:00;OMV EVRO DIZEL;38.88;7,115.04;1,185.84;00023930;158640;158640;                  ;SR;CACAK;OMV EVRO DIZEL;183.000;7,115.04;0.00;0.00;1,185.84;RSD;8915369797;2025-04-30;YES;NO;217;OMV-RS;;;;D;7,348.30;Yes;770322;2025-04-24;1;
710111;107258;234;BG 2275 - ZS;2025-04-30 15:13:00;OMV EVRO DIZEL;40.96;7,454.72;1,242.45;00025853;159439;159439;                  ;SR;CACAK;OMV EVRO DIZEL;182.000;7,454.72;0.00;0.00;1,242.45;RSD;8915369797;2025-04-30;YES;NO;217;OMV-RS;;;;D;7,700.50;Yes;751315;2025-04-30;1;
710111;107258;234;BG 2275 - ZS;2025-04-30 15:16:00;AdBlue;13.77;1,229.39;204.90;00025855;159439;159439;                  ;SR;CACAK;AdBlue;89.280;1,229.39;0.00;0.00;204.90;RSD;8915369797;2025-04-30;YES;NO;217;OMV-RS;;;;D;1,583.60;Yes;751619;2025-04-30;1;
710111;107258;234;BG 2275 - ZS;2025-05-12 07:57:00;OMV EVRO DIZEL;44.09;7,936.20;1,322.70;00066528;160303;160303;                  ;SR;BUBANJ POTOK;OMV EVRO DIZEL;180.000;7,936.20;0.00;0.00;1,322.70;RSD;8915372197;2025-05-15;YES;NO;217;OMV-RS;;;;D;8,200.70;Yes;780047;2025-05-12;1;
710111;107258;234;BG 2275 - ZS;2025-05-15 10:37:00;OMV EVRO DIZEL;39.25;7,065.00;1,177.50;00056075;161134;161134;                  ;SR;CACAK 2;OMV EVRO DIZEL;180.000;7,065.00;0.00;0.00;1,177.50;RSD;8915372197;2025-05-15;YES;NO;117;OMV-RS;;;;D;7,300.50;Yes;704342;2025-05-15;1;
710111;107258;234;BG 2275 - ZS;2025-05-22 09:10:00;OMV EVRO DIZEL;41.66;7,540.46;1,256.74;00023262;162058;162058;                  ;SR;GORNJI MILANOVAC;OMV EVRO DIZEL;181.000;7,540.46;0.00;0.00;1,256.74;RSD;8915374857;2025-05-31;YES;NO;117;OMV-RS;;;;D;7,790.40;Yes;791052;2025-05-22;1;
710111;107258;234;BG 2275 - ZS;2025-05-28 11:30:00;OMV EVRO DIZEL;41.37;7,487.97;1,247.99;00062729;162842;162842;                  ;SR;CACAK 2;OMV EVRO DIZEL;181.000;7,487.97;0.00;0.00;1,247.99;RSD;8915374857;2025-05-31;YES;NO;117;OMV-RS;;;;D;7,736.20;Yes;713107;2025-05-28;1;
710111;107258;234;BG 2275 - ZS;2025-06-02 11:21:00;OMV EVRO DIZEL;45.00;8,145.00;1,357.50;00017283;163718;163718;                  ;SR;JURIJA GAGARINA;OMV EVRO DIZEL;181.000;8,145.00;0.00;0.00;1,357.50;RSD;8915377281;2025-06-15;YES;NO;217;OMV-RS;;;;D;8,415.00;Yes;712154;2025-06-02;1;
710111;107258;234;BG 2275 - ZS;2025-06-05 13:27:00;OMV EVRO DIZEL;44.26;8,011.06;1,335.18;00026382;154584;154584;                  ;SR;GORNJI MILANOVAC;OMV EVRO DIZEL;181.000;8,011.06;0.00;0.00;1,335.18;RSD;8915377281;2025-06-15;YES;NO;117;OMV-RS;;;;D;8,276.60;Yes;732715;2025-06-05;1;
710111;107258;234;BG 2275 - ZS;2025-06-10 18:54:00;OMV EVRO DIZEL;44.46;8,047.26;1,341.21;00027590;165460;165460;                  ;SR;GORNJI MILANOVAC;OMV EVRO DIZEL;181.000;8,047.26;0.00;0.00;1,341.21;RSD;8915377281;2025-06-15;YES;NO;117;OMV-RS;;;;D;8,314.00;Yes;785435;2025-06-10;1;
710111;107258;234;BG 2275 - ZS;2025-06-16 08:50:00;OMV EVRO DIZEL;43.55;7,969.65;1,328.27;00068935;166331;166331;                  ;SR;ADA CIGANLIJA;OMV EVRO DIZEL;183.000;7,969.65;0.00;0.00;1,328.27;RSD;8915379951;2025-06-30;YES;NO;217;OMV-RS;;;;D;8,231.00;Yes;785047;2025-06-16;1;
710111;107258;234;BG 2275 - ZS;2025-06-20 09:32:00;OMV EVRO DIZEL;39.06;7,147.98;1,191.33;00093645;167106;167106;                  ;SR;BUBANJ POTOK;OMV EVRO DIZEL;183.000;7,147.98;0.00;0.00;1,191.33;RSD;8915379951;2025-06-30;YES;NO;217;OMV-RS;;;;D;7,382.30;Yes;793238;2025-06-20;1;
710111;107258;234;BG 2275 - ZS;2025-06-24 17:40:00;OMV EVRO DIZEL;40.03;7,445.58;1,240.93;00030770;167918;167918;                  ;SR;GORNJI MILANOVAC;OMV EVRO DIZEL;186.000;7,445.58;0.00;0.00;1,240.93;RSD;8915379951;2025-06-30;YES;NO;117;OMV-RS;;;;D;7,685.80;Yes;774042;2025-06-24;1;
710111;107258;234;BG 2275 - ZS;2025-07-01 12:39:00;OMV EVRO DIZEL;42.44;7,978.72;1,329.79;00032307;168757;168757;                  ;SR;GORNJI MILANOVAC;OMV EVRO DIZEL;188.000;7,978.72;0.00;0.00;1,329.79;RSD;8915382357;2025-07-15;YES;NO;117;OMV-RS;;;;D;8,233.40;Yes;723918;2025-07-01;1;
710111;107258;234;BG 2275 - ZS;2025-07-03 15:30:00;OMV EVRO DIZEL;44.59;8,382.92;1,397.15;00047667;169535;169535;                  ;SR;CACAK;OMV EVRO DIZEL;188.000;8,382.92;0.00;0.00;1,397.15;RSD;8915382357;2025-07-15;YES;NO;217;OMV-RS;;;;D;8,650.50;Yes;753017;2025-07-03;1;
710111;107258;234;BG 2275 - ZS;2025-07-09 17:22:00;OMV EVRO DIZEL;43.50;8,178.00;1,363.00;00042916;170427;170427;                  ;SR;BUBANJ POTOK;OMV EVRO DIZEL;188.000;8,178.00;0.00;0.00;1,363.00;RSD;8915382357;2025-07-15;YES;NO;217;OMV-RS;;;;D;8,439.00;Yes;772246;2025-07-09;1;
710111;107258;234;BG 2275 - ZS;2025-07-15 16:42:00;OMV EVRO DIZEL;45.50;8,645.00;1,440.83;00045447;171279;171279;                  ;SR;BUBANJ POTOK;OMV EVRO DIZEL;190.000;8,645.00;0.00;0.00;1,440.83;RSD;8915382357;2025-07-15;YES;NO;217;OMV-RS;;;;D;8,918.00;Yes;764251;2025-07-15;1;
710111;107258;234;BG 2275 - ZS;2025-07-22 09:46:00;OMV EVRO DIZEL;43.24;8,258.84;1,376.47;00036758;172237;172237;                  ;SR;GORNJI MILANOVAC;OMV EVRO DIZEL;191.000;8,258.84;0.00;0.00;1,376.47;RSD;8915385043;2025-07-31;YES;NO;117;OMV-RS;;;;D;8,518.30;Yes;794625;2025-07-22;1;
710111;107258;234;BG 2275 - ZS;2025-07-24 14:46:00;OMV EVRO DIZEL;43.00;8,213.00;1,368.83;00095117;173014;173014;                  ;SR;CELIJE;OMV EVRO DIZEL;191.000;8,213.00;0.00;0.00;1,368.83;RSD;8915385043;2025-07-31;YES;NO;117;OMV-RS;;;;D;8,471.00;Yes;744707;2025-07-24;1;
710111;107258;234;BG 2275 - ZS;2025-07-30 13:17:00;OMV EVRO DIZEL;45.00;8,550.00;1,425.00;00099293;173917;173917;                  ;SR;CACAK 2;OMV EVRO DIZEL;190.000;8,550.00;0.00;0.00;1,425.00;RSD;8915385043;2025-07-31;YES;NO;117;OMV-RS;;;;D;8,820.00;Yes;731802;2025-07-30;1;
710111;107258;234;BG 2275 - ZS;2025-08-04 20:18:00;OMV EVRO DIZEL;44.83;8,517.70;1,419.62;00108795;174779;174779;                  ;SR;BORSKA;OMV EVRO DIZEL;190.000;8,517.70;0.00;0.00;1,419.62;RSD;8915387463;2025-08-15;YES;NO;217;OMV-RS;;;;D;8,786.70;Yes;701819;2025-08-04;1;
710111;107258;234;BG 2275 - ZS;2025-08-12 11:35:00;OMV EVRO DIZEL;43.21;8,037.06;1,339.51;00131518;175682;175682;                  ;SR;BUBANJ POTOK;OMV EVRO DIZEL;186.000;8,037.06;0.00;0.00;1,339.51;RSD;8915387463;2025-08-15;YES;NO;217;OMV-RS;;;;D;8,339.50;Yes;713537;2025-08-12;1;
710111;107258;234;BG 2275 - ZS;2025-08-15 16:27:00;OMV EVRO DIZEL;44.99;8,323.15;1,387.19;00056607;176638;176638;                  ;SR;BUBANJ POTOK;OMV EVRO DIZEL;185.000;8,323.15;0.00;0.00;1,387.19;RSD;8915387463;2025-08-15;YES;NO;217;OMV-RS;;;;D;8,638.10;Yes;762759;2025-08-15;1;
710111;107258;234;BG 2275 - ZS;2025-08-21 17:43:00;AdBlue Kanister;1.00;1,999.00;333.17;00095197;177297;177297;                  ;SR;KRAGUJEVAC ARS;AdBlue Kanister;1,999.000;1,999.00;0.00;0.00;333.17;RSD;8915390137;2025-08-31;YES;NO;117;OMV-RS;;;;D;0.00;No;774350;2025-08-21;1;
710111;107258;234;BG 2275 - ZS;2025-08-21 17:44:00;OMV EVRO DIZEL;46.84;8,665.40;1,444.23;00095198;177297;177297;                  ;SR;KRAGUJEVAC ARS;OMV EVRO DIZEL;185.000;8,665.40;0.00;0.00;1,444.23;RSD;8915390137;2025-08-31;YES;NO;117;OMV-RS;;;;D;8,993.30;Yes;774424;2025-08-21;1;
710111;107258;234;BG 2275 - ZS;2025-08-24 08:37:00;OMV EVRO DIZEL;31.82;5,886.70;981.12;00096309;177723;177723;                  ;SR;KRAGUJEVAC ARS;OMV EVRO DIZEL;185.000;5,886.70;0.00;0.00;981.12;RSD;8915390137;2025-08-31;YES;NO;117;OMV-RS;;;;D;6,109.40;Yes;783808;2025-08-24;1;
710111;107258;234;BG 2275 - ZS;2025-08-26 10:50:00;OMV EVRO DIZEL;42.00;7,770.00;1,295.00;00097244;178368;178368;                  ;SR;KRAGUJEVAC ARS;OMV EVRO DIZEL;185.000;7,770.00;0.00;0.00;1,295.00;RSD;8915390137;2025-08-31;YES;NO;117;OMV-RS;;;;D;8,064.00;Yes;705013;2025-08-26;1;
710111;107258;234;BG 2275 - ZS;2025-08-28 17:13:00;OMV EVRO DIZEL;43.48;8,043.80;1,340.63;00143622;179205;179205;                  ;SR;BUBANJ POTOK;OMV EVRO DIZEL;185.000;8,043.80;0.00;0.00;1,340.63;RSD;8915390137;2025-08-31;YES;NO;217;OMV-RS;;;;D;8,348.20;Yes;771332;2025-08-28;1;
710111;107258;234;BG 2275 - ZS;2025-09-03 08:54:00;OMV EVRO DIZEL;39.05;7,263.30;1,210.55;00046187;179977;179977;                  ;SR;GORNJI MILANOVAC;OMV EVRO DIZEL;186.000;7,263.30;0.00;0.00;1,210.55;RSD;8915392542;2025-09-15;YES;NO;117;OMV-RS;;;;D;7,536.70;Yes;785444;2025-09-03;1;
710111;107258;234;BG 2275 - ZS;2025-09-11 12:25:00;OMV EVRO DIZEL;40.18;7,513.66;1,252.28;00111561;180696;180696;                  ;SR;ADA CIGANLIJA;OMV EVRO DIZEL;187.000;7,513.66;0.00;0.00;1,252.28;RSD;8915392542;2025-09-15;YES;NO;217;OMV-RS;;;;D;7,794.90;Yes;722602;2025-09-11;1;
710111;107258;234;BG 2275 - ZS;2025-09-17 19:31:00;OMV EVRO DIZEL;47.90;8,957.30;1,492.88;00133418;181582;181582;                  ;SR;BORSKA;OMV EVRO DIZEL;187.000;8,957.30;0.00;0.00;1,492.88;RSD;8915395222;2025-09-30;YES;NO;217;OMV-RS;;;;D;9,292.60;Yes;793114;2025-09-17;1;
710111;107258;234;BG 2275 - ZS;2025-09-24 09:52:00;OMV EVRO DIZEL;45.00;8,460.00;1,410.00;00050470;182423;182423;                  ;SR;GORNJI MILANOVAC;OMV EVRO DIZEL;188.000;8,460.00;0.00;0.00;1,410.00;RSD;8915395222;2025-09-30;YES;NO;117;OMV-RS;;;;D;8,775.00;Yes;795221;2025-09-24;1;
710111;107258;259;BG 2275 - ZP;2024-01-15 13:59:00;OMV EVRO DIZEL;38.21;7,011.54;1,168.59;00113501;59741;59741;                  ;SR;BORSKA;OMV EVRO DIZEL;183.500;7,011.54;0.00;0.00;1,168.59;RSD;8914352150;2024-01-15;YES;NO;217;OMV-RS;;;;D;7,412.70;Yes;735912;2024-01-15;1;
710111;107258;259;BG 2275 - ZP;2024-01-22 16:02:00;OMV EVRO DIZEL;44.76;8,325.36;1,387.56;00222399;60402;60402;                  ;SR;ADA CIGANLIJA;OMV EVRO DIZEL;186.000;8,325.36;0.00;0.00;1,387.56;RSD;8914354763;2024-01-31;YES;NO;217;OMV-RS;;;;D;8,773.00;Yes;760527;2024-01-22;1;
710111;107258;259;BG 2275 - ZP;2024-01-29 11:16:00;OMV EVRO DIZEL;44.00;8,228.00;1,371.33;00235295;61039;61039;                  ;SR;ADA CIGANLIJA;OMV EVRO DIZEL;187.000;8,228.00;0.00;0.00;1,371.33;RSD;8914354763;2024-01-31;YES;NO;217;OMV-RS;;;;D;8,712.00;Yes;712033;2024-01-29;1;
710111;107258;259;BG 2275 - ZP;2024-02-05 13:42:00;OMV EVRO DIZEL;40.04;7,587.58;1,264.60;00392877;61610;61610;                  ;SR;ADA CIGANLIJA;OMV EVRO DIZEL;189.500;7,587.58;0.00;0.00;1,264.60;RSD;8914357027;2024-02-15;YES;NO;217;OMV-RS;;;;D;8,008.00;Yes;734611;2024-02-05;1;
710111;107258;259;BG 2275 - ZP;2024-02-12 14:00:00;OMV EVRO DIZEL;37.12;7,071.36;1,178.56;00116739;62222;62222;                  ;SR;BORSKA;OMV EVRO DIZEL;190.500;7,071.36;0.00;0.00;1,178.56;RSD;8914357027;2024-02-15;YES;NO;217;OMV-RS;;;;D;7,498.20;Yes;740058;2024-02-12;1;
710111;107258;259;BG 2275 - ZP;2024-02-26 16:25:00;OMV EVRO DIZEL;42.56;8,341.76;1,390.29;00358327;63634;63634;                  ;SR;CACAK 2;OMV EVRO DIZEL;196.000;8,341.76;0.00;0.00;1,390.29;RSD;8914359644;2024-02-29;YES;NO;117;OMV-RS;;;;D;8,767.40;Yes;762533;2024-02-26;1;
710111;107258;259;BG 2275 - ZP;2024-03-05 11:19:00;OMV EVRO DIZEL;44.15;8,543.03;1,423.84;00362491;64358;64358;                  ;SR;CACAK 2;OMV EVRO DIZEL;193.500;8,543.03;0.00;0.00;1,423.84;RSD;8914361928;2024-03-15;YES;NO;117;OMV-RS;;;;D;9,006.60;Yes;711958;2024-03-05;1;
710111;107258;259;BG 2275 - ZP;2024-03-14 10:06:00;OMV EVRO DIZEL;44.06;8,437.49;1,406.25;00367089;65080;65080;                  ;SR;CACAK 2;OMV EVRO DIZEL;191.500;8,437.49;0.00;0.00;1,406.25;RSD;8914361928;2024-03-15;YES;NO;117;OMV-RS;;;;D;8,900.10;Yes;700714;2024-03-14;1;
710111;107258;259;BG 2275 - ZP;2024-03-21 10:41:00;OMV EVRO DIZEL;44.13;8,296.44;1,382.74;00370429;65768;65768;                  ;SR;CACAK 2;OMV EVRO DIZEL;188.000;8,296.44;0.00;0.00;1,382.74;RSD;8914364543;2024-03-31;YES;NO;117;OMV-RS;;;;D;8,781.90;Yes;704136;2024-03-21;1;
710111;107258;259;BG 2275 - ZP;2024-03-25 15:21:00;AdBlue;13.65;1,228.55;204.76;00076815;66294;66294;                  ;SR;CACAK;AdBlue;99.004;1,351.40;102.38;0.00;204.76;RSD;8914364543;2024-03-31;YES;NO;217;OMV-RS;;;;D;0.00;No;752126;2024-03-25;1;
710111;107258;259;BG 2275 - ZP;2024-03-27 13:42:00;OMV EVRO DIZEL;40.81;7,733.50;1,288.92;00047897;66457;66457;                  ;SR;CACAK 2;OMV EVRO DIZEL;189.500;7,733.50;0.00;0.00;1,288.92;RSD;8914364543;2024-03-31;YES;NO;117;OMV-RS;;;;D;8,202.80;Yes;734224;2024-03-27;1;
710111;107258;259;BG 2275 - ZP;2024-04-12 09:41:00;OMV EVRO DIZEL;39.27;7,539.84;1,256.64;00381818;67751;67751;                  ;SR;CACAK 2;OMV EVRO DIZEL;192.000;7,539.84;0.00;0.00;1,256.64;RSD;8914366835;2024-04-15;YES;NO;117;OMV-RS;;;;D;8,089.60;Yes;794212;2024-04-12;1;
710111;107258;259;BG 2275 - ZP;2024-04-18 16:49:00;OMV EVRO DIZEL;45.15;8,668.80;1,444.80;00049518;68455;68455;                  ;SR;CACAK 2;OMV EVRO DIZEL;192.000;8,668.80;0.00;0.00;1,444.80;RSD;8914369474;2024-04-30;YES;NO;117;OMV-RS;;;;D;9,300.90;Yes;764914;2024-04-18;1;
710111;107258;259;BG 2275 - ZP;2024-04-29 10:04:00;ED MAXXMOTION;41.10;8,791.30;1,465.22;00439539;69128;69128;                  ;SR;ADA CIGANLIJA;ED MAXXMOTION;213.900;8,791.30;0.00;0.00;1,465.22;RSD;8914369474;2024-04-30;YES;NO;217;OMV-RS;;;;D;0.00;No;701054;2024-04-29;1;
710111;107258;259;BG 2275 - ZP;2024-05-07 12:47:00;OMV EVRO DIZEL;37.55;7,209.60;1,201.60;00366997;69778;69778;                  ;SR;BORSKA;OMV EVRO DIZEL;192.000;7,209.60;0.00;0.00;1,201.60;RSD;8914371718;2024-05-15;YES;NO;217;OMV-RS;;;;D;7,697.80;Yes;725030;2024-05-07;1;
710111;107258;259;BG 2275 - ZP;2024-05-13 14:53:00;OMV EVRO DIZEL;44.35;8,493.03;1,415.50;00126896;70455;70455;                  ;SR;BORSKA;OMV EVRO DIZEL;191.500;8,493.03;0.00;0.00;1,415.50;RSD;8914371718;2024-05-15;YES;NO;217;OMV-RS;;;;D;9,003.10;Yes;745611;2024-05-13;1;
710111;107258;259;BG 2275 - ZP;2024-05-20 20:10:00;OMV EVRO DIZEL;42.50;8,053.75;1,342.29;00404024;71179;71179;                  ;SR;CACAK 2;OMV EVRO DIZEL;189.500;8,053.75;0.00;0.00;1,342.29;RSD;8914374363;2024-05-31;YES;NO;117;OMV-RS;;;;D;8,542.50;Yes;701034;2024-05-20;1;
710111;107258;259;BG 2275 - ZP;2024-05-27 15:55:00;OMV EVRO DIZEL;43.06;8,073.75;1,345.62;00407803;71806;71806;                  ;SR;CACAK 2;OMV EVRO DIZEL;187.500;8,073.75;0.00;0.00;1,345.62;RSD;8914374363;2024-05-31;YES;NO;117;OMV-RS;;;;D;8,655.10;Yes;755554;2024-05-27;1;
710111;107258;259;BG 2275 - ZP;2024-06-07 09:23:00;OMV EVRO DIZEL;44.78;8,396.25;1,399.37;00413953;72477;72477;                  ;SR;CACAK 2;OMV EVRO DIZEL;187.500;8,396.25;0.00;0.00;1,399.37;RSD;8914376641;2024-06-15;YES;NO;117;OMV-RS;;;;D;9,000.80;Yes;792326;2024-06-07;1;
710111;107258;259;BG 2275 - ZP;2024-06-17 08:35:00;OMV EVRO DIZEL;45.00;8,437.50;1,406.25;00391924;73223;73223;                  ;SR;BORSKA;OMV EVRO DIZEL;187.500;8,437.50;0.00;0.00;1,406.25;RSD;8914379249;2024-06-30;YES;NO;217;OMV-RS;;;;D;9,045.00;Yes;783559;2024-06-17;1;
710111;107258;259;BG 2275 - ZP;2024-06-20 19:53:00;OMV EVRO DIZEL;47.22;8,853.75;1,475.62;00422028;74072;74072;                  ;SR;CACAK 2;OMV EVRO DIZEL;187.500;8,853.75;0.00;0.00;1,475.62;RSD;8914379249;2024-06-30;YES;NO;117;OMV-RS;;;;D;9,491.20;Yes;795406;2024-06-20;1;
710111;107258;259;BG 2275 - ZP;2024-06-30 19:36:00;OMV EVRO DIZEL;45.87;8,829.98;1,471.66;00434233;74849;74849;                  ;SR;JURIJA GAGARINA;OMV EVRO DIZEL;192.500;8,829.98;0.00;0.00;1,471.66;RSD;8914379249;2024-06-30;YES;NO;217;OMV-RS;;;;D;9,403.40;Yes;793615;2024-06-30;1;
710111;107258;259;BG 2275 - ZP;2024-07-09 10:26:00;OMV EVRO DIZEL;43.17;8,418.15;1,403.02;00432870;75570;75570;                  ;SR;CACAK 2;OMV EVRO DIZEL;195.000;8,418.15;0.00;0.00;1,403.02;RSD;8914381538;2024-07-15;YES;NO;117;OMV-RS;;;;D;8,979.40;Yes;702707;2024-07-09;1;
710111;107258;259;BG 2275 - ZP;2024-07-15 17:56:00;OMV EVRO DIZEL;45.05;8,739.70;1,456.62;00436826;76227;76227;                  ;SR;CACAK 2;OMV EVRO DIZEL;194.000;8,739.70;0.00;0.00;1,456.62;RSD;8914381538;2024-07-15;YES;NO;117;OMV-RS;;;;D;9,370.40;Yes;775635;2024-07-15;1;
710111;107258;259;BG 2275 - ZP;2024-07-23 16:55:00;OMV EVRO DIZEL;38.00;7,220.00;1,203.33;00412942;76810;76810;                  ;SR;BORSKA;OMV EVRO DIZEL;190.000;7,220.00;0.00;0.00;1,203.33;RSD;8914384146;2024-07-31;YES;NO;217;OMV-RS;;;;D;7,790.00;Yes;765543;2024-07-23;1;
710111;107258;259;BG 2275 - ZP;2024-07-29 10:13:00;OMV EVRO DIZEL;39.41;7,369.67;1,228.28;00415928;77444;77444;                  ;SR;BORSKA;OMV EVRO DIZEL;187.000;7,369.67;0.00;0.00;1,228.28;RSD;8914384146;2024-07-31;YES;NO;217;OMV-RS;;;;D;7,960.80;Yes;701335;2024-07-29;1;
710111;107258;259;BG 2275 - ZP;2024-08-05 14:09:00;OMV EVRO DIZEL;42.00;7,854.00;1,309.00;00007872;78112;78112;                  ;SR;OBILAZNICA 1;OMV EVRO DIZEL;187.000;7,854.00;0.00;0.00;1,309.00;RSD;8914386444;2024-08-15;YES;NO;217;OMV-RS;;;;D;8,442.00;Yes;740951;2024-08-05;1;
710111;107258;259;BG 2275 - ZP;2024-08-12 18:13:00;OMV EVRO DIZEL;40.61;7,472.24;1,245.37;00424015;78750;78750;                  ;SR;BORSKA;OMV EVRO DIZEL;184.000;7,553.46;0.00;0.00;1,245.37;RSD;8914386444;2024-08-15;YES;NO;217;OMV-RS;;;;D;8,040.80;Yes;781318;2024-08-12;1;
710111;107258;259;BG 2275 - ZP;2024-08-19 19:10:00;OMV EVRO DIZEL;42.91;7,895.44;1,315.91;00465851;79422;79422;                  ;SR;JURIJA GAGARINA;OMV EVRO DIZEL;184.000;7,895.44;0.00;0.00;1,315.91;RSD;8914389074;2024-08-31;YES;NO;217;OMV-RS;;;;D;8,496.20;Yes;791050;2024-08-19;1;
710111;107258;259;BG 2275 - ZP;2024-08-19 19:20:00;AdBlue;13.62;943.59;157.26;00465860;79422;79422;                  ;SR;JURIJA GAGARINA;AdBlue;69.280;943.59;0.00;0.00;157.26;RSD;8914389074;2024-08-31;YES;NO;217;OMV-RS;;;;D;1,498.20;Yes;792044;2024-08-19;1;
710111;107258;259;BG 2275 - ZP;2024-08-26 23:00:00;OMV EVRO DIZEL;44.44;8,043.64;1,340.61;00461463;80154;80154;                  ;SR;CACAK 2;OMV EVRO DIZEL;181.000;8,043.64;0.00;0.00;1,340.61;RSD;8914389074;2024-08-31;YES;NO;117;OMV-RS;;;;D;8,665.80;Yes;730037;2024-08-26;1;
710111;107258;259;BG 2275 - ZP;2024-09-13 12:17:00;OMV EVRO DIZEL;43.77;7,812.95;1,302.16;00471536;82065;82065;                  ;SR;CACAK 2;OMV EVRO DIZEL;178.500;7,812.95;0.00;0.00;1,302.16;RSD;8914391411;2024-09-15;YES;NO;117;OMV-RS;;;;D;8,491.40;Yes;721803;2024-09-13;1;
710111;107258;259;BG 2275 - ZP;2024-09-19 13:38:00;OMV EVRO DIZEL;40.22;7,139.05;1,189.84;00474568;82691;82691;                  ;SR;CACAK 2;OMV EVRO DIZEL;177.500;7,139.05;0.00;0.00;1,189.84;RSD;8914394055;2024-09-30;YES;NO;117;OMV-RS;;;;D;7,682.00;Yes;733904;2024-09-19;1;
710111;107258;259;BG 2275 - ZP;2024-09-26 13:53:00;OMV EVRO DIZEL;45.79;8,127.73;1,354.62;00056672;83384;83384;                  ;SR;CACAK 2;OMV EVRO DIZEL;177.500;8,127.73;0.00;0.00;1,354.62;RSD;8914394055;2024-09-30;YES;NO;117;OMV-RS;;;;D;8,700.10;Yes;735342;2024-09-26;1;
710111;107258;259;BG 2275 - ZP;2024-10-04 12:47:00;OMV EVRO DIZEL;38.10;6,762.75;1,127.12;00228400;83887;83887;                  ;SR;CACAK;OMV EVRO DIZEL;177.500;6,762.75;0.00;0.00;1,127.12;RSD;8914396403;2024-10-15;YES;NO;217;OMV-RS;;;;D;7,239.00;Yes;724800;2024-10-04;1;
710111;107258;259;BG 2275 - ZP;2024-11-18 12:15:00;OMV EVRO DIZEL;45.23;8,503.24;1,417.21;00557059;87600;87600;                  ;SR;ADA CIGANLIJA;OMV EVRO DIZEL;188.000;8,503.24;0.00;0.00;1,417.21;RSD;8914404050;2024-11-30;YES;NO;217;OMV-RS;;;;D;8,774.60;Yes;721534;2024-11-18;1;
710111;107258;259;BG 2275 - ZP;2024-12-02 17:02:00;OMV EVRO DIZEL;43.02;8,216.82;1,369.47;00083081;88990;88990;                  ;SR;BUBANJ POTOK;OMV EVRO DIZEL;191.000;8,216.82;0.00;0.00;1,369.47;RSD;8914406383;2024-12-15;YES;NO;217;OMV-RS;;;;D;8,474.90;Yes;770337;2024-12-02;1;
710111;107258;259;BG 2275 - ZP;2024-12-10 06:53:00;OMV EVRO DIZEL;42.49;8,073.10;1,345.52;00494558;89593;89593;                  ;SR;BORSKA;OMV EVRO DIZEL;190.000;8,073.10;0.00;0.00;1,345.52;RSD;8914406383;2024-12-15;YES;NO;217;OMV-RS;;;;D;8,328.00;Yes;765437;2024-12-10;1;
710111;107258;259;BG 2275 - ZP;2024-12-16 09:32:00;OMV EVRO DIZEL;41.79;7,898.31;1,316.38;00355591;90257;90257;                  ;SR;ADA CIGANLIJA;OMV EVRO DIZEL;189.000;7,898.31;0.00;0.00;1,316.38;RSD;8914409008;2024-12-31;YES;NO;217;OMV-RS;;;;D;8,190.80;Yes;793320;2024-12-16;1;
710111;107258;259;BG 2275 - ZP;2025-01-09 14:12:00;OMV EVRO DIZEL;44.74;8,590.08;1,431.68;00531874;91566;91566;                  ;SR;CACAK 2;OMV EVRO DIZEL;192.000;8,590.08;0.00;0.00;1,431.68;RSD;8915352029;2025-01-15;YES;NO;117;OMV-RS;;;;D;8,903.30;Yes;741430;2025-01-09;1;
710111;107258;259;BG 2275 - ZP;2025-01-17 10:16:00;OMV EVRO DIZEL;46.70;9,106.50;1,517.75;00535610;92231;92231;                  ;SR;CACAK 2;OMV EVRO DIZEL;195.000;9,106.50;0.00;0.00;1,517.75;RSD;8915354647;2025-01-31;YES;NO;117;OMV-RS;;;;D;9,386.70;Yes;701806;2025-01-17;1;
710111;107258;259;BG 2275 - ZP;2025-01-24 11:58:00;OMV EVRO DIZEL;46.23;9,153.54;1,525.59;00538936;92945;92945;                  ;SR;CACAK 2;OMV EVRO DIZEL;198.000;9,153.54;0.00;0.00;1,525.59;RSD;8915354647;2025-01-31;YES;NO;117;OMV-RS;;;;D;9,430.90;Yes;720019;2025-01-24;1;
710111;107258;259;BG 2275 - ZP;2025-02-03 08:14:00;OMV EVRO DIZEL;43.38;8,459.10;1,409.85;00005085;93622;93622;                  ;SR;BORSKA;OMV EVRO DIZEL;195.000;8,459.10;0.00;0.00;1,409.85;RSD;8915357106;2025-02-15;YES;NO;217;OMV-RS;;;;D;8,719.40;Yes;781707;2025-02-03;1;
710111;107258;259;BG 2275 - ZP;2025-02-09 17:57:00;OMV EVRO DIZEL;44.09;8,597.55;1,432.92;00008495;94295;94295;                  ;SR;BORSKA;OMV EVRO DIZEL;195.000;8,597.55;0.00;0.00;1,432.92;RSD;8915359791;2025-02-28;YES;NO;217;OMV-RS;;;;D;8,862.10;Yes;775940;2025-02-09;1;
710111;107258;259;BG 2275 - ZP;2025-02-18 11:04:00;OMV EVRO DIZEL;44.02;8,804.00;1,467.33;00009508;94973;94973;                  ;SR;ADA CIGANLIJA;OMV EVRO DIZEL;200.000;8,804.00;0.00;0.00;1,467.33;RSD;8915359791;2025-02-28;YES;NO;217;OMV-RS;;;;D;8,936.10;Yes;710753;2025-02-18;1;
710111;107258;259;BG 2275 - ZP;2025-03-06 18:41:00;OMV EVRO DIZEL;46.58;9,199.55;1,533.26;00019512;96435;96435;                  ;SR;CACAK 2;OMV EVRO DIZEL;197.500;9,199.55;0.00;0.00;1,533.26;RSD;8915362134;2025-03-15;YES;NO;117;OMV-RS;;;;D;9,455.70;Yes;784537;2025-03-06;1;
710111;107258;259;BG 2275 - ZP;2025-03-11 10:01:00;AdBlue;14.55;1,299.02;216.50;00010845;96828;96828;                  ;SR;CACAK;AdBlue;89.280;1,299.02;0.00;0.00;216.50;RSD;8915362134;2025-03-15;YES;NO;217;OMV-RS;;;;D;1,600.50;Yes;700357;2025-03-11;1;
710111;107258;259;BG 2275 - ZP;2025-03-17 13:56:00;OMV EVRO DIZEL;40.00;7,656.00;1,276.00;00023966;97163;97163;                  ;SR;ADA CIGANLIJA;OMV EVRO DIZEL;191.400;7,656.00;0.00;0.00;1,276.00;RSD;8915364775;2025-03-31;YES;NO;217;OMV-RS;;;;D;7,880.00;Yes;740026;2025-03-17;1;
710111;107258;259;BG 2275 - ZP;2025-03-26 09:17:00;OMV EVRO DIZEL;42.59;8,049.51;1,341.58;00028725;97776;97776;                  ;SR;CACAK 2;OMV EVRO DIZEL;189.000;8,049.51;0.00;0.00;1,341.58;RSD;8915364775;2025-03-31;YES;NO;117;OMV-RS;;;;D;8,305.10;Yes;792128;2025-03-26;1;
710111;107258;259;BG 2275 - ZP;2025-04-07 15:48:00;OMV EVRO DIZEL;40.00;7,600.00;1,266.67;00039827;98345;98345;                  ;SR;BORSKA;OMV EVRO DIZEL;190.000;7,600.00;0.00;0.00;1,266.67;RSD;8915367133;2025-04-15;YES;NO;217;OMV-RS;;;;D;7,840.00;Yes;755221;2025-04-07;1;
710111;107258;259;BG 2275 - ZP;2025-04-15 08:29:00;ED MAXXMOTION;47.28;9,735.00;1,622.50;00037651;99130;99130;                  ;SR;OBILAZNICA 1;ED MAXXMOTION;205.901;9,735.00;0.00;0.00;1,622.50;RSD;8915367133;2025-04-15;YES;NO;217;OMV-RS;;;;D;0.00;No;782941;2025-04-15;1;
710111;107258;259;BG 2275 - ZP;2025-04-16 17:14:00;ED MAXXMOTION;48.35;9,955.30;1,659.22;00094093;99950;99950;                  ;SR;DOBANOVCI-SURCIN;ED MAXXMOTION;205.901;9,955.30;0.00;0.00;1,659.22;RSD;8915369797;2025-04-30;YES;NO;217;OMV-RS;;;;D;0.00;No;771302;2025-04-16;1;
710111;107258;259;BG 2275 - ZP;2025-04-23 17:32:00;OMV EVRO DIZEL;47.05;8,610.15;1,435.02;00044211;100735;100735;                  ;SR;CACAK 2;OMV EVRO DIZEL;183.000;8,610.15;0.00;0.00;1,435.02;RSD;8915369797;2025-04-30;YES;NO;117;OMV-RS;;;;D;8,892.50;Yes;773753;2025-04-23;1;
710111;107258;259;BG 2275 - ZP;2025-04-29 15:21:00;OMV EVRO DIZEL;44.97;8,229.51;1,371.58;00047301;101414;101414;                  ;SR;CACAK 2;OMV EVRO DIZEL;183.000;8,229.51;0.00;0.00;1,371.58;RSD;8915369797;2025-04-30;YES;NO;117;OMV-RS;;;;D;8,499.30;Yes;752700;2025-04-29;1;
710111;107258;259;BG 2275 - ZP;2025-05-06 19:18:00;OMV EVRO DIZEL;44.00;8,008.00;1,334.67;00051637;102084;102084;                  ;SR;CACAK 2;OMV EVRO DIZEL;182.000;8,008.00;0.00;0.00;1,334.67;RSD;8915372197;2025-05-15;YES;NO;117;OMV-RS;;;;D;8,272.00;Yes;792356;2025-05-06;1;
710111;107258;259;BG 2275 - ZP;2025-05-16 09:13:00;OMV EVRO DIZEL;45.16;8,128.80;1,354.80;00056577;102823;102823;                  ;SR;CACAK 2;OMV EVRO DIZEL;180.000;8,128.80;0.00;0.00;1,354.80;RSD;8915374857;2025-05-31;YES;NO;117;OMV-RS;;;;D;8,399.80;Yes;791936;2025-05-16;1;
710111;107258;259;BG 2275 - ZP;2025-05-22 19:26:00;OMV EVRO DIZEL;40.45;7,321.45;1,220.24;00059908;103432;103432;                  ;SR;CACAK 2;OMV EVRO DIZEL;181.000;7,321.45;0.00;0.00;1,220.24;RSD;8915374857;2025-05-31;YES;NO;117;OMV-RS;;;;D;7,564.20;Yes;792628;2025-05-22;1;
710111;107258;259;BG 2275 - ZP;2025-05-28 09:57:00;AdBlue;6.75;602.64;100.44;00035134;103970;103970;                  ;SR;CACAK;AdBlue;89.280;602.64;0.00;0.00;100.44;RSD;8915374857;2025-05-31;YES;NO;217;OMV-RS;;;;D;776.30;Yes;795746;2025-05-28;1;
710111;107258;259;BG 2275 - ZP;2025-05-29 14:18:00;OMV EVRO DIZEL;40.63;7,354.03;1,225.67;00063283;104074;104074;                  ;SR;CACAK 2;OMV EVRO DIZEL;181.000;7,354.03;0.00;0.00;1,225.67;RSD;8915374857;2025-05-31;YES;NO;117;OMV-RS;;;;D;7,597.80;Yes;741820;2025-05-29;1;
710111;107258;259;BG 2275 - ZP;2025-06-18 17:35:00;OMV EVRO DIZEL;43.55;7,969.65;1,328.27;00073929;105459;105459;                  ;SR;CELIJE;OMV EVRO DIZEL;183.000;7,969.65;0.00;0.00;1,328.27;RSD;8915379951;2025-06-30;YES;NO;117;OMV-RS;;;;D;8,231.00;Yes;773553;2025-06-18;1;
710111;107258;259;BG 2275 - ZP;2025-07-03 09:39:00;OMV EVRO DIZEL;46.00;8,648.00;1,441.33;00090029;106705;106705;                  ;SR;BORSKA;OMV EVRO DIZEL;188.000;8,648.00;0.00;0.00;1,441.33;RSD;8915382357;2025-07-15;YES;NO;217;OMV-RS;;;;D;8,924.00;Yes;793933;2025-07-03;1;
710111;107258;259;BG 2275 - ZP;2025-08-15 17:01:00;OMV EVRO DIZEL;48.00;8,880.00;1,480.00;00115050;109914;109914;                  ;SR;BORSKA;OMV EVRO DIZEL;185.000;8,880.00;0.00;0.00;1,480.00;RSD;8915387463;2025-08-15;YES;NO;217;OMV-RS;;;;D;9,216.00;Yes;770114;2025-08-15;1;
710111;107258;259;BG 2275 - ZP;2025-09-04 10:02:00;OMV EVRO DIZEL;45.00;8,370.00;1,395.00;00125977;111228;111228;                  ;SR;BORSKA;OMV EVRO DIZEL;186.000;8,370.00;0.00;0.00;1,395.00;RSD;8915392542;2025-09-15;YES;NO;217;OMV-RS;;;;D;8,685.00;Yes;700249;2025-09-04;1;
710111;107258;259;BG 2275 - ZP;2025-09-12 10:27:00;OMV EVRO DIZEL;41.72;7,801.64;1,300.27;00112012;111829;111829;                  ;SR;ADA CIGANLIJA;OMV EVRO DIZEL;187.000;7,801.64;0.00;0.00;1,300.27;RSD;8915392542;2025-09-15;YES;NO;217;OMV-RS;;;;D;8,093.70;Yes;702803;2025-09-12;1;
710111;107258;358;BG 2024 - PE;2025-12-16 08:27:00;OMV EVRO DIZEL;72.01;13,825.92;2,304.32;00215586;32187;32187;                  ;SR;BUBANJ POTOK;OMV EVRO DIZEL;192.000;13,825.92;0.00;0.00;2,304.32;RSD;8915410794;2025-12-31;YES;NO;217;OMV-RS;;;;D;14,257.98;Yes;782718;2025-12-16;1;
710111;107258;358;BG 2024 - PE;2026-01-29 14:48:00;OMV EVRO DIZEL;88.01;16,413.87;2,735.64;00128127;32460;32460;                  ;SR;JURIJA GAGARINA;OMV EVRO DIZEL;186.500;16,413.87;0.00;0.00;2,735.64;RSD;8916354637;2026-01-31;YES;NO;217;OMV-RS;;;;D;16,985.93;Yes;744849;2026-01-29;1;
710111;107258;358;BG 2024 - PE;2026-03-23 11:56:00;OMV EVRO DIZEL;58.01;12,298.12;2,049.69;00158301;32639;32639;                  ;SR;LAPOVO SEVER;OMV EVRO DIZEL;212.000;12,298.12;0.00;0.00;2,049.69;RSD;8916366460;2026-03-31;YES;NO;217;OMV-RS;;;;D;12,298.12;Yes;715708;2026-03-23;1;
710111;107258;358;BG 2024 - PE;2026-05-07 06:55:00;OMV EVRO DIZEL;79.00;17,459.00;2,909.83;00261772;35988;35988;                  ;SR;ADA CIGANLIJA;OMV EVRO DIZEL;221.000;17,459.00;0.00;0.00;2,909.83;RSD;8916375402;2026-05-15;YES;NO;217;OMV-RS;;;;D;17,459.00;Yes;765519;2026-05-07;1;
710111;107258;358;BG 2024 - PE;2026-05-12 11:22:00;OMV EVRO DIZEL;83.00;18,509.00;3,084.83;00001940;33360;33360;                  ;SR;ALEKSINAC;OMV EVRO DIZEL;223.000;18,509.00;0.00;0.00;3,084.83;RSD;8916375402;2026-05-15;YES;NO;217;OMV-RS;;;;D;18,509.00;Yes;712255;2026-05-12;1;
710111;107258;358;BG 2024 - PE;2026-06-19 13:46:00;OMV EVRO DIZEL;92.01;19,690.14;3,281.69;00260563;34035;34035;                  ;SR;JURIJA GAGARINA;OMV EVRO DIZEL;214.000;19,690.14;0.00;0.00;3,281.69;RSD;8916383263;2026-06-21;YES;NO;217;OMV-RS;;;;D;20,242.20;Yes;734712;2026-06-19;1;
710111;107258;358;BG 2024 - PE;2026-07-06 11:08:00;OMV EVRO DIZEL;39.05;8,278.60;1,379.77;00185881;34205;34205;                  ;SR;KRALJEVO 2;OMV EVRO DIZEL;212.000;8,278.60;0.00;0.00;1,379.77;RSD;8916391266;2026-07-12;YES;NO;217;OMV-RS;;;;D;8,551.95;Yes;710842;2026-07-06;1;
710111;107258;358;BG 2024 - PE;2026-07-10 12:10:00;OMV EVRO DIZEL;68.00;14,484.00;2,414.00;00187546;35510;35510;                  ;SR;KRALJEVO 2;OMV EVRO DIZEL;213.000;14,484.00;0.00;0.00;2,414.00;RSD;8916391266;2026-07-12;YES;NO;217;OMV-RS;;;;D;14,892.00;Yes;721016;2026-07-10;1;
710111;107258;358;BG 2024 - PE;2026-07-14 10:17:00;OMV EVRO DIZEL;58.00;12,470.00;2,078.33;00084594;34797;34797;                  ;SR;LAPOVO JUG;OMV EVRO DIZEL;215.000;12,470.00;0.00;0.00;2,078.33;RSD;8916393376;2026-07-15;YES;NO;217;OMV-RS;;;;D;12,760.00;Yes;701810;2026-07-14;1;
710111;107258;358;BG 2024 - PE;2026-07-14 10:17:00;AdBlue;21.68;2,230.44;371.74;00084594;34797;34797;                  ;SR;LAPOVO JUG;AdBlue;102.880;2,230.44;0.00;0.00;371.74;RSD;8916393376;2026-07-15;YES;NO;217;OMV-RS;;;;D;2,688.32;Yes;701810;2026-07-14;1;
710111;107258;358;BG 2024 - PE;2026-07-16 14:37:00;OMV EVRO DIZEL;74.61;16,153.07;2,692.18;00015890;35075;35075;                  ;SR;VRANJE;OMV EVRO DIZEL;216.500;16,153.07;0.00;0.00;2,692.18;RSD;;;YES;NO;117;OMV-RS;;;;D;16,414.20;Yes;743801;2026-07-16;1;
710111;107258;192;BG 2348 - TM;2024-03-05 15:47:00;OMV EVRO DIZEL;38.62;7,472.97;1,245.49;00166774;54900;54900;                  ;SR;CACAK;OMV EVRO DIZEL;193.500;7,472.97;0.00;0.00;1,245.49;RSD;8914361928;2024-03-15;YES;NO;217;OMV-RS;;;;D;7,878.50;Yes;754751;2024-03-05;1;
710111;107258;192;BG 2348 - TM;2024-03-18 14:06:00;EDMAXXM ZIMSKI;45.54;9,422.20;1,570.37;00199936;46700;46700;                  ;SR;KNEZEVAC;EDMAXXM ZIMSKI;206.899;9,422.20;0.00;0.00;1,570.37;RSD;8914364543;2024-03-31;YES;NO;217;OMV-RS;;;;D;0.00;No;740650;2024-03-18;1;
710111;107258;192;BG 2348 - TM;2024-03-26 15:36:00;OMV EVRO DIZEL;46.49;8,809.86;1,468.31;00077111;47450;47450;                  ;SR;CACAK;OMV EVRO DIZEL;189.500;8,809.86;0.00;0.00;1,468.31;RSD;8914364543;2024-03-31;YES;NO;217;OMV-RS;;;;D;9,344.50;Yes;753645;2024-03-26;1;
710111;107258;192;BG 2348 - TM;2024-04-04 15:48:00;OMV EVRO DIZEL;46.05;8,703.45;1,450.57;00173713;48250;48250;                  ;SR;CACAK;OMV EVRO DIZEL;189.000;8,703.45;0.00;0.00;1,450.57;RSD;8914366835;2024-04-15;YES;NO;217;OMV-RS;;;;D;9,348.20;Yes;754831;2024-04-04;1;
710111;107258;192;BG 2348 - TM;2024-04-15 13:03:00;ED MAXXMOTION;42.52;9,095.00;1,515.83;00220463;49000;49000;                  ;SR;BATAJNICA;ED MAXXMOTION;213.899;9,095.00;0.00;0.00;1,515.83;RSD;8914366835;2024-04-15;YES;NO;217;OMV-RS;;;;D;0.00;No;730325;2024-04-15;1;
710111;107258;192;BG 2348 - TM;2024-04-23 07:19:00;ED MAXXMOTION;39.69;8,489.70;1,414.95;00371404;49730;49730;                  ;SR;CELIJE;ED MAXXMOTION;213.900;8,489.70;0.00;0.00;1,414.95;RSD;8914369474;2024-04-30;YES;NO;117;OMV-RS;;;;D;0.00;No;771919;2024-04-23;1;
710111;107258;192;BG 2348 - TM;2024-04-29 12:12:00;ED MAXXMOTION;41.32;8,838.30;1,473.05;00211229;0;0;                  ;SR;KNEZEVAC;ED MAXXMOTION;213.899;8,838.30;0.00;0.00;1,473.05;RSD;8914369474;2024-04-30;YES;NO;217;OMV-RS;;;;D;0.00;No;721323;2024-04-29;1;
710111;107258;192;BG 2348 - TM;2024-05-09 20:04:00;OMV EVRO DIZEL;40.95;7,841.93;1,306.99;00183623;51140;51140;                  ;SR;CACAK;OMV EVRO DIZEL;191.500;7,841.93;0.00;0.00;1,306.99;RSD;8914371718;2024-05-15;YES;NO;217;OMV-RS;;;;D;8,394.80;Yes;700503;2024-05-09;1;
710111;107258;192;BG 2348 - TM;2024-05-15 10:06:00;AdBlue Kanister;1.00;2,099.00;349.83;00400686;0;0;                  ;SR;CACAK 2;AdBlue Kanister;2,099.000;2,099.00;0.00;0.00;349.83;RSD;8914371718;2024-05-15;YES;NO;117;OMV-RS;;;;D;0.00;No;700636;2024-05-15;1;
710111;107258;192;BG 2348 - TM;2024-05-16 15:36:00;OMV EVRO DIZEL;36.88;6,988.76;1,164.79;00185690;51810;51810;                  ;SR;CACAK;OMV EVRO DIZEL;189.500;6,988.76;0.00;0.00;1,164.79;RSD;8914374363;2024-05-31;YES;NO;217;OMV-RS;;;;D;7,486.60;Yes;753709;2024-05-16;1;
710111;107258;192;BG 2348 - TM;2024-05-28 07:11:00;OMV EVRO DIZEL;42.06;7,886.25;1,314.37;00391025;52560;52560;                  ;SR;CELIJE;OMV EVRO DIZEL;187.500;7,886.25;0.00;0.00;1,314.37;RSD;8914374363;2024-05-31;YES;NO;117;OMV-RS;;;;D;8,454.10;Yes;771158;2024-05-28;1;
710111;107258;192;BG 2348 - TM;2024-06-06 08:07:00;OMV EVRO DIZEL;43.27;8,113.13;1,352.19;00192128;53300;53300;                  ;SR;CACAK;OMV EVRO DIZEL;187.500;8,113.13;0.00;0.00;1,352.19;RSD;8914376641;2024-06-15;YES;NO;217;OMV-RS;;;;D;8,697.30;Yes;780810;2024-06-06;1;
710111;107258;192;BG 2348 - TM;2024-06-24 12:11:00;OMV EVRO DIZEL;44.52;8,481.06;1,413.51;00009440;53953;53953;                  ;SR;CACAK 2;OMV EVRO DIZEL;190.500;8,481.06;0.00;0.00;1,413.51;RSD;8914379249;2024-06-30;YES;NO;117;OMV-RS;;;;D;9,037.60;Yes;721155;2024-06-24;1;
710111;107258;192;BG 2348 - TM;2024-07-02 20:13:00;OMV EVRO DIZEL;43.39;8,439.36;1,406.56;00200928;54711;54711;                  ;SR;CACAK;OMV EVRO DIZEL;194.500;8,439.36;0.00;0.00;1,406.56;RSD;8914381538;2024-07-15;YES;NO;217;OMV-RS;;;;D;8,895.00;Yes;701316;2024-07-02;1;
710111;107258;192;BG 2348 - TM;2024-07-11 07:05:00;OMV EVRO DIZEL;41.35;8,063.25;1,343.87;00155091;55412;55412;                  ;SR;GORNJI MILANOVAC;OMV EVRO DIZEL;195.000;8,063.25;0.00;0.00;1,343.87;RSD;8914381538;2024-07-15;YES;NO;117;OMV-RS;;;;D;8,600.80;Yes;770527;2024-07-11;1;
710111;107258;192;BG 2348 - TM;2024-07-18 14:55:00;OMV EVRO DIZEL;44.77;8,640.61;1,440.10;00205967;56140;56140;                  ;SR;CACAK;OMV EVRO DIZEL;193.000;8,640.61;0.00;0.00;1,440.10;RSD;8914384146;2024-07-31;YES;NO;217;OMV-RS;;;;D;9,312.20;Yes;745536;2024-07-18;1;
710111;107258;192;BG 2348 - TM;2024-07-25 14:07:00;OMV EVRO DIZEL;43.65;8,293.50;1,382.25;00208212;56900;56900;                  ;SR;CACAK;OMV EVRO DIZEL;190.000;8,293.50;0.00;0.00;1,382.25;RSD;8914384146;2024-07-31;YES;NO;217;OMV-RS;;;;D;8,948.30;Yes;740748;2024-07-25;1;
710111;107258;192;BG 2348 - TM;2024-08-06 14:38:00;OMV EVRO DIZEL;46.69;8,731.03;1,455.17;00212528;57700;57700;                  ;SR;CACAK;OMV EVRO DIZEL;187.000;8,731.03;0.00;0.00;1,455.17;RSD;8914386444;2024-08-15;YES;NO;217;OMV-RS;;;;D;9,384.70;Yes;743904;2024-08-06;1;
710111;107258;192;BG 2348 - TM;2024-08-16 09:21:00;OMV EVRO DIZEL;37.38;6,877.92;1,146.32;00455207;58344;58344;                  ;SR;CACAK 2;OMV EVRO DIZEL;184.000;6,877.92;0.00;0.00;1,146.32;RSD;8914389074;2024-08-31;YES;NO;117;OMV-RS;;;;D;7,401.20;Yes;792215;2024-08-16;1;
710111;107258;192;BG 2348 - TM;2024-08-27 09:05:00;OMV EVRO DIZEL;46.16;8,354.96;1,392.49;00461590;59160;59160;                  ;SR;CACAK 2;OMV EVRO DIZEL;181.000;8,354.96;0.00;0.00;1,392.49;RSD;8914389074;2024-08-31;YES;NO;117;OMV-RS;;;;D;9,001.20;Yes;790532;2024-08-27;1;
710111;107258;192;BG 2348 - TM;2024-09-17 14:54:00;OMV EVRO DIZEL;44.52;7,902.30;1,317.05;00223603;59860;59860;                  ;SR;CACAK;OMV EVRO DIZEL;177.500;7,902.30;0.00;0.00;1,317.05;RSD;8914394055;2024-09-30;YES;NO;217;OMV-RS;;;;D;8,503.30;Yes;745443;2024-09-17;1;
710111;107258;192;BG 2348 - TM;2024-10-01 07:30:00;OMV EVRO DIZEL;46.32;8,221.80;1,370.30;00460294;60700;60700;                  ;SR;CELIJE;OMV EVRO DIZEL;177.500;8,221.80;0.00;0.00;1,370.30;RSD;8914396403;2024-10-15;YES;NO;117;OMV-RS;;;;D;8,800.80;Yes;773105;2024-10-01;1;
710111;107258;192;BG 2348 - TM;2024-10-10 13:58:00;OMV EVRO DIZEL;44.19;8,130.96;1,355.16;00465009;61400;61400;                  ;SR;CELIJE;OMV EVRO DIZEL;184.000;8,130.96;0.00;0.00;1,355.16;RSD;8914396403;2024-10-15;YES;NO;117;OMV-RS;;;;D;8,440.30;Yes;735851;2024-10-10;1;
710111;107258;192;BG 2348 - TM;2024-10-17 15:36:00;OMV EVRO DIZEL;45.16;8,444.92;1,407.49;00232017;62166;62166;                  ;SR;CACAK;OMV EVRO DIZEL;187.000;8,444.92;0.00;0.00;1,407.49;RSD;8914399056;2024-10-31;YES;NO;217;OMV-RS;;;;D;8,761.00;Yes;753653;2024-10-17;1;
710111;107258;192;BG 2348 - TM;2024-10-29 07:37:00;OMV EVRO DIZEL;42.34;7,875.24;1,312.54;00475048;62900;62900;                  ;SR;CELIJE;OMV EVRO DIZEL;186.000;7,875.24;0.00;0.00;1,312.54;RSD;8914399056;2024-10-31;YES;NO;117;OMV-RS;;;;D;8,171.60;Yes;773742;2024-10-29;1;
710111;107258;192;BG 2348 - TM;2024-11-06 19:49:00;AdBlue;10.15;855.44;142.57;00237654;63600;63600;                  ;SR;CACAK;AdBlue;84.280;855.44;0.00;0.00;142.57;RSD;8914401397;2024-11-15;YES;NO;217;OMV-RS;;;;D;1,116.50;Yes;794957;2024-11-06;1;
710111;107258;192;BG 2348 - TM;2024-11-06 19:49:00;ED MAXXMOTION;42.76;8,590.50;1,431.75;00237654;63600;63600;                  ;SR;CACAK;ED MAXXMOTION;200.900;8,590.50;0.00;0.00;1,431.75;RSD;8914401397;2024-11-15;YES;NO;217;OMV-RS;;;;D;0.00;No;794957;2024-11-06;1;
710111;107258;192;BG 2348 - TM;2024-11-15 11:09:00;OMV EVRO DIZEL;41.75;7,849.00;1,308.17;00503613;64257;64257;                  ;SR;CACAK 2;OMV EVRO DIZEL;188.000;7,849.00;0.00;0.00;1,308.17;RSD;8914401397;2024-11-15;YES;NO;117;OMV-RS;;;;D;8,099.50;Yes;710924;2024-11-15;1;
710111;107258;192;BG 2348 - TM;2024-11-22 12:03:00;ED MAXXMOTION;46.00;9,333.40;1,555.57;00241805;64977;64977;                  ;SR;CACAK;ED MAXXMOTION;202.900;9,333.40;0.00;0.00;1,555.57;RSD;8914404050;2024-11-30;YES;NO;217;OMV-RS;;;;D;0.00;No;720344;2024-11-22;1;
710111;107258;192;BG 2348 - TM;2024-12-02 11:52:00;ED MAXXMOTION;43.41;8,938.10;1,489.68;00270654;65650;65650;                  ;SR;KNEZEVAC;ED MAXXMOTION;205.900;8,938.10;0.00;0.00;1,489.68;RSD;8914406383;2024-12-15;YES;NO;217;OMV-RS;;;;D;0.00;No;715233;2024-12-02;1;
710111;107258;192;BG 2348 - TM;2024-12-13 10:08:00;EDMAXXM ZIMSKI;39.53;8,099.70;1,349.95;00517178;66300;66300;                  ;SR;CACAK 2;EDMAXXM ZIMSKI;204.900;8,099.70;0.00;0.00;1,349.95;RSD;8914406383;2024-12-15;YES;NO;117;OMV-RS;;;;D;0.00;No;700926;2024-12-13;1;
710111;107258;192;BG 2348 - TM;2024-12-25 07:48:00;EDMAXXM ZIMSKI;46.14;9,500.20;1,583.37;00250658;67000;67000;                  ;SR;CACAK;EDMAXXM ZIMSKI;205.899;9,500.20;0.00;0.00;1,583.37;RSD;8914409008;2024-12-31;YES;NO;217;OMV-RS;;;;D;0.00;No;774939;2024-12-25;1;
710111;107258;192;BG 2348 - TM;2025-01-09 10:48:00;OMV EVRO DIZEL;44.96;8,632.32;1,438.72;00254435;67720;67720;                  ;SR;CACAK;OMV EVRO DIZEL;192.000;8,632.32;0.00;0.00;1,438.72;RSD;8915352029;2025-01-15;YES;NO;217;OMV-RS;;;;D;8,947.00;Yes;704949;2025-01-09;1;
710111;107258;192;BG 2348 - TM;2025-01-17 08:29:00;EDMAXXM ZIMSKI;34.35;7,210.10;1,201.68;00256601;68200;68200;                  ;SR;CACAK;EDMAXXM ZIMSKI;209.901;7,210.10;0.00;0.00;1,201.68;RSD;8915354647;2025-01-31;YES;NO;217;OMV-RS;;;;D;0.00;No;783038;2025-01-17;1;
710111;107258;192;BG 2348 - TM;2025-01-26 08:57:00;OMV EVRO DIZEL;40.61;8,040.78;1,340.13;00000727;68893;68893;                  ;SR;PARTIZANSKI PUT;OMV EVRO DIZEL;198.000;8,040.78;0.00;0.00;1,340.13;RSD;8915354647;2025-01-31;YES;NO;217;OMV-RS;;;;D;8,284.40;Yes;785904;2025-01-26;1;
710111;107258;192;BG 2348 - TM;2025-02-06 11:42:00;EDMAXXM ZIMSKI;42.76;8,975.30;1,495.88;00006183;69600;69600;                  ;SR;CACAK 2;EDMAXXM ZIMSKI;209.899;8,975.30;0.00;0.00;1,495.88;RSD;8915357106;2025-02-15;YES;NO;117;OMV-RS;;;;D;0.00;No;714503;2025-02-06;1;
710111;107258;192;BG 2348 - TM;2025-02-13 13:16:00;OMV EVRO DIZEL;42.78;8,470.44;1,411.74;00009463;70279;70279;                  ;SR;CACAK 2;OMV EVRO DIZEL;198.000;8,470.44;0.00;0.00;1,411.74;RSD;8915359791;2025-02-28;YES;NO;117;OMV-RS;;;;D;8,598.80;Yes;731847;2025-02-13;1;
710111;107258;192;BG 2348 - TM;2025-02-24 13:16:00;EDMAXXM ZIMSKI;45.57;9,701.90;1,616.98;00011367;71000;71000;                  ;SR;KNEZEVAC;EDMAXXM ZIMSKI;212.901;9,701.90;0.00;0.00;1,616.98;RSD;8915359791;2025-02-28;YES;NO;217;OMV-RS;;;;D;0.00;No;732020;2025-02-24;1;
710111;107258;192;BG 2348 - TM;2025-03-07 07:39:00;ED MAXXMOTION;46.90;9,985.00;1,664.17;00009690;71700;71700;                  ;SR;CACAK;ED MAXXMOTION;212.900;9,985.00;0.00;0.00;1,664.17;RSD;8915362134;2025-03-15;YES;NO;217;OMV-RS;;;;D;0.00;No;774138;2025-03-07;1;
710111;107258;192;BG 2348 - TM;2025-03-18 07:05:00;OMV EVRO DIZEL;40.61;7,768.69;1,294.78;00023314;72400;72400;                  ;SR;CELIJE;OMV EVRO DIZEL;191.300;7,768.69;0.00;0.00;1,294.78;RSD;8915364775;2025-03-31;YES;NO;117;OMV-RS;;;;D;8,000.20;Yes;770916;2025-03-18;1;
710111;107258;192;BG 2348 - TM;2025-03-25 07:37:00;OMV EVRO DIZEL;46.15;8,722.35;1,453.72;00026704;73100;73100;                  ;SR;CELIJE;OMV EVRO DIZEL;189.000;8,722.35;0.00;0.00;1,453.72;RSD;8915364775;2025-03-31;YES;NO;117;OMV-RS;;;;D;8,999.30;Yes;774150;2025-03-25;1;
710111;107258;192;BG 2348 - TM;2025-04-03 13:23:00;ED MAXXMOTION;38.07;7,800.50;1,300.08;00017113;73760;73760;                  ;SR;CACAK;ED MAXXMOTION;204.899;7,800.50;0.00;0.00;1,300.08;RSD;8915367133;2025-04-15;YES;NO;217;OMV-RS;;;;D;0.00;No;732653;2025-04-03;1;
710111;107258;192;BG 2348 - TM;2025-04-03 13:23:00;AdBlue;9.29;829.41;138.23;00017113;73760;73760;                  ;SR;CACAK;AdBlue;89.280;829.41;0.00;0.00;138.23;RSD;8915367133;2025-04-15;YES;NO;217;OMV-RS;;;;D;1,068.40;Yes;732653;2025-04-03;1;
710111;107258;192;BG 2348 - TM;2025-04-14 14:00:00;ED MAXXMOTION;47.78;9,599.00;1,599.83;00028193;74500;74500;                  ;SR;KNEZEVAC;ED MAXXMOTION;200.900;9,599.00;0.00;0.00;1,599.83;RSD;8915367133;2025-04-15;YES;NO;217;OMV-RS;;;;D;0.00;No;740047;2025-04-14;1;
710111;107258;192;BG 2348 - TM;2025-04-24 13:41:00;ED MAXXMOTION;39.59;7,834.90;1,305.82;00023854;75170;75170;                  ;SR;CACAK;ED MAXXMOTION;197.901;7,834.90;0.00;0.00;1,305.82;RSD;8915369797;2025-04-30;YES;NO;217;OMV-RS;;;;D;0.00;No;734200;2025-04-24;1;
710111;107258;192;BG 2348 - TM;2025-05-02 08:12:00;ED MAXXMOTION;38.22;7,640.20;1,273.37;00048964;75888;75888;                  ;SR;CACAK 2;ED MAXXMOTION;199.901;7,640.20;0.00;0.00;1,273.37;RSD;8915372197;2025-05-15;YES;NO;117;OMV-RS;;;;D;0.00;No;781759;2025-05-02;1;
710111;107258;192;BG 2348 - TM;2025-05-08 14:30:00;OMV EVRO DIZEL;40.01;7,281.82;1,213.64;00028552;66700;66700;                  ;SR;CACAK;OMV EVRO DIZEL;182.000;7,281.82;0.00;0.00;1,213.64;RSD;8915372197;2025-05-15;YES;NO;217;OMV-RS;;;;D;7,521.90;Yes;743109;2025-05-08;1;
710111;107258;192;BG 2348 - TM;2025-05-15 19:25:00;ED MAXXMOTION;45.00;8,815.50;1,469.25;00030954;77350;77350;                  ;SR;CACAK;ED MAXXMOTION;195.900;8,815.50;0.00;0.00;1,469.25;RSD;8915372197;2025-05-15;YES;NO;217;OMV-RS;;;;D;0.00;No;792555;2025-05-15;1;
710111;107258;192;BG 2348 - TM;2025-05-26 06:25:00;ED MAXXMOTION;48.27;9,504.40;1,584.07;00042515;78175;78175;                  ;SR;KNEZEVAC;ED MAXXMOTION;196.901;9,504.40;0.00;0.00;1,584.07;RSD;8915374857;2025-05-31;YES;NO;217;OMV-RS;;;;D;0.00;No;762545;2025-05-26;1;
710111;107258;192;BG 2348 - TM;2025-06-02 11:39:00;ED MAXXMOTION;41.87;8,244.20;1,374.03;00063451;79000;79000;                  ;SR;ADA CIGANLIJA;ED MAXXMOTION;196.900;8,244.20;0.00;0.00;1,374.03;RSD;8915377281;2025-06-15;YES;NO;217;OMV-RS;;;;D;0.00;No;713928;2025-06-02;1;
710111;107258;192;BG 2348 - TM;2025-06-09 12:14:00;ED MAXXMOTION;40.38;7,950.80;1,325.13;00044991;79650;79650;                  ;SR;KNEZEVAC;ED MAXXMOTION;196.899;7,950.80;0.00;0.00;1,325.13;RSD;8915377281;2025-06-15;YES;NO;217;OMV-RS;;;;D;0.00;No;721437;2025-06-09;1;
710111;107258;192;BG 2348 - TM;2025-06-17 10:38:00;OMV EVRO DIZEL;26.45;4,840.35;806.72;00074313;80366;80366;                  ;SR;CACAK 2;OMV EVRO DIZEL;183.000;4,840.35;0.00;0.00;806.72;RSD;8915379951;2025-06-30;YES;NO;117;OMV-RS;;;;D;4,999.10;Yes;703836;2025-06-17;1;
710111;107258;192;BG 2348 - TM;2025-07-07 10:43:00;ED MAXXMOTION;42.14;8,592.30;1,432.05;00084851;80700;80700;                  ;SR;CELIJE;ED MAXXMOTION;203.899;8,592.30;0.00;0.00;1,432.05;RSD;8915382357;2025-07-15;YES;NO;117;OMV-RS;;;;D;0.00;No;704402;2025-07-07;1;
710111;107258;192;BG 2348 - TM;2025-07-21 14:40:00;OMV EVRO DIZEL;43.56;8,319.96;1,386.66;00089007;81450;81450;                  ;SR;ADA CIGANLIJA;OMV EVRO DIZEL;191.000;8,319.96;0.00;0.00;1,386.66;RSD;8915385043;2025-07-31;YES;NO;217;OMV-RS;;;;D;8,581.30;Yes;744107;2025-07-21;1;
710111;107258;192;BG 2348 - TM;2025-07-24 11:55:00;OMV EVRO DIZEL;39.92;7,624.72;1,270.79;00095841;82080;82080;                  ;SR;CACAK 2;OMV EVRO DIZEL;191.000;7,624.72;0.00;0.00;1,270.79;RSD;8915385043;2025-07-31;YES;NO;117;OMV-RS;;;;D;7,864.20;Yes;715559;2025-07-24;1;
710111;107258;192;BG 2348 - TM;2025-07-30 06:55:00;ED MAXXMOTION;41.05;8,452.20;1,408.70;00098514;84800;84800;                  ;SR;CELIJE;ED MAXXMOTION;205.900;8,452.20;0.00;0.00;1,408.70;RSD;8915385043;2025-07-31;YES;NO;117;OMV-RS;;;;D;0.00;No;765601;2025-07-30;1;
710111;107258;192;BG 2348 - TM;2025-08-04 10:08:00;ED MAXXMOTION;45.69;9,407.60;1,567.93;00101760;83530;83530;                  ;SR;CELIJE;ED MAXXMOTION;205.901;9,407.60;0.00;0.00;1,567.93;RSD;8915387463;2025-08-15;YES;NO;117;OMV-RS;;;;D;0.00;No;700911;2025-08-04;1;
710111;107258;192;BG 2348 - TM;2025-08-07 07:11:00;ED MAXXMOTION;32.54;6,700.00;1,116.67;00103388;84080;84080;                  ;SR;CELIJE;ED MAXXMOTION;205.900;6,700.00;0.00;0.00;1,116.67;RSD;8915387463;2025-08-15;YES;NO;117;OMV-RS;;;;D;0.00;No;771132;2025-08-07;1;
710111;107258;192;BG 2348 - TM;2025-08-12 06:47:00;ED MAXXMOTION;34.50;7,000.10;1,166.68;00106748;84650;84650;                  ;SR;CELIJE;ED MAXXMOTION;202.901;7,000.10;0.00;0.00;1,166.68;RSD;8915387463;2025-08-15;YES;NO;117;OMV-RS;;;;D;0.00;No;764747;2025-08-12;1;
710111;107258;192;BG 2348 - TM;2025-08-13 10:41:00;AdBlue;10.16;968.04;161.34;00060974;84900;84900;                  ;SR;CACAK;AdBlue;95.280;968.04;0.00;0.00;161.34;RSD;8915387463;2025-08-15;YES;NO;217;OMV-RS;;;;D;1,168.40;Yes;704113;2025-08-13;1;
710111;107258;192;BG 2348 - TM;2025-08-15 10:44:00;OMV EVRO DIZEL;37.00;6,882.00;1,147.00;00108310;85333;85333;                  ;SR;CACAK 2;OMV EVRO DIZEL;186.000;6,882.00;0.00;0.00;1,147.00;RSD;8915387463;2025-08-15;YES;NO;117;OMV-RS;;;;D;7,141.00;Yes;704453;2025-08-15;1;
710111;107258;192;BG 2348 - TM;2025-08-26 14:41:00;OMV EVRO DIZEL;43.75;8,093.75;1,348.96;00103879;0;0;                  ;SR;ADA CIGANLIJA;OMV EVRO DIZEL;185.000;8,093.75;0.00;0.00;1,348.96;RSD;8915390137;2025-08-31;YES;NO;217;OMV-RS;;;;D;8,400.00;Yes;744124;2025-08-26;1;
710111;107258;192;BG 2348 - TM;2025-09-01 06:29:00;ED MAXXMOTION;46.50;9,434.90;1,572.48;00077968;86877;86877;                  ;SR;KNEZEVAC;ED MAXXMOTION;202.901;9,434.90;0.00;0.00;1,572.48;RSD;8915392542;2025-09-15;YES;NO;217;OMV-RS;;;;D;0.00;No;762938;2025-09-01;1;
710111;107258;192;BG 2348 - TM;2025-09-03 11:01:00;ED MAXXMOTION;41.48;8,416.30;1,402.72;00119356;87555;87555;                  ;SR;CELIJE;ED MAXXMOTION;202.900;8,416.30;0.00;0.00;1,402.72;RSD;8915392542;2025-09-15;YES;NO;117;OMV-RS;;;;D;0.00;No;710118;2025-09-03;1;
710111;107258;192;BG 2348 - TM;2025-09-08 08:33:00;ED MAXXMOTION;40.51;8,260.00;1,376.67;00115166;88300;88300;                  ;SR;ADA CIGANLIJA;ED MAXXMOTION;203.900;8,260.00;0.00;0.00;1,376.67;RSD;8915392542;2025-09-15;YES;NO;217;OMV-RS;;;;D;0.00;No;783327;2025-09-08;1;
710111;107258;192;BG 2348 - TM;2025-09-09 07:09:00;ED MAXXMOTION;36.48;7,766.60;1,294.43;00050844;88870;88870;                  ;SR;BESKA 2;ED MAXXMOTION;212.900;7,766.60;0.00;0.00;1,294.43;RSD;8915392542;2025-09-15;YES;NO;217;OMV-RS;;;;D;0.00;No;770947;2025-09-09;1;
710111;107258;192;BG 2348 - TM;2025-09-11 08:45:00;ED MAXXMOTION;37.26;7,932.70;1,322.12;00142484;89500;89500;                  ;SR;BESKA 2;ED MAXXMOTION;212.901;7,932.70;0.00;0.00;1,322.12;RSD;8915392542;2025-09-15;YES;NO;217;OMV-RS;;;;D;0.00;No;784531;2025-09-11;1;
710111;107258;192;BG 2348 - TM;2025-09-16 10:13:00;ED MAXXMOTION;41.04;8,368.10;1,394.68;00126860;90150;90150;                  ;SR;CELIJE;ED MAXXMOTION;203.901;8,368.10;0.00;0.00;1,394.68;RSD;8915395222;2025-09-30;YES;NO;117;OMV-RS;;;;D;0.00;No;701346;2025-09-16;1;
710111;107258;192;BG 2348 - TM;2025-09-18 10:20:00;OMV EVRO DIZEL;44.13;8,252.31;1,375.38;00127896;90900;90900;                  ;SR;CELIJE;OMV EVRO DIZEL;187.000;8,252.31;0.00;0.00;1,375.38;RSD;8915395222;2025-09-30;YES;NO;117;OMV-RS;;;;D;8,561.20;Yes;702108;2025-09-18;1;
710111;107258;192;BG 2348 - TM;2025-09-23 10:39:00;ED MAXXMOTION;44.33;9,083.20;1,513.87;00006869;91620;91620;                  ;SR;CELIJE;ED MAXXMOTION;204.900;9,083.20;0.00;0.00;1,513.87;RSD;8915395222;2025-09-30;YES;NO;117;OMV-RS;;;;D;0.00;No;703943;2025-09-23;1;
710111;107258;192;BG 2348 - TM;2025-09-26 07:26:00;ED MAXXMOTION;43.64;9,334.60;1,555.77;00153112;92400;92400;                  ;SR;BESKA 2;ED MAXXMOTION;213.900;9,334.60;0.00;0.00;1,555.77;RSD;8915395222;2025-09-30;YES;NO;217;OMV-RS;;;;D;0.00;No;772708;2025-09-26;1;
710111;107258;192;BG 2348 - TM;2025-09-27 08:02:00;ED MAXXMOTION;35.14;7,200.20;1,200.03;00008371;92930;92930;                  ;SR;ZRENJANIN 2;ED MAXXMOTION;204.900;7,200.20;0.00;0.00;1,200.03;RSD;8915395222;2025-09-30;YES;NO;117;OMV-RS;;;;D;0.00;No;780251;2025-09-27;1;
710111;107258;135;BG 2266 - UG;2024-01-17 19:11:00;OMV EVRO DIZEL;29.54;5,420.59;903.43;00204508;0;0;                  ;SR;NOVI SAD;OMV EVRO DIZEL;183.500;5,420.59;0.00;0.00;903.43;RSD;8914354763;2024-01-31;YES;NO;217;OMV-RS;;;;D;5,730.80;Yes;791113;2024-01-17;1;
710111;107258;135;BG 2266 - UG;2024-01-24 08:06:00;OMV EVRO DIZEL;42.42;7,868.91;1,311.48;00396731;0;0;                  ;SR;BESKA 1;OMV EVRO DIZEL;185.500;7,868.91;0.00;0.00;1,311.48;RSD;8914354763;2024-01-31;YES;NO;217;OMV-RS;;;;D;8,314.30;Yes;780639;2024-01-24;1;
710111;107258;135;BG 2266 - UG;2024-01-25 09:02:00;OMV EVRO DIZEL;15.11;2,802.91;467.15;00383854;0;0;                  ;SR;BACKA TOPOLA 2;OMV EVRO DIZEL;185.500;2,802.91;0.00;0.00;467.15;RSD;8914354763;2024-01-31;YES;NO;217;OMV-RS;;;;D;2,961.60;Yes;790557;2024-01-25;1;
710111;107258;135;BG 2266 - UG;2024-01-25 09:03:00;AdBlue Kanister;1.00;999.00;166.50;00383855;0;0;                  ;SR;BACKA TOPOLA 2;AdBlue Kanister;999.000;999.00;0.00;0.00;166.50;RSD;8914354763;2024-01-31;YES;NO;217;OMV-RS;;;;D;0.00;No;790628;2024-01-25;1;
710111;107258;135;BG 2266 - UG;2024-02-01 10:21:00;OMV EVRO DIZEL;41.08;7,702.50;1,283.75;00386683;0;0;                  ;SR;BACKA TOPOLA 2;OMV EVRO DIZEL;187.500;7,702.50;0.00;0.00;1,283.75;RSD;8914357027;2024-02-15;YES;NO;217;OMV-RS;;;;D;8,133.80;Yes;702503;2024-02-01;1;
710111;107258;135;BG 2266 - UG;2024-02-10 04:58:00;OMV EVRO DIZEL;39.64;7,551.42;1,258.57;00390247;0;0;                  ;SR;BACKA TOPOLA 2;OMV EVRO DIZEL;190.500;7,551.42;0.00;0.00;1,258.57;RSD;8914357027;2024-02-15;YES;NO;217;OMV-RS;;;;D;8,007.30;Yes;750230;2024-02-10;1;
710111;107258;135;BG 2266 - UG;2024-02-20 14:42:00;OMV EVRO DIZEL;31.46;6,150.43;1,025.07;00218476;0;0;                  ;SR;NOVI SAD;OMV EVRO DIZEL;195.500;6,150.43;0.00;0.00;1,025.07;RSD;8914359644;2024-02-29;YES;NO;217;OMV-RS;;;;D;6,449.30;Yes;744256;2024-02-20;1;
710111;107258;135;BG 2266 - UG;2024-02-26 11:37:00;OMV EVRO DIZEL;34.86;6,832.56;1,138.76;00164713;0;0;                  ;SR;BACKA TOPOLA 2;OMV EVRO DIZEL;196.000;6,832.56;0.00;0.00;1,138.76;RSD;8914359644;2024-02-29;YES;NO;217;OMV-RS;;;;D;7,181.20;Yes;714139;2024-02-26;1;
710111;107258;135;BG 2266 - UG;2024-03-04 14:09:00;OMV EVRO DIZEL;29.60;5,801.60;966.93;00223857;0;0;                  ;SR;NOVI SAD;OMV EVRO DIZEL;196.000;5,801.60;0.00;0.00;966.93;RSD;8914361928;2024-03-15;YES;NO;217;OMV-RS;;;;D;6,038.40;Yes;740940;2024-03-04;1;
710111;107258;135;BG 2266 - UG;2024-03-11 10:30:00;EDMAXXM ZIMSKI;37.47;8,352.10;1,392.02;00403544;0;0;                  ;SR;BACKA TOPOLA 2;EDMAXXM ZIMSKI;222.901;8,352.10;0.00;0.00;1,392.02;RSD;8914361928;2024-03-15;YES;NO;217;OMV-RS;;;;D;0.00;No;703521;2024-03-11;1;
710111;107258;135;BG 2266 - UG;2024-03-15 07:57:00;OMV EVRO DIZEL;29.80;5,676.90;946.15;00405050;0;0;                  ;SR;BACKA TOPOLA 2;OMV EVRO DIZEL;190.500;5,676.90;0.00;0.00;946.15;RSD;8914361928;2024-03-15;YES;NO;217;OMV-RS;;;;D;6,019.60;Yes;780229;2024-03-15;1;
710111;107258;135;BG 2266 - UG;2024-03-15 07:58:00;AdBlue Kanister;1.00;1,109.00;184.83;00405051;0;0;                  ;SR;BACKA TOPOLA 2;AdBlue Kanister;1,109.000;1,109.00;0.00;0.00;184.83;RSD;8914361928;2024-03-15;YES;NO;217;OMV-RS;;;;D;0.00;No;780303;2024-03-15;1;
710111;107258;135;BG 2266 - UG;2024-03-19 09:02:00;OMV EVRO DIZEL;30.77;5,784.76;964.13;00406858;0;0;                  ;SR;BACKA TOPOLA 2;OMV EVRO DIZEL;188.000;5,784.76;0.00;0.00;964.13;RSD;8914364543;2024-03-31;YES;NO;217;OMV-RS;;;;D;6,123.20;Yes;790736;2024-03-19;1;
710111;107258;135;BG 2266 - UG;2024-03-22 10:17:00;OMV EVRO DIZEL;27.16;5,106.08;851.01;00227400;0;0;                  ;SR;PALIC;OMV EVRO DIZEL;188.000;5,106.08;0.00;0.00;851.01;RSD;8914364543;2024-03-31;YES;NO;117;OMV-RS;;;;D;5,404.80;Yes;701758;2024-03-22;1;
710111;107258;135;BG 2266 - UG;2024-03-28 10:56:00;OMV EVRO DIZEL;32.13;6,088.64;1,014.77;00410617;0;0;                  ;SR;BACKA TOPOLA 2;OMV EVRO DIZEL;189.500;6,088.64;0.00;0.00;1,014.77;RSD;8914364543;2024-03-31;YES;NO;217;OMV-RS;;;;D;6,458.10;Yes;710143;2024-03-28;1;
710111;107258;135;BG 2266 - UG;2024-04-02 13:00:00;OMV EVRO DIZEL;23.46;4,433.94;738.99;00280393;0;0;                  ;SR;SUBOTICA;OMV EVRO DIZEL;189.000;4,433.94;0.00;0.00;738.99;RSD;8914366835;2024-04-15;YES;NO;117;OMV-RS;;;;D;4,762.40;Yes;730058;2024-04-02;1;
710111;107258;135;BG 2266 - UG;2024-04-08 11:37:00;OMV EVRO DIZEL;32.33;6,207.36;1,034.56;00417824;0;0;                  ;SR;BACKA TOPOLA 2;OMV EVRO DIZEL;192.000;6,207.36;0.00;0.00;1,034.56;RSD;8914366835;2024-04-15;YES;NO;217;OMV-RS;;;;D;6,660.00;Yes;714233;2024-04-08;1;
710111;107258;135;BG 2266 - UG;2024-04-12 10:28:00;OMV EVRO DIZEL;32.02;6,147.84;1,024.64;00234931;0;0;                  ;SR;PALIC;OMV EVRO DIZEL;192.000;6,147.84;0.00;0.00;1,024.64;RSD;8914366835;2024-04-15;YES;NO;117;OMV-RS;;;;D;6,596.10;Yes;702826;2024-04-12;1;
710111;107258;135;BG 2266 - UG;2024-04-18 09:55:00;AdBlue Kanister;1.00;999.00;166.50;00237108;0;0;                  ;SR;PALIC;AdBlue Kanister;999.000;999.00;0.00;0.00;166.50;RSD;8914369474;2024-04-30;YES;NO;117;OMV-RS;;;;D;0.00;No;795528;2024-04-18;1;
710111;107258;135;BG 2266 - UG;2024-04-18 09:55:00;OMV EVRO DIZEL;40.56;7,787.52;1,297.92;00237110;0;0;                  ;SR;PALIC;OMV EVRO DIZEL;192.000;7,787.52;0.00;0.00;1,297.92;RSD;8914369474;2024-04-30;YES;NO;117;OMV-RS;;;;D;8,355.40;Yes;795601;2024-04-18;1;
710111;107258;135;BG 2266 - UG;2024-04-23 10:14:00;OMV EVRO DIZEL;30.97;5,946.24;991.04;00238836;0;0;                  ;SR;PALIC;OMV EVRO DIZEL;192.000;5,946.24;0.00;0.00;991.04;RSD;8914369474;2024-04-30;YES;NO;117;OMV-RS;;;;D;6,379.80;Yes;701421;2024-04-23;1;
710111;107258;135;BG 2266 - UG;2024-04-25 17:04:00;ED MAXXMOTION;33.08;7,572.00;1,262.00;00324419;0;0;                  ;SR;BACKA TOPOLA;ED MAXXMOTION;228.900;7,572.00;0.00;0.00;1,262.00;RSD;8914369474;2024-04-30;YES;NO;217;OMV-RS;;;;D;0.00;No;770416;2024-04-25;1;
710111;107258;135;BG 2266 - UG;2024-05-09 10:32:00;OMV EVRO DIZEL;33.54;6,422.91;1,070.48;00186043;0;0;                  ;SR;BACKA TOPOLA 2;OMV EVRO DIZEL;191.500;6,422.91;0.00;0.00;1,070.48;RSD;8914371718;2024-05-15;YES;NO;217;OMV-RS;;;;D;6,875.70;Yes;703249;2024-05-09;1;
710111;107258;135;BG 2266 - UG;2024-05-15 18:00:00;OMV EVRO DIZEL;38.81;7,354.50;1,225.75;00254992;0;0;                  ;SR;NOVI SAD;OMV EVRO DIZEL;189.500;7,354.50;0.00;0.00;1,225.75;RSD;8914371718;2024-05-15;YES;NO;217;OMV-RS;;;;D;7,878.40;Yes;780018;2024-05-15;1;
710111;107258;135;BG 2266 - UG;2024-05-21 17:57:00;AdBlue Kanister;1.00;999.00;166.50;00257829;0;0;                  ;SR;NOVI SAD;AdBlue Kanister;999.000;999.00;0.00;0.00;166.50;RSD;8914374363;2024-05-31;YES;NO;217;OMV-RS;;;;D;0.00;No;775802;2024-05-21;1;
710111;107258;135;BG 2266 - UG;2024-05-21 17:57:00;OMV EVRO DIZEL;41.60;7,800.00;1,300.00;00257828;0;0;                  ;SR;NOVI SAD;OMV EVRO DIZEL;187.500;7,800.00;0.00;0.00;1,300.00;RSD;8914374363;2024-05-31;YES;NO;217;OMV-RS;;;;D;8,361.60;Yes;775723;2024-05-21;1;
710111;107258;135;BG 2266 - UG;2024-05-25 21:13:00;OMV EVRO DIZEL;30.38;5,696.25;949.37;00123588;0;0;                  ;SR;NOVI SAD;OMV EVRO DIZEL;187.500;5,696.25;0.00;0.00;949.37;RSD;8914374363;2024-05-31;YES;NO;217;OMV-RS;;;;D;6,106.40;Yes;711402;2024-05-25;1;
710111;107258;135;BG 2266 - UG;2024-05-29 11:14:00;OMV EVRO DIZEL;34.22;6,416.25;1,069.37;00261223;0;0;                  ;SR;NOVI SAD;OMV EVRO DIZEL;187.500;6,416.25;0.00;0.00;1,069.37;RSD;8914374363;2024-05-31;YES;NO;217;OMV-RS;;;;D;6,878.20;Yes;711433;2024-05-29;1;
710111;107258;135;BG 2266 - UG;2024-05-30 16:19:00;OMV EVRO DIZEL;21.18;3,971.25;661.87;00261760;0;0;                  ;SR;NOVI SAD;OMV EVRO DIZEL;187.500;3,971.25;0.00;0.00;661.87;RSD;8914374363;2024-05-31;YES;NO;217;OMV-RS;;;;D;4,257.20;Yes;761946;2024-05-30;1;
710111;107258;135;BG 2266 - UG;2024-06-05 12:29:00;OMV EVRO DIZEL;38.27;7,175.63;1,195.94;00307806;0;0;                  ;SR;SUBOTICA;OMV EVRO DIZEL;187.500;7,175.63;0.00;0.00;1,195.94;RSD;8914376641;2024-06-15;YES;NO;117;OMV-RS;;;;D;7,692.30;Yes;722959;2024-06-05;1;
710111;107258;135;BG 2266 - UG;2024-06-10 08:36:00;OMV EVRO DIZEL;35.70;6,622.35;1,103.72;00266787;0;0;                  ;SR;NOVI SAD;OMV EVRO DIZEL;185.500;6,622.35;0.00;0.00;1,103.72;RSD;8914376641;2024-06-15;YES;NO;217;OMV-RS;;;;D;7,104.30;Yes;783637;2024-06-10;1;
710111;107258;135;BG 2266 - UG;2024-06-21 11:45:00;OMV EVRO DIZEL;40.55;7,684.23;1,280.70;00271857;0;0;                  ;SR;NOVI SAD;OMV EVRO DIZEL;189.500;7,684.23;0.00;0.00;1,280.70;RSD;8914379249;2024-06-30;YES;NO;217;OMV-RS;;;;D;8,150.60;Yes;714555;2024-06-21;1;
710111;107258;135;BG 2266 - UG;2024-06-26 12:55:00;OMV EVRO DIZEL;39.83;7,627.45;1,271.24;00274111;0;0;                  ;SR;NOVI SAD;OMV EVRO DIZEL;191.500;7,627.45;0.00;0.00;1,271.24;RSD;8914379249;2024-06-30;YES;NO;217;OMV-RS;;;;D;8,085.50;Yes;725600;2024-06-26;1;
710111;107258;135;BG 2266 - UG;2024-06-26 12:56:00;AdBlue Kanister;1.00;999.00;166.50;00274112;0;0;                  ;SR;NOVI SAD;AdBlue Kanister;999.000;999.00;0.00;0.00;166.50;RSD;8914379249;2024-06-30;YES;NO;217;OMV-RS;;;;D;0.00;No;725647;2024-06-26;1;
710111;107258;135;BG 2266 - UG;2024-07-04 15:51:00;OMV EVRO DIZEL;41.92;8,153.44;1,358.91;00357716;0;0;                  ;SR;BACKA TOPOLA;OMV EVRO DIZEL;194.500;8,153.44;0.00;0.00;1,358.91;RSD;8914381538;2024-07-15;YES;NO;217;OMV-RS;;;;D;8,593.60;Yes;755123;2024-07-04;1;
710111;107258;135;BG 2266 - UG;2024-07-10 14:53:00;OMV EVRO DIZEL;38.61;7,528.95;1,254.82;00499082;0;0;                  ;SR;BESKA 2;OMV EVRO DIZEL;195.000;7,528.95;0.00;0.00;1,254.82;RSD;8914381538;2024-07-15;YES;NO;217;OMV-RS;;;;D;8,030.90;Yes;745409;2024-07-10;1;
710111;107258;135;BG 2266 - UG;2024-07-16 10:01:00;OMV EVRO DIZEL;34.27;6,614.11;1,102.35;00208413;0;0;                  ;SR;BACKA TOPOLA 2;OMV EVRO DIZEL;193.000;6,614.11;0.00;0.00;1,102.35;RSD;8914384146;2024-07-31;YES;NO;217;OMV-RS;;;;D;7,128.20;Yes;700124;2024-07-16;1;
710111;107258;135;BG 2266 - UG;2024-07-22 12:31:00;OMV EVRO DIZEL;44.88;8,527.20;1,421.20;00477210;0;0;                  ;SR;BACKA TOPOLA 2;OMV EVRO DIZEL;190.000;8,527.20;0.00;0.00;1,421.20;RSD;8914384146;2024-07-31;YES;NO;217;OMV-RS;;;;D;9,200.40;Yes;723200;2024-07-22;1;
710111;107258;135;BG 2266 - UG;2024-08-01 08:16:00;OMV EVRO DIZEL;36.91;6,939.08;1,156.51;00290347;0;0;                  ;SR;NOVI SAD;OMV EVRO DIZEL;188.000;6,939.08;0.00;0.00;1,156.51;RSD;8914386444;2024-08-15;YES;NO;217;OMV-RS;;;;D;7,455.80;Yes;781624;2024-08-01;1;
710111;107258;135;BG 2266 - UG;2024-08-07 14:12:00;AdBlue Kanister;1.00;1,109.00;184.83;00386260;0;0;                  ;SR;BACKA TOPOLA;AdBlue Kanister;1,109.000;1,109.00;0.00;0.00;184.83;RSD;8914386444;2024-08-15;YES;NO;217;OMV-RS;;;;D;0.00;No;741247;2024-08-07;1;
710111;107258;135;BG 2266 - UG;2024-08-07 14:12:00;OMV EVRO DIZEL;39.82;7,446.34;1,241.06;00386259;0;0;                  ;SR;BACKA TOPOLA;OMV EVRO DIZEL;187.000;7,446.34;0.00;0.00;1,241.06;RSD;8914386444;2024-08-15;YES;NO;217;OMV-RS;;;;D;8,003.80;Yes;741217;2024-08-07;1;
710111;107258;135;BG 2266 - UG;2024-08-13 14:05:00;OMV EVRO DIZEL;30.91;5,687.44;947.91;00338110;0;0;                  ;SR;SUBOTICA;OMV EVRO DIZEL;184.000;5,687.44;0.00;0.00;947.91;RSD;8914386444;2024-08-15;YES;NO;117;OMV-RS;;;;D;6,120.20;Yes;740550;2024-08-13;1;
710111;107258;135;BG 2266 - UG;2024-08-21 12:10:00;OMV EVRO DIZEL;40.19;7,394.96;1,232.49;00508313;0;0;                  ;SR;BACKA TOPOLA 2;OMV EVRO DIZEL;184.000;7,394.96;0.00;0.00;1,232.49;RSD;8914389074;2024-08-31;YES;NO;217;OMV-RS;;;;D;7,957.60;Yes;721041;2024-08-21;1;
710111;107258;135;BG 2266 - UG;2024-08-27 11:09:00;OMV EVRO DIZEL;28.77;5,207.37;867.89;00515031;0;0;                  ;SR;BACKA TOPOLA 2;OMV EVRO DIZEL;181.000;5,207.37;0.00;0.00;867.89;RSD;8914389074;2024-08-31;YES;NO;217;OMV-RS;;;;D;5,610.20;Yes;711020;2024-08-27;1;
710111;107258;135;BG 2266 - UG;2024-08-30 08:10:00;OMV EVRO DIZEL;34.98;6,331.38;1,055.23;00303521;0;0;                  ;SR;NOVI SAD;OMV EVRO DIZEL;181.000;6,331.38;0.00;0.00;1,055.23;RSD;8914389074;2024-08-31;YES;NO;217;OMV-RS;;;;D;6,821.10;Yes;781101;2024-08-30;1;
710111;107258;135;BG 2266 - UG;2024-08-30 08:11:00;AdBlue Kanister;1.00;999.00;166.50;00303522;0;0;                  ;SR;NOVI SAD;AdBlue Kanister;999.000;999.00;0.00;0.00;166.50;RSD;8914389074;2024-08-31;YES;NO;217;OMV-RS;;;;D;0.00;No;781145;2024-08-30;1;
710111;107258;135;BG 2266 - UG;2024-09-05 14:36:00;OMV EVRO DIZEL;39.99;7,198.20;1,199.70;00287855;0;0;                  ;SR;PALIC;OMV EVRO DIZEL;180.000;7,198.20;0.00;0.00;1,199.70;RSD;8914391411;2024-09-15;YES;NO;117;OMV-RS;;;;D;7,758.10;Yes;743701;2024-09-05;1;
710111;107258;135;BG 2266 - UG;2024-09-12 15:54:00;OMV EVRO DIZEL;32.85;5,896.58;982.76;00182480;0;0;                  ;SR;BESKA 2;OMV EVRO DIZEL;179.500;5,896.58;0.00;0.00;982.76;RSD;8914391411;2024-09-15;YES;NO;217;OMV-RS;;;;D;6,372.90;Yes;755419;2024-09-12;1;
710111;107258;135;BG 2266 - UG;2024-09-17 09:08:00;OMV EVRO DIZEL;24.61;4,368.28;728.05;00532397;0;0;                  ;SR;BACKA TOPOLA 2;OMV EVRO DIZEL;177.500;4,368.28;0.00;0.00;728.05;RSD;8914394055;2024-09-30;YES;NO;217;OMV-RS;;;;D;4,700.50;Yes;790835;2024-09-17;1;
710111;107258;135;BG 2266 - UG;2024-09-24 12:55:00;OMV EVRO DIZEL;36.22;6,429.05;1,071.51;00314454;0;0;                  ;SR;NOVI SAD;OMV EVRO DIZEL;177.500;6,429.05;0.00;0.00;1,071.51;RSD;8914394055;2024-09-30;YES;NO;217;OMV-RS;;;;D;6,881.80;Yes;725606;2024-09-24;1;
710111;107258;135;BG 2266 - UG;2024-10-01 15:18:00;OMV EVRO DIZEL;33.12;5,878.80;979.80;00134964;0;0;                  ;SR;BACKA TOPOLA;OMV EVRO DIZEL;177.500;5,878.80;0.00;0.00;979.80;RSD;8914396403;2024-10-15;YES;NO;217;OMV-RS;;;;D;6,292.80;Yes;751810;2024-10-01;1;
710111;107258;135;BG 2266 - UG;2024-10-10 15:54:00;OMV EVRO DIZEL;36.68;6,749.12;1,124.85;00135804;0;0;                  ;SR;BACKA TOPOLA;OMV EVRO DIZEL;184.000;6,749.12;0.00;0.00;1,124.85;RSD;8914396403;2024-10-15;YES;NO;217;OMV-RS;;;;D;7,005.90;Yes;755353;2024-10-10;1;
710111;107258;135;BG 2266 - UG;2024-10-15 15:55:00;OMV EVRO DIZEL;41.15;7,695.05;1,282.51;00136484;0;0;                  ;SR;BACKA TOPOLA;OMV EVRO DIZEL;187.000;7,695.05;0.00;0.00;1,282.51;RSD;8914396403;2024-10-15;YES;NO;217;OMV-RS;;;;D;7,983.10;Yes;755518;2024-10-15;1;
710111;107258;135;BG 2266 - UG;2024-10-15 15:56:00;AdBlue Kanister;1.00;1,109.00;184.83;00136485;0;0;                  ;SR;BACKA TOPOLA;AdBlue Kanister;1,109.000;1,109.00;0.00;0.00;184.83;RSD;8914396403;2024-10-15;YES;NO;217;OMV-RS;;;;D;0.00;No;755559;2024-10-15;1;
710111;107258;135;BG 2266 - UG;2024-10-19 10:53:00;OMV EVRO DIZEL;37.71;7,089.48;1,181.58;00136959;0;0;                  ;SR;BACKA TOPOLA;OMV EVRO DIZEL;188.000;7,089.48;0.00;0.00;1,181.58;RSD;8914399056;2024-10-31;YES;NO;217;OMV-RS;;;;D;7,353.50;Yes;705347;2024-10-19;1;
710111;107258;135;BG 2266 - UG;2024-10-23 10:02:00;OMV EVRO DIZEL;23.33;4,386.04;731.01;00257227;0;0;                  ;SR;BACKA TOPOLA 2;OMV EVRO DIZEL;188.000;4,386.04;0.00;0.00;731.01;RSD;8914399056;2024-10-31;YES;NO;217;OMV-RS;;;;D;4,549.40;Yes;700256;2024-10-23;1;
710111;107258;135;BG 2266 - UG;2024-10-26 13:05:00;OMV EVRO DIZEL;34.29;6,377.94;1,062.99;00555164;0;0;                  ;SR;BACKA TOPOLA 2;OMV EVRO DIZEL;186.000;6,377.94;0.00;0.00;1,062.99;RSD;8914399056;2024-10-31;YES;NO;217;OMV-RS;;;;D;6,618.00;Yes;730536;2024-10-26;1;
710111;107258;135;BG 2266 - UG;2024-10-30 10:40:00;OMV EVRO DIZEL;36.88;6,859.68;1,143.28;00259515;0;0;                  ;SR;BACKA TOPOLA 2;OMV EVRO DIZEL;186.000;6,859.68;0.00;0.00;1,143.28;RSD;8914399056;2024-10-31;YES;NO;217;OMV-RS;;;;D;7,117.80;Yes;704044;2024-10-30;1;
710111;107258;135;BG 2266 - UG;2024-11-05 10:25:00;OMV EVRO DIZEL;38.33;7,091.05;1,181.84;00560803;0;0;                  ;SR;BACKA TOPOLA 2;OMV EVRO DIZEL;185.000;7,091.05;0.00;0.00;1,181.84;RSD;8914401397;2024-11-15;YES;NO;217;OMV-RS;;;;D;7,359.40;Yes;702533;2024-11-05;1;
710111;107258;135;BG 2266 - UG;2024-11-10 12:57:00;OMV EVRO DIZEL;40.50;7,614.00;1,269.00;00335322;0;0;                  ;SR;NOVI SAD;OMV EVRO DIZEL;188.000;7,614.00;0.00;0.00;1,269.00;RSD;8914401397;2024-11-15;YES;NO;217;OMV-RS;;;;D;7,857.00;Yes;725739;2024-11-10;1;
710111;107258;135;BG 2266 - UG;2024-11-15 17:52:00;OMV EVRO DIZEL;39.15;7,360.20;1,226.70;00337363;0;0;                  ;SR;NOVI SAD;OMV EVRO DIZEL;188.000;7,360.20;0.00;0.00;1,226.70;RSD;8914401397;2024-11-15;YES;NO;217;OMV-RS;;;;D;7,595.10;Yes;775245;2024-11-15;1;
710111;107258;135;BG 2266 - UG;2024-11-19 13:35:00;OMV EVRO DIZEL;37.43;7,036.84;1,172.81;00028062;0;0;                  ;SR;BESKA 2;OMV EVRO DIZEL;188.000;7,036.84;0.00;0.00;1,172.81;RSD;8914404050;2024-11-30;YES;NO;217;OMV-RS;;;;D;7,261.40;Yes;733510;2024-11-19;1;
710111;107258;135;BG 2266 - UG;2024-11-19 13:35:00;AdBlue Kanister;1.00;1,109.00;184.83;00028063;0;0;                  ;SR;BESKA 2;AdBlue Kanister;1,109.000;1,109.00;0.00;0.00;184.83;RSD;8914404050;2024-11-30;YES;NO;217;OMV-RS;;;;D;0.00;No;733546;2024-11-19;1;
710111;107258;135;BG 2266 - UG;2024-11-27 07:30:00;OMV EVRO DIZEL;32.30;6,169.30;1,028.22;00342305;0;0;                  ;SR;NOVI SAD;OMV EVRO DIZEL;191.000;6,169.30;0.00;0.00;1,028.22;RSD;8914404050;2024-11-30;YES;NO;217;OMV-RS;;;;D;6,363.10;Yes;773106;2024-11-27;1;
710111;107258;135;BG 2266 - UG;2024-12-03 07:56:00;OMV EVRO DIZEL;36.12;6,898.92;1,149.82;00150196;0;0;                  ;SR;NOVI SAD;OMV EVRO DIZEL;191.000;6,898.92;0.00;0.00;1,149.82;RSD;8914406383;2024-12-15;YES;NO;217;OMV-RS;;;;D;7,115.60;Yes;775625;2024-12-03;1;
710111;107258;135;BG 2266 - UG;2024-12-06 08:57:00;OMV EVRO DIZEL;33.15;6,331.65;1,055.27;00346420;0;0;                  ;SR;NOVI SAD;OMV EVRO DIZEL;191.000;6,331.65;0.00;0.00;1,055.27;RSD;8914406383;2024-12-15;YES;NO;217;OMV-RS;;;;D;6,530.60;Yes;785720;2024-12-06;1;
710111;107258;135;BG 2266 - UG;2024-12-10 10:37:00;OMV EVRO DIZEL;36.14;6,866.60;1,144.43;00575514;0;0;                  ;SR;BACKA TOPOLA 2;OMV EVRO DIZEL;190.000;6,866.60;0.00;0.00;1,144.43;RSD;8914406383;2024-12-15;YES;NO;217;OMV-RS;;;;D;7,083.40;Yes;703807;2024-12-10;1;
710111;107258;135;BG 2266 - UG;2024-12-10 10:38:00;AdBlue Kanister;1.00;1,109.00;184.83;00575515;0;0;                  ;SR;BACKA TOPOLA 2;AdBlue Kanister;1,109.000;1,109.00;0.00;0.00;184.83;RSD;8914406383;2024-12-15;YES;NO;217;OMV-RS;;;;D;0.00;No;703837;2024-12-10;1;
710111;107258;135;BG 2266 - UG;2024-12-19 10:07:00;OMV EVRO DIZEL;27.90;5,273.10;878.85;00352127;0;0;                  ;SR;NOVI SAD;OMV EVRO DIZEL;189.000;5,273.10;0.00;0.00;878.85;RSD;8914409008;2024-12-31;YES;NO;217;OMV-RS;;;;D;5,468.40;Yes;700752;2024-12-19;1;
710111;107258;135;BG 2266 - UG;2024-12-27 21:10:00;OMV EVRO DIZEL;37.47;7,119.30;1,186.55;00355897;0;0;                  ;SR;NOVI SAD;OMV EVRO DIZEL;190.000;7,119.30;0.00;0.00;1,186.55;RSD;8914409008;2024-12-31;YES;NO;217;OMV-RS;;;;D;7,381.60;Yes;711051;2024-12-27;1;
710111;107258;135;BG 2266 - UG;2025-01-16 10:24:00;OMV EVRO DIZEL;39.13;7,630.35;1,271.72;00283418;0;0;                  ;SR;BACKA TOPOLA 2;OMV EVRO DIZEL;195.000;7,630.35;0.00;0.00;1,271.72;RSD;8915354647;2025-01-31;YES;NO;217;OMV-RS;;;;D;7,865.10;Yes;702557;2025-01-16;1;
710111;107258;135;BG 2266 - UG;2025-01-17 15:37:00;OMV EVRO DIZEL;21.07;4,171.86;695.31;00204140;0;0;                  ;SR;BESKA 2;OMV EVRO DIZEL;198.000;4,171.86;0.00;0.00;695.31;RSD;8915354647;2025-01-31;YES;NO;217;OMV-RS;;;;D;4,298.30;Yes;753915;2025-01-17;1;
710111;107258;135;BG 2266 - UG;2025-01-23 18:43:00;OMV EVRO DIZEL;31.67;6,270.66;1,045.11;00366972;0;0;                  ;SR;NOVI SAD;OMV EVRO DIZEL;198.000;6,270.66;0.00;0.00;1,045.11;RSD;8915354647;2025-01-31;YES;NO;217;OMV-RS;;;;D;6,460.70;Yes;784501;2025-01-23;1;
710111;107258;135;BG 2266 - UG;2025-01-23 18:44:00;AdBlue Kanister;1.00;999.00;166.50;00366973;0;0;                  ;SR;NOVI SAD;AdBlue Kanister;999.000;999.00;0.00;0.00;166.50;RSD;8915354647;2025-01-31;YES;NO;217;OMV-RS;;;;D;0.00;No;784534;2025-01-23;1;
710111;107258;135;BG 2266 - UG;2025-01-28 15:26:00;OMV EVRO DIZEL;36.52;7,230.96;1,205.16;00457621;0;0;                  ;SR;BACKA TOPOLA;OMV EVRO DIZEL;198.000;7,230.96;0.00;0.00;1,205.16;RSD;8915354647;2025-01-31;YES;NO;217;OMV-RS;;;;D;7,450.10;Yes;752753;2025-01-28;1;
710111;107258;135;BG 2266 - UG;2025-02-04 08:29:00;OMV EVRO DIZEL;35.25;6,873.75;1,145.62;00002027;0;0;                  ;SR;BACKA TOPOLA 2;OMV EVRO DIZEL;195.000;6,873.75;0.00;0.00;1,145.62;RSD;8915357106;2025-02-15;YES;NO;217;OMV-RS;;;;D;7,085.30;Yes;783131;2025-02-04;1;
710111;107258;135;BG 2266 - UG;2025-02-09 18:14:00;OMV EVRO DIZEL;37.83;7,376.85;1,229.47;00004668;0;0;                  ;SR;NOVI SAD;OMV EVRO DIZEL;195.000;7,376.85;0.00;0.00;1,229.47;RSD;8915359791;2025-02-28;YES;NO;217;OMV-RS;;;;D;7,603.80;Yes;781634;2025-02-09;1;
710111;107258;135;BG 2266 - UG;2025-02-14 18:47:00;OMV EVRO DIZEL;42.84;8,568.00;1,428.00;00006721;0;0;                  ;SR;NOVI SAD;OMV EVRO DIZEL;200.000;8,568.00;0.00;0.00;1,428.00;RSD;8915359791;2025-02-28;YES;NO;217;OMV-RS;;;;D;8,696.50;Yes;784941;2025-02-14;1;
710111;107258;135;BG 2266 - UG;2025-02-20 16:43:00;OMV EVRO DIZEL;37.93;7,548.07;1,258.01;00007230;0;0;                  ;SR;BACKA TOPOLA;OMV EVRO DIZEL;199.000;7,548.07;0.00;0.00;1,258.01;RSD;8915359791;2025-02-28;YES;NO;217;OMV-RS;;;;D;7,699.80;Yes;764549;2025-02-20;1;
710111;107258;135;BG 2266 - UG;2025-03-04 22:15:00;OMV EVRO DIZEL;37.08;7,378.92;1,229.82;00014283;0;0;                  ;SR;NOVI SAD;OMV EVRO DIZEL;199.000;7,378.92;0.00;0.00;1,229.82;RSD;8915362134;2025-03-15;YES;NO;217;OMV-RS;;;;D;7,527.20;Yes;721806;2025-03-04;1;
710111;107258;135;BG 2266 - UG;2025-03-11 08:31:00;OMV EVRO DIZEL;36.56;7,107.26;1,184.54;00006353;0;0;                  ;SR;NOVI SAD;OMV EVRO DIZEL;194.400;7,107.26;0.00;0.00;1,184.54;RSD;8915362134;2025-03-15;YES;NO;217;OMV-RS;;;;D;7,312.00;Yes;783352;2025-03-11;1;
710111;107258;135;BG 2266 - UG;2025-03-17 07:52:00;OMV EVRO DIZEL;27.68;5,297.95;882.99;00019482;0;0;                  ;SR;NOVI SAD;OMV EVRO DIZEL;191.400;5,297.95;0.00;0.00;882.99;RSD;8915364775;2025-03-31;YES;NO;217;OMV-RS;;;;D;5,453.00;Yes;775518;2025-03-17;1;
710111;107258;135;BG 2266 - UG;2025-03-24 09:09:00;OMV EVRO DIZEL;41.31;7,807.59;1,301.26;00019144;0;0;                  ;SR;BACKA TOPOLA 2;OMV EVRO DIZEL;189.000;7,807.59;0.00;0.00;1,301.26;RSD;8915364775;2025-03-31;YES;NO;217;OMV-RS;;;;D;8,055.50;Yes;791238;2025-03-24;1;
710111;107258;135;BG 2266 - UG;2025-03-28 15:34:00;OMV EVRO DIZEL;40.00;7,600.00;1,266.67;00005809;0;0;                  ;SR;BACKA TOPOLA 2;OMV EVRO DIZEL;190.000;7,600.00;0.00;0.00;1,266.67;RSD;8915364775;2025-03-31;YES;NO;217;OMV-RS;;;;D;7,840.00;Yes;753754;2025-03-28;1;
710111;107258;135;BG 2266 - UG;2025-04-03 17:02:00;OMV EVRO DIZEL;37.43;7,111.70;1,185.28;00009977;0;0;                  ;SR;BESKA 2;OMV EVRO DIZEL;190.000;7,111.70;0.00;0.00;1,185.28;RSD;8915367133;2025-04-15;YES;NO;217;OMV-RS;;;;D;7,336.30;Yes;770627;2025-04-03;1;
710111;107258;135;BG 2266 - UG;2025-04-03 17:04:00;AdBlue Kanister;1.00;1,109.00;184.83;00033793;0;0;                  ;SR;BESKA 2;AdBlue Kanister;1,109.000;1,109.00;0.00;0.00;184.83;RSD;8915367133;2025-04-15;YES;NO;217;OMV-RS;;;;D;0.00;No;770830;2025-04-03;1;
710111;107258;135;BG 2266 - UG;2025-04-08 08:21:00;OMV EVRO DIZEL;34.10;6,479.00;1,079.83;00015589;0;0;                  ;SR;BACKA TOPOLA 2;OMV EVRO DIZEL;190.000;6,479.00;0.00;0.00;1,079.83;RSD;8915367133;2025-04-15;YES;NO;217;OMV-RS;;;;D;6,683.60;Yes;782502;2025-04-08;1;
710111;107258;135;BG 2266 - UG;2025-04-14 08:18:00;OMV EVRO DIZEL;43.40;8,072.40;1,345.40;00003918;0;0;                  ;SR;BACKA TOPOLA 2;OMV EVRO DIZEL;186.000;8,072.40;0.00;0.00;1,345.40;RSD;8915367133;2025-04-15;YES;NO;217;OMV-RS;;;;D;8,332.80;Yes;782217;2025-04-14;1;
710111;107258;135;BG 2266 - UG;2025-04-24 08:39:00;OMV EVRO DIZEL;25.38;4,644.54;774.09;00032099;0;0;                  ;SR;BACKA TOPOLA 2;OMV EVRO DIZEL;183.000;4,644.54;0.00;0.00;774.09;RSD;8915369797;2025-04-30;YES;NO;217;OMV-RS;;;;D;4,796.80;Yes;784321;2025-04-24;1;
710111;107258;135;BG 2266 - UG;2025-04-30 09:53:00;AdBlue Kanister;1.00;1,109.00;184.83;00052179;0;0;                  ;SR;BESKA 1;AdBlue Kanister;1,109.000;1,109.00;0.00;0.00;184.83;RSD;8915369797;2025-04-30;YES;NO;217;OMV-RS;;;;D;0.00;No;795341;2025-04-30;1;
710111;107258;135;BG 2266 - UG;2025-04-30 09:53:00;OMV EVRO DIZEL;26.04;4,765.32;794.22;00052178;0;0;                  ;SR;BESKA 1;OMV EVRO DIZEL;183.000;4,765.32;0.00;0.00;794.22;RSD;8915369797;2025-04-30;YES;NO;217;OMV-RS;;;;D;4,921.60;Yes;795303;2025-04-30;1;
710111;107258;135;BG 2266 - UG;2025-05-09 16:03:00;OMV EVRO DIZEL;38.53;6,935.40;1,155.90;00036545;0;0;                  ;SR;BACKA TOPOLA;OMV EVRO DIZEL;180.000;6,935.40;0.00;0.00;1,155.90;RSD;8915372197;2025-05-15;YES;NO;217;OMV-RS;;;;D;7,166.60;Yes;760426;2025-05-09;1;
710111;107258;135;BG 2266 - UG;2025-05-14 16:33:00;OMV EVRO DIZEL;33.30;5,994.00;999.00;00038292;0;0;                  ;SR;BACKA TOPOLA;OMV EVRO DIZEL;180.000;5,994.00;0.00;0.00;999.00;RSD;8915372197;2025-05-15;YES;NO;217;OMV-RS;;;;D;6,193.80;Yes;763507;2025-05-14;1;
710111;107258;135;BG 2266 - UG;2025-05-19 10:09:00;OMV EVRO DIZEL;34.24;6,197.44;1,032.91;00008317;0;0;                  ;SR;BACKA TOPOLA 2;OMV EVRO DIZEL;181.000;6,197.44;0.00;0.00;1,032.91;RSD;8915374857;2025-05-31;YES;NO;217;OMV-RS;;;;D;6,402.90;Yes;701433;2025-05-19;1;
710111;107258;135;BG 2266 - UG;2025-05-22 15:02:00;OMV EVRO DIZEL;30.48;5,516.88;919.48;00003177;0;0;                  ;SR;BACKA TOPOLA;OMV EVRO DIZEL;181.000;5,516.88;0.00;0.00;919.48;RSD;8915374857;2025-05-31;YES;NO;217;OMV-RS;;;;D;5,699.80;Yes;750219;2025-05-22;1;
710111;107258;135;BG 2266 - UG;2025-05-29 08:13:00;OMV EVRO DIZEL;30.09;5,446.29;907.71;00053164;0;0;                  ;SR;NOVI SAD;OMV EVRO DIZEL;181.000;5,446.29;0.00;0.00;907.71;RSD;8915374857;2025-05-31;YES;NO;217;OMV-RS;;;;D;5,626.80;Yes;781318;2025-05-29;1;
710111;107258;135;BG 2266 - UG;2025-06-02 18:05:00;OMV EVRO DIZEL;35.02;6,338.62;1,056.44;00055523;0;0;                  ;SR;NOVI SAD;OMV EVRO DIZEL;181.000;6,338.62;0.00;0.00;1,056.44;RSD;8915377281;2025-06-15;YES;NO;217;OMV-RS;;;;D;6,548.70;Yes;780518;2025-06-02;1;
710111;107258;135;BG 2266 - UG;2025-06-02 18:06:00;AdBlue Kanister;1.00;899.00;149.83;00055524;0;0;                  ;SR;NOVI SAD;AdBlue Kanister;899.000;899.00;0.00;0.00;149.83;RSD;8915377281;2025-06-15;YES;NO;217;OMV-RS;;;;D;0.00;No;780632;2025-06-02;1;
710111;107258;135;BG 2266 - UG;2025-06-10 16:13:00;OMV EVRO DIZEL;38.45;6,959.45;1,159.91;00059505;0;0;                  ;SR;NOVI SAD;OMV EVRO DIZEL;181.000;6,959.45;0.00;0.00;1,159.91;RSD;8915377281;2025-06-15;YES;NO;217;OMV-RS;;;;D;7,190.20;Yes;761343;2025-06-10;1;
710111;107258;135;BG 2266 - UG;2025-06-17 10:55:00;OMV EVRO DIZEL;31.16;5,702.28;950.38;00058267;0;0;                  ;SR;BACKA TOPOLA 2;OMV EVRO DIZEL;183.000;5,702.28;0.00;0.00;950.38;RSD;8915379951;2025-06-30;YES;NO;217;OMV-RS;;;;D;5,889.20;Yes;705539;2025-06-17;1;
710111;107258;135;BG 2266 - UG;2025-06-23 22:25:00;OMV EVRO DIZEL;34.25;6,370.50;1,061.75;00066349;0;0;                  ;SR;NOVI SAD;OMV EVRO DIZEL;186.000;6,370.50;0.00;0.00;1,061.75;RSD;8915379951;2025-06-30;YES;NO;217;OMV-RS;;;;D;6,576.00;Yes;722531;2025-06-23;1;
710111;107258;135;BG 2266 - UG;2025-06-26 07:19:00;OMV EVRO DIZEL;24.11;4,484.46;747.41;00062338;0;0;                  ;SR;BACKA TOPOLA 2;OMV EVRO DIZEL;186.000;4,484.46;0.00;0.00;747.41;RSD;8915379951;2025-06-30;YES;NO;217;OMV-RS;;;;D;4,629.10;Yes;772029;2025-06-26;1;
710111;107258;135;BG 2266 - UG;2025-07-01 21:23:00;OMV EVRO DIZEL;34.14;6,418.32;1,069.72;00070354;0;0;                  ;SR;NOVI SAD;OMV EVRO DIZEL;188.000;6,418.32;0.00;0.00;1,069.72;RSD;8915382357;2025-07-15;YES;NO;217;OMV-RS;;;;D;6,623.20;Yes;712328;2025-07-01;1;
710111;107258;135;BG 2266 - UG;2025-07-10 07:26:00;OMV EVRO DIZEL;41.19;7,743.72;1,290.62;00046107;0;0;                  ;SR;BACKA TOPOLA 2;OMV EVRO DIZEL;188.000;7,743.72;0.00;0.00;1,290.62;RSD;8915382357;2025-07-15;YES;NO;217;OMV-RS;;;;D;7,990.90;Yes;772739;2025-07-10;1;
710111;107258;135;BG 2266 - UG;2025-07-18 06:38:00;OMV EVRO DIZEL;41.80;7,942.00;1,323.67;00078035;0;0;                  ;SR;NOVI SAD;OMV EVRO DIZEL;190.000;7,942.00;0.00;0.00;1,323.67;RSD;8915385043;2025-07-31;YES;NO;217;OMV-RS;;;;D;8,192.80;Yes;763834;2025-07-18;1;
710111;107258;135;BG 2266 - UG;2025-07-22 07:54:00;AdBlue Kanister;1.00;1,109.00;184.83;00074288;0;0;                  ;SR;BACKA TOPOLA 2;AdBlue Kanister;1,109.000;1,109.00;0.00;0.00;184.83;RSD;8915385043;2025-07-31;YES;NO;217;OMV-RS;;;;D;0.00;No;775639;2025-07-22;1;
710111;107258;135;BG 2266 - UG;2025-07-22 07:55:00;OMV EVRO DIZEL;21.83;4,169.53;694.92;00074289;0;0;                  ;SR;BACKA TOPOLA 2;OMV EVRO DIZEL;191.000;4,169.53;0.00;0.00;694.92;RSD;8915385043;2025-07-31;YES;NO;217;OMV-RS;;;;D;4,300.50;Yes;775706;2025-07-22;1;
710111;107258;135;BG 2266 - UG;2025-07-24 07:11:00;OMV EVRO DIZEL;21.59;4,123.69;687.28;00075341;0;0;                  ;SR;BACKA TOPOLA 2;OMV EVRO DIZEL;191.000;4,123.69;0.00;0.00;687.28;RSD;8915385043;2025-07-31;YES;NO;217;OMV-RS;;;;D;4,253.20;Yes;771315;2025-07-24;1;
710111;107258;135;BG 2266 - UG;2025-07-29 07:05:00;OMV EVRO DIZEL;37.93;7,206.70;1,201.12;00054616;0;0;                  ;SR;BACKA TOPOLA 2;OMV EVRO DIZEL;190.000;7,206.70;0.00;0.00;1,201.12;RSD;8915385043;2025-07-31;YES;NO;217;OMV-RS;;;;D;7,434.30;Yes;770706;2025-07-29;1;
710111;107258;135;BG 2266 - UG;2025-08-05 09:39:00;OMV EVRO DIZEL;34.83;6,617.70;1,102.95;00058717;0;0;                  ;SR;BACKA TOPOLA 2;OMV EVRO DIZEL;190.000;6,617.70;0.00;0.00;1,102.95;RSD;8915387463;2025-08-15;YES;NO;217;OMV-RS;;;;D;6,826.70;Yes;794136;2025-08-05;1;
710111;107258;135;BG 2266 - UG;2025-08-10 22:33:00;OMV EVRO DIZEL;39.33;7,315.38;1,219.23;00088837;0;0;                  ;SR;NOVI SAD;OMV EVRO DIZEL;186.000;7,315.38;0.00;0.00;1,219.23;RSD;8915387463;2025-08-15;YES;NO;217;OMV-RS;;;;D;7,590.70;Yes;723347;2025-08-10;1;
710111;107258;135;BG 2266 - UG;2025-08-18 08:58:00;OMV EVRO DIZEL;44.13;8,164.05;1,360.67;00022658;0;0;                  ;SR;BACKA TOPOLA 2;OMV EVRO DIZEL;185.000;8,164.05;0.00;0.00;1,360.67;RSD;8915390137;2025-08-31;YES;NO;217;OMV-RS;;;;D;8,473.00;Yes;785808;2025-08-18;1;
710111;107258;135;BG 2266 - UG;2025-08-22 17:46:00;OMV EVRO DIZEL;38.65;7,150.25;1,191.71;00094346;0;0;                  ;SR;NOVI SAD;OMV EVRO DIZEL;185.000;7,150.25;0.00;0.00;1,191.71;RSD;8915390137;2025-08-31;YES;NO;217;OMV-RS;;;;D;7,420.80;Yes;774657;2025-08-22;1;
710111;107258;135;BG 2266 - UG;2025-08-26 08:26:00;AdBlue Kanister;1.00;1,109.00;184.83;00106384;0;0;                  ;SR;BACKA TOPOLA 2;AdBlue Kanister;1,109.000;1,109.00;0.00;0.00;184.83;RSD;8915390137;2025-08-31;YES;NO;217;OMV-RS;;;;D;0.00;No;782639;2025-08-26;1;
710111;107258;135;BG 2266 - UG;2025-08-26 08:26:00;OMV EVRO DIZEL;27.79;5,141.15;856.86;00106383;0;0;                  ;SR;BACKA TOPOLA 2;OMV EVRO DIZEL;185.000;5,141.15;0.00;0.00;856.86;RSD;8915390137;2025-08-31;YES;NO;217;OMV-RS;;;;D;5,335.70;Yes;782606;2025-08-26;1;
710111;107258;135;BG 2266 - UG;2025-08-31 20:13:00;OMV EVRO DIZEL;39.05;7,263.30;1,210.55;00133412;0;0;                  ;SR;NOVI SAD 2;OMV EVRO DIZEL;186.000;7,263.30;0.00;0.00;1,210.55;RSD;8915390137;2025-08-31;YES;NO;217;OMV-RS;;;;D;7,536.65;Yes;701318;2025-08-31;1;
710111;107258;135;BG 2266 - UG;2025-09-03 19:33:00;OMV EVRO DIZEL;35.75;6,649.50;1,108.25;00099718;0;0;                  ;SR;NOVI SAD;OMV EVRO DIZEL;186.000;6,649.50;0.00;0.00;1,108.25;RSD;8915392542;2025-09-15;YES;NO;217;OMV-RS;;;;D;6,899.80;Yes;793430;2025-09-03;1;
710111;107258;135;BG 2266 - UG;2025-09-12 06:52:00;OMV EVRO DIZEL;38.05;7,115.35;1,185.89;00086770;0;0;                  ;SR;BACKA TOPOLA 2;OMV EVRO DIZEL;187.000;7,115.35;0.00;0.00;1,185.89;RSD;8915392542;2025-09-15;YES;NO;217;OMV-RS;;;;D;7,381.70;Yes;765309;2025-09-12;1;
710111;107258;135;BG 2266 - UG;2025-09-16 14:33:00;OMV EVRO DIZEL;31.75;5,937.25;989.54;00106693;0;0;                  ;SR;BACKA TOPOLA;OMV EVRO DIZEL;187.000;5,937.25;0.00;0.00;989.54;RSD;8915395222;2025-09-30;YES;NO;217;OMV-RS;;;;D;6,159.50;Yes;743349;2025-09-16;1;
710111;107258;135;BG 2266 - UG;2025-09-19 17:40:00;OMV EVRO DIZEL;32.03;6,021.64;1,003.61;00108069;0;0;                  ;SR;BACKA TOPOLA;OMV EVRO DIZEL;188.000;6,021.64;0.00;0.00;1,003.61;RSD;8915395222;2025-09-30;YES;NO;217;OMV-RS;;;;D;6,245.90;Yes;774101;2025-09-19;1;
710111;107258;135;BG 2266 - UG;2025-09-22 08:09:00;AdBlue Kanister;1.00;1,109.00;184.83;00128668;0;0;                  ;SR;BACKA TOPOLA 2;AdBlue Kanister;1,109.000;1,109.00;0.00;0.00;184.83;RSD;8915395222;2025-09-30;YES;NO;217;OMV-RS;;;;D;0.00;No;781044;2025-09-22;1;
710111;107258;135;BG 2266 - UG;2025-09-23 07:58:00;OMV EVRO DIZEL;34.28;6,444.64;1,074.11;00129196;0;0;                  ;SR;BACKA TOPOLA 2;OMV EVRO DIZEL;188.000;6,444.64;0.00;0.00;1,074.11;RSD;8915395222;2025-09-30;YES;NO;217;OMV-RS;;;;D;6,684.60;Yes;775912;2025-09-23;1;
710111;107258;135;BG 2266 - UG;2025-09-26 19:13:00;OMV EVRO DIZEL;35.45;6,664.60;1,110.77;00110275;0;0;                  ;SR;NOVI SAD;OMV EVRO DIZEL;188.000;6,664.60;0.00;0.00;1,110.77;RSD;8915395222;2025-09-30;YES;NO;217;OMV-RS;;;;D;6,912.80;Yes;791355;2025-09-26;1;
710111;107258;135;BG 2266 - UG;2025-10-02 10:05:00;OMV EVRO DIZEL;38.50;7,238.00;1,206.33;00152830;0;0;                  ;SR;NOVI SAD 2;OMV EVRO DIZEL;188.000;7,238.00;0.00;0.00;1,206.33;RSD;8915397668;2025-10-15;YES;NO;217;OMV-RS;;;;D;7,507.50;Yes;700610;2025-10-02;1;
710111;107258;150;BG 2280 - ET;2024-01-17 08:47:00;OMV EVRO DIZEL;31.63;5,804.11;967.35;00309834;51262;51262;                  ;SR;RUMA;OMV EVRO DIZEL;183.500;5,804.11;0.00;0.00;967.35;RSD;8914354763;2024-01-31;YES;NO;217;OMV-RS;;;;D;6,136.20;Yes;784755;2024-01-17;1;
710111;107258;150;BG 2280 - ET;2024-01-29 08:47:00;OMV EVRO DIZEL;33.00;6,171.00;1,028.50;00049326;51804;51804;                  ;SR;OBILAZNICA 1;OMV EVRO DIZEL;187.000;6,171.00;0.00;0.00;1,028.50;RSD;8914354763;2024-01-31;YES;NO;217;OMV-RS;;;;D;6,534.00;Yes;784751;2024-01-29;1;
710111;107258;150;BG 2280 - ET;2024-01-31 11:17:00;EDMAXXM ZIMSKI;35.15;7,624.00;1,270.67;00336010;52635;52635;                  ;SR;OBILAZNICA 1;EDMAXXM ZIMSKI;216.899;7,624.00;0.00;0.00;1,270.67;RSD;8914354763;2024-01-31;YES;NO;217;OMV-RS;;;;D;0.00;No;711718;2024-01-31;1;
710111;107258;150;BG 2280 - ET;2024-02-05 09:22:00;OMV EVRO DIZEL;31.26;5,923.77;987.29;00316986;52871;52871;                  ;SR;RUMA;OMV EVRO DIZEL;189.500;5,923.77;0.00;0.00;987.29;RSD;8914357027;2024-02-15;YES;NO;217;OMV-RS;;;;D;6,252.00;Yes;792253;2024-02-05;1;
710111;107258;150;BG 2280 - ET;2024-03-05 08:18:00;EDMAXXM ZIMSKI;31.83;6,744.80;1,124.13;00245194;53413;53413;                  ;SR;ADA CIGANLIJA;EDMAXXM ZIMSKI;211.901;6,744.80;0.00;0.00;1,124.13;RSD;8914361928;2024-03-15;YES;NO;217;OMV-RS;;;;D;0.00;No;782301;2024-03-05;1;
710111;107258;150;BG 2280 - ET;2024-03-12 08:28:00;OMV EVRO DIZEL;34.97;6,696.76;1,116.13;00411377;54001;54001;                  ;SR;ADA CIGANLIJA;OMV EVRO DIZEL;191.500;6,696.76;0.00;0.00;1,116.13;RSD;8914361928;2024-03-15;YES;NO;217;OMV-RS;;;;D;7,063.90;Yes;783350;2024-03-12;1;
710111;107258;150;BG 2280 - ET;2024-03-13 11:42:00;OMV EVRO DIZEL;34.29;6,566.54;1,094.42;00149223;54521;54521;                  ;SR;BESKA 1;OMV EVRO DIZEL;191.500;6,566.54;0.00;0.00;1,094.42;RSD;8914361928;2024-03-15;YES;NO;217;OMV-RS;;;;D;6,926.60;Yes;714253;2024-03-13;1;
710111;107258;150;BG 2280 - ET;2024-03-21 07:51:00;OMV EVRO DIZEL;32.22;6,057.36;1,009.56;00415696;55110;55110;                  ;SR;ADA CIGANLIJA;OMV EVRO DIZEL;188.000;6,057.36;0.00;0.00;1,009.56;RSD;8914364543;2024-03-31;YES;NO;217;OMV-RS;;;;D;6,411.80;Yes;775614;2024-03-21;1;
710111;107258;150;BG 2280 - ET;2024-03-27 10:20:00;OMV EVRO DIZEL;27.01;5,118.40;853.07;00337720;55541;55541;                  ;SR;RUMA;OMV EVRO DIZEL;189.500;5,118.40;0.00;0.00;853.07;RSD;8914364543;2024-03-31;YES;NO;217;OMV-RS;;;;D;5,429.00;Yes;702108;2024-03-27;1;
710111;107258;150;BG 2280 - ET;2024-04-03 09:58:00;OMV EVRO DIZEL;37.34;7,057.26;1,176.21;00341189;56220;56220;                  ;SR;RUMA;OMV EVRO DIZEL;189.000;7,057.26;0.00;0.00;1,176.21;RSD;8914366835;2024-04-15;YES;NO;217;OMV-RS;;;;D;7,580.00;Yes;795814;2024-04-03;1;
710111;107258;150;BG 2280 - ET;2024-04-11 09:30:00;OMV EVRO DIZEL;29.60;5,683.20;947.20;00345297;56871;56871;                  ;SR;RUMA;OMV EVRO DIZEL;192.000;5,683.20;0.00;0.00;947.20;RSD;8914366835;2024-04-15;YES;NO;217;OMV-RS;;;;D;6,097.60;Yes;793016;2024-04-11;1;
710111;107258;150;BG 2280 - ET;2024-04-29 10:48:00;OMV EVRO DIZEL;40.00;7,680.00;1,280.00;00198856;57554;57554;                  ;SR;SABAC;OMV EVRO DIZEL;192.000;7,680.00;0.00;0.00;1,280.00;RSD;8914369474;2024-04-30;YES;NO;117;OMV-RS;;;;D;8,240.00;Yes;704903;2024-04-29;1;
710111;107258;150;BG 2280 - ET;2024-05-17 09:45:00;OMV EVRO DIZEL;37.35;7,077.83;1,179.64;00362759;58222;58222;                  ;SR;RUMA;OMV EVRO DIZEL;189.500;7,077.83;0.00;0.00;1,179.64;RSD;8914374363;2024-05-31;YES;NO;217;OMV-RS;;;;D;7,582.10;Yes;794516;2024-05-17;1;
710111;107258;150;BG 2280 - ET;2024-06-11 09:38:00;AdBlue;9.74;674.79;112.46;00187475;58898;58898;                  ;SR;RUMA;AdBlue;69.280;674.79;0.00;0.00;112.46;RSD;8914376641;2024-06-15;YES;NO;217;OMV-RS;;;;D;1,159.10;Yes;793834;2024-06-11;1;
710111;107258;150;BG 2280 - ET;2024-06-11 09:38:00;OMV EVRO DIZEL;39.73;7,369.92;1,228.32;00187475;58898;58898;                  ;SR;RUMA;OMV EVRO DIZEL;185.500;7,369.92;0.00;0.00;1,228.32;RSD;8914376641;2024-06-15;YES;NO;217;OMV-RS;;;;D;7,906.30;Yes;793834;2024-06-11;1;
710111;107258;150;BG 2280 - ET;2024-06-20 08:01:00;OMV EVRO DIZEL;36.99;6,935.63;1,155.94;00091362;59567;59567;                  ;SR;JURIJA GAGARINA;OMV EVRO DIZEL;187.500;6,935.63;0.00;0.00;1,155.94;RSD;8914379249;2024-06-30;YES;NO;217;OMV-RS;;;;D;7,435.00;Yes;780152;2024-06-20;1;
710111;107258;150;BG 2280 - ET;2024-06-26 09:31:00;OMV EVRO DIZEL;33.54;6,422.91;1,070.48;00192725;60250;60250;                  ;SR;RUMA;OMV EVRO DIZEL;191.500;6,422.91;0.00;0.00;1,070.48;RSD;8914379249;2024-06-30;YES;NO;217;OMV-RS;;;;D;6,808.60;Yes;793113;2024-06-26;1;
710111;107258;150;BG 2280 - ET;2024-08-16 08:39:00;OMV EVRO DIZEL;36.00;6,624.00;1,104.00;00018163;53141;53141;                  ;SR;RUMA;OMV EVRO DIZEL;184.000;6,624.00;0.00;0.00;1,104.00;RSD;8914389074;2024-08-31;YES;NO;217;OMV-RS;;;;D;7,128.00;Yes;783934;2024-08-16;1;
710111;107258;150;BG 2280 - ET;2024-08-29 08:08:00;OMV EVRO DIZEL;31.13;5,634.53;939.09;00223698;61399;61399;                  ;SR;RUMA;OMV EVRO DIZEL;181.000;5,634.53;0.00;0.00;939.09;RSD;8914389074;2024-08-31;YES;NO;217;OMV-RS;;;;D;6,070.40;Yes;780841;2024-08-29;1;
710111;107258;150;BG 2280 - ET;2024-09-09 08:22:00;OMV EVRO DIZEL;39.33;7,079.40;1,179.90;00074821;62114;62114;                  ;SR;BUBANJ POTOK;OMV EVRO DIZEL;180.000;7,079.40;0.00;0.00;1,179.90;RSD;8914391411;2024-09-15;YES;NO;217;OMV-RS;;;;D;7,630.00;Yes;782301;2024-09-09;1;
710111;107258;150;BG 2280 - ET;2024-10-02 10:21:00;OMV EVRO DIZEL;40.00;7,100.00;1,183.33;00484100;0;0;                  ;SR;BUBANJ POTOK;OMV EVRO DIZEL;177.500;7,100.00;0.00;0.00;1,183.33;RSD;8914396403;2024-10-15;YES;NO;217;OMV-RS;;;;D;7,600.00;Yes;702202;2024-10-02;1;
710111;107258;150;BG 2280 - ET;2024-10-08 06:38:00;OMV EVRO DIZEL;33.18;5,922.63;987.10;00328190;63439;63439;                  ;SR;ADA CIGANLIJA;OMV EVRO DIZEL;178.500;5,922.63;0.00;0.00;987.10;RSD;8914396403;2024-10-15;YES;NO;217;OMV-RS;;;;D;6,337.40;Yes;763901;2024-10-08;1;
710111;107258;150;BG 2280 - ET;2024-10-19 14:25:00;OMV EVRO DIZEL;35.17;6,611.96;1,101.99;00315921;64000;64000;                  ;SR;ADA CIGANLIJA;OMV EVRO DIZEL;188.000;6,611.96;0.00;0.00;1,101.99;RSD;8914399056;2024-10-31;YES;NO;217;OMV-RS;;;;D;6,858.20;Yes;742613;2024-10-19;1;
710111;107258;150;BG 2280 - ET;2024-10-29 06:19:00;OMV EVRO DIZEL;28.82;5,360.52;893.42;00501097;64432;64432;                  ;SR;BUBANJ POTOK;OMV EVRO DIZEL;186.000;5,360.52;0.00;0.00;893.42;RSD;8914399056;2024-10-31;YES;NO;217;OMV-RS;;;;D;5,562.30;Yes;762002;2024-10-29;1;
710111;107258;150;BG 2280 - ET;2024-10-30 12:49:00;OMV EVRO DIZEL;26.66;4,958.76;826.46;00248302;64887;64887;                  ;SR;BOLJEVAC;OMV EVRO DIZEL;186.000;4,958.76;0.00;0.00;826.46;RSD;8914399056;2024-10-31;YES;NO;117;OMV-RS;;;;D;5,145.40;Yes;724933;2024-10-30;1;
710111;107258;150;BG 2280 - ET;2024-10-31 18:25:00;OMV EVRO DIZEL;33.63;6,255.18;1,042.53;00236021;65388;65388;                  ;SR;CACAK;OMV EVRO DIZEL;186.000;6,255.18;0.00;0.00;1,042.53;RSD;8914399056;2024-10-31;YES;NO;217;OMV-RS;;;;D;6,490.60;Yes;782509;2024-10-31;1;
710111;107258;150;BG 2280 - ET;2024-11-12 17:58:00;OMV EVRO DIZEL;41.67;7,833.96;1,305.66;00339064;66032;66032;                  ;SR;PARTIZANSKI PUT;OMV EVRO DIZEL;188.000;7,833.96;0.00;0.00;1,305.66;RSD;8914401397;2024-11-15;YES;NO;217;OMV-RS;;;;D;8,084.00;Yes;775907;2024-11-12;1;
710111;107258;150;BG 2280 - ET;2024-11-21 15:35:00;OMV EVRO DIZEL;31.39;5,901.32;983.55;00345049;66520;66520;                  ;SR;ADA CIGANLIJA;OMV EVRO DIZEL;188.000;5,901.32;0.00;0.00;983.55;RSD;8914404050;2024-11-30;YES;NO;217;OMV-RS;;;;D;6,089.70;Yes;753533;2024-11-21;1;
710111;107258;150;BG 2280 - ET;2024-12-04 09:24:00;OMV EVRO DIZEL;40.53;7,741.23;1,290.20;00564677;67076;67076;                  ;SR;ADA CIGANLIJA;OMV EVRO DIZEL;191.000;7,741.23;0.00;0.00;1,290.20;RSD;8914406383;2024-12-15;YES;NO;217;OMV-RS;;;;D;7,984.40;Yes;792500;2024-12-04;1;
710111;107258;150;BG 2280 - ET;2024-12-12 11:47:00;OMV EVRO DIZEL;42.10;7,956.90;1,326.15;00568664;0;0;                  ;SR;ADA CIGANLIJA;OMV EVRO DIZEL;189.000;7,956.90;0.00;0.00;1,326.15;RSD;8914406383;2024-12-15;YES;NO;217;OMV-RS;;;;D;8,251.60;Yes;714839;2024-12-12;1;
710111;107258;150;BG 2280 - ET;2024-12-21 12:03:00;OMV EVRO DIZEL;44.49;8,453.10;1,408.85;00572443;0;0;                  ;SR;ADA CIGANLIJA;OMV EVRO DIZEL;190.000;8,453.10;0.00;0.00;1,408.85;RSD;8914409008;2024-12-31;YES;NO;217;OMV-RS;;;;D;8,764.50;Yes;720419;2024-12-21;1;
710111;107258;150;BG 2280 - ET;2025-01-04 14:17:00;OMV EVRO DIZEL;45.75;8,784.00;1,464.00;00109520;0;0;                  ;SR;JURIJA GAGARINA;OMV EVRO DIZEL;192.000;8,784.00;0.00;0.00;1,464.00;RSD;8915352029;2025-01-15;YES;NO;217;OMV-RS;;;;D;9,104.30;Yes;741731;2025-01-04;1;
710111;107258;150;BG 2280 - ET;2025-01-17 08:38:00;AdBlue;12.13;1,022.32;170.39;00549860;69655;69655;                  ;SR;BUBANJ POTOK;AdBlue;84.280;1,022.32;0.00;0.00;170.39;RSD;8915354647;2025-01-31;YES;NO;217;OMV-RS;;;;D;1,504.10;Yes;784351;2025-01-17;1;
710111;107258;150;BG 2280 - ET;2025-01-17 08:38:00;OMV EVRO DIZEL;31.26;6,095.70;1,015.95;00549860;69655;69655;                  ;SR;BUBANJ POTOK;OMV EVRO DIZEL;195.000;6,095.70;0.00;0.00;1,015.95;RSD;8915354647;2025-01-31;YES;NO;217;OMV-RS;;;;D;6,283.30;Yes;784351;2025-01-17;1;
710111;107258;150;BG 2280 - ET;2025-03-10 08:21:00;OMV EVRO DIZEL;37.45;7,280.28;1,213.38;00027427;70275;70275;                  ;SR;BUBANJ POTOK;OMV EVRO DIZEL;194.400;7,280.28;0.00;0.00;1,213.38;RSD;8915362134;2025-03-15;YES;NO;217;OMV-RS;;;;D;7,490.00;Yes;782132;2025-03-10;1;
710111;107258;150;BG 2280 - ET;2025-03-18 16:05:00;OMV EVRO DIZEL;36.71;7,022.62;1,170.44;00030156;0;0;                  ;SR;JURIJA GAGARINA;OMV EVRO DIZEL;191.300;7,022.62;0.00;0.00;1,170.44;RSD;8915364775;2025-03-31;YES;NO;217;OMV-RS;;;;D;7,231.90;Yes;760520;2025-03-18;1;
710111;107258;150;BG 2280 - ET;2025-04-03 15:24:00;OMV EVRO DIZEL;38.96;7,402.40;1,233.73;00015761;75000;75000;                  ;SR;PANCEVO 1;OMV EVRO DIZEL;190.000;7,402.40;0.00;0.00;1,233.73;RSD;8915367133;2025-04-15;YES;NO;117;OMV-RS;;;;D;7,636.20;Yes;752718;2025-04-03;1;
710111;107258;150;BG 2280 - ET;2025-05-05 08:25:00;OMV EVRO DIZEL;40.84;7,432.88;1,238.81;00023575;72244;72244;                  ;SR;PANCEVO 1;OMV EVRO DIZEL;182.000;7,432.88;0.00;0.00;1,238.81;RSD;8915372197;2025-05-15;YES;NO;117;OMV-RS;;;;D;7,677.90;Yes;782935;2025-05-05;1;
710111;107258;150;BG 2280 - ET;2025-05-15 10:13:00;OMV EVRO DIZEL;38.80;6,984.00;1,164.00;00039704;73081;73081;                  ;SR;PANCEVO 1;OMV EVRO DIZEL;180.000;6,984.00;0.00;0.00;1,164.00;RSD;8915372197;2025-05-15;YES;NO;117;OMV-RS;;;;D;7,216.80;Yes;701705;2025-05-15;1;
710111;107258;150;BG 2280 - ET;2025-06-03 10:01:00;OMV EVRO DIZEL;38.71;7,006.51;1,167.75;00048274;73854;73854;                  ;SR;PANCEVO 1;OMV EVRO DIZEL;181.000;7,006.51;0.00;0.00;1,167.75;RSD;8915377281;2025-06-15;YES;NO;117;OMV-RS;;;;D;7,238.80;Yes;700113;2025-06-03;1;
710111;107258;150;BG 2280 - ET;2025-06-10 08:44:00;OMV EVRO DIZEL;26.14;4,731.34;788.56;00086539;74318;74318;                  ;SR;BUBANJ POTOK;OMV EVRO DIZEL;181.000;4,731.34;0.00;0.00;788.56;RSD;8915377281;2025-06-15;YES;NO;217;OMV-RS;;;;D;4,888.20;Yes;784402;2025-06-10;1;
710111;107258;150;BG 2280 - ET;2025-06-30 10:28:00;OMV EVRO DIZEL;43.85;8,243.80;1,373.97;00047713;75015;75015;                  ;SR;JURIJA GAGARINA;OMV EVRO DIZEL;188.000;8,243.80;0.00;0.00;1,373.97;RSD;8915379951;2025-06-30;YES;NO;217;OMV-RS;;;;D;8,506.90;Yes;702817;2025-06-30;1;
710111;107258;150;BG 2280 - ET;2025-08-22 08:09:00;OMV EVRO DIZEL;42.41;7,845.85;1,307.64;00138918;75794;75794;                  ;SR;BUBANJ POTOK;OMV EVRO DIZEL;185.000;7,845.85;0.00;0.00;1,307.64;RSD;8915390137;2025-08-31;YES;NO;217;OMV-RS;;;;D;8,142.70;Yes;780919;2025-08-22;1;
710111;107258;150;BG 2280 - ET;2025-08-26 12:20:00;OMV EVRO DIZEL;26.36;4,876.60;812.77;00133238;76264;76264;                  ;SR;LAPOVO JUG;OMV EVRO DIZEL;185.000;4,876.60;0.00;0.00;812.77;RSD;8915390137;2025-08-31;YES;NO;217;OMV-RS;;;;D;5,061.10;Yes;722017;2025-08-26;1;
710111;107258;150;BG 2280 - ET;2025-09-09 07:39:00;OMV EVRO DIZEL;39.38;7,364.06;1,227.34;00064296;76945;76945;                  ;SR;BUBANJ POTOK;OMV EVRO DIZEL;187.000;7,364.06;0.00;0.00;1,227.34;RSD;8915392542;2025-09-15;YES;NO;217;OMV-RS;;;;D;7,639.70;Yes;773940;2025-09-09;1;
710111;107258;150;BG 2280 - ET;2025-09-11 10:34:00;OMV EVRO DIZEL;30.90;5,778.30;963.05;00131460;77676;77676;                  ;SR;LAPOVO SEVER;OMV EVRO DIZEL;187.000;5,778.30;0.00;0.00;963.05;RSD;8915392542;2025-09-15;YES;NO;217;OMV-RS;;;;D;5,994.60;Yes;703416;2025-09-11;1;
710111;107258;150;BG 2280 - ET;2025-09-23 10:33:00;OMV EVRO DIZEL;39.33;7,394.04;1,232.34;00104069;78187;78187;                  ;SR;LAPOVO SEVER;OMV EVRO DIZEL;188.000;7,394.04;0.00;0.00;1,232.34;RSD;8915395222;2025-09-30;YES;NO;217;OMV-RS;;;;D;7,669.40;Yes;703323;2025-09-23;1;
710111;107258;416;BG 2280 - ET;2025-10-28 08:48:00;OMV EVRO DIZEL;37.68;7,065.00;1,177.50;00104466;78849;78849;                  ;SR;LAPOVO JUG;OMV EVRO DIZEL;187.500;7,065.00;0.00;0.00;1,177.50;RSD;8915400359;2025-10-31;YES;NO;217;OMV-RS;;;;D;7,272.20;Yes;784911;2025-10-28;1;
710111;107258;416;BG 2280 - ET;2025-11-06 08:50:00;OMV EVRO DIZEL;38.41;7,336.31;1,222.72;00106853;79484;79484;                  ;SR;LAPOVO JUG;OMV EVRO DIZEL;191.000;7,336.31;0.00;0.00;1,222.72;RSD;8915402843;2025-11-15;YES;NO;217;OMV-RS;;;;D;7,528.40;Yes;785148;2025-11-06;1;
710111;107258;416;BG 2280 - ET;2025-11-17 08:25:00;OMV EVRO DIZEL;32.40;6,382.80;1,063.80;00119347;80058;80058;                  ;SR;OBILAZNICA 1;OMV EVRO DIZEL;197.000;6,382.80;0.00;0.00;1,063.80;RSD;8915405535;2025-11-30;YES;NO;217;OMV-RS;;;;D;6,512.40;Yes;782526;2025-11-17;1;
710111;107258;416;BG 2280 - ET;2025-12-10 09:04:00;OMV EVRO DIZEL;34.35;6,595.20;1,099.20;00165330;80619;80619;                  ;SR;RUMA;OMV EVRO DIZEL;192.000;6,595.20;0.00;0.00;1,099.20;RSD;8915408077;2025-12-15;YES;NO;217;OMV-RS;;;;D;6,801.30;Yes;790430;2025-12-10;1;
710111;107258;416;BG 2280 - ET;2025-12-22 09:07:00;OMV EVRO DIZEL;32.57;6,172.02;1,028.67;00202711;81202;81202;                  ;SR;LAPOVO JUG;OMV EVRO DIZEL;189.500;6,172.02;0.00;0.00;1,028.67;RSD;8915410794;2025-12-31;YES;NO;217;OMV-RS;;;;D;6,383.72;Yes;790854;2025-12-22;1;
710111;107258;416;BG 2280 - ET;2026-02-02 08:18:00;OMV EVRO DIZEL;36.84;6,870.66;1,145.11;00216475;81931;81931;                  ;SR;OBILAZNICA 1;OMV EVRO DIZEL;186.500;6,870.66;0.00;0.00;1,145.11;RSD;8916357592;2026-02-15;YES;NO;217;OMV-RS;;;;D;7,110.12;Yes;781856;2026-02-02;1;
710111;107258;416;BG 2280 - ET;2026-04-21 08:30:00;OMV EVRO DIZEL;37.17;8,065.89;1,344.31;00250381;82606;82606;                  ;SR;ADA CIGANLIJA;OMV EVRO DIZEL;217.000;8,065.89;0.00;0.00;1,344.31;RSD;8916372386;2026-04-30;YES;NO;217;OMV-RS;;;;D;8,065.89;Yes;783103;2026-04-21;1;
710111;107258;416;BG 2280 - ET;2026-05-05 09:36:00;OMV EVRO DIZEL;32.42;7,164.82;1,194.14;00231363;83167;83167;                  ;SR;RUMA;OMV EVRO DIZEL;221.000;7,164.82;0.00;0.00;1,194.14;RSD;8916375402;2026-05-15;YES;NO;217;OMV-RS;;;;D;7,164.82;Yes;793708;2026-05-05;1;
710111;107258;416;BG 2280 - ET;2026-05-18 09:48:00;OMV EVRO DIZEL;31.63;7,053.49;1,175.58;00136268;83750;83750;                  ;SR;RUMA;OMV EVRO DIZEL;223.000;7,053.49;0.00;0.00;1,175.58;RSD;8916378386;2026-05-31;YES;NO;217;OMV-RS;;;;D;7,053.49;Yes;794815;2026-05-18;1;
710111;107258;416;BG 2280 - ET;2026-06-29 09:27:00;ED MAXXMOTION;30.62;7,498.84;1,249.81;00024860;84323;84323;                  ;SR;RUMA;ED MAXXMOTION;244.900;7,498.84;0.00;0.00;1,249.81;RSD;8916388629;2026-06-30;YES;NO;217;OMV-RS;;;;D;0.00;No;792725;2026-06-29;1;
710111;107258;416;BG 2280 - ET;2026-07-03 09:10:00;OMV EVRO DIZEL;26.32;5,527.20;921.20;00026568;84773;84773;                  ;SR;RUMA;OMV EVRO DIZEL;210.000;5,527.20;0.00;0.00;921.20;RSD;8916391266;2026-07-12;YES;NO;217;OMV-RS;;;;D;5,711.44;Yes;791109;2026-07-03;1;
710111;107258;416;BG 2280 - ET;2026-07-28 10:07:00;OMV EVRO DIZEL;31.31;6,950.82;1,158.47;00040651;85323;85323;                  ;SR;RUMA;OMV EVRO DIZEL;222.000;6,950.82;0.00;0.00;1,158.47;RSD;;;NO;NO;217;OMV-RS;;;;D;7,013.44;Yes;700717;2026-07-28;1;
710111;107258;200;BG 1191 - LC;2024-01-03 09:51:00;EDMAXXM ZIMSKI;45.23;9,719.90;1,619.98;00387278;335300;335300;                  ;SR;BESKA 1;EDMAXXM ZIMSKI;214.899;9,719.90;0.00;0.00;1,619.98;RSD;8914352150;2024-01-15;YES;NO;217;OMV-RS;;;;D;0.00;No;795114;2024-01-03;1;
710111;107258;200;BG 1191 - LC;2024-01-09 08:49:00;EDMAXXM ZIMSKI;47.50;10,207.80;1,701.30;00135061;336109;336109;                  ;SR;BESKA 2;EDMAXXM ZIMSKI;214.901;10,207.80;0.00;0.00;1,701.30;RSD;8914352150;2024-01-15;YES;NO;217;OMV-RS;;;;D;0.00;No;785758;2024-01-09;1;
710111;107258;200;BG 1191 - LC;2024-01-17 04:38:00;OMV EVRO DIZEL;49.71;9,121.79;1,520.30;00305600;336819;336819;                  ;SR;BORSKA;OMV EVRO DIZEL;183.500;9,121.79;0.00;0.00;1,520.30;RSD;8914354763;2024-01-31;YES;NO;217;OMV-RS;;;;D;9,643.70;Yes;743751;2024-01-17;1;
710111;107258;200;BG 1191 - LC;2024-01-22 07:31:00;EDMAXXM ZIMSKI;39.34;8,454.20;1,409.03;00136610;337600;337600;                  ;SR;BESKA 2;EDMAXXM ZIMSKI;214.901;8,454.20;0.00;0.00;1,409.03;RSD;8914354763;2024-01-31;YES;NO;217;OMV-RS;;;;D;0.00;No;773126;2024-01-22;1;
710111;107258;200;BG 1191 - LC;2024-01-29 07:25:00;EDMAXXM ZIMSKI;43.52;9,439.50;1,573.25;00137285;338373;338373;                  ;SR;BESKA 2;EDMAXXM ZIMSKI;216.900;9,439.50;0.00;0.00;1,573.25;RSD;8914354763;2024-01-31;YES;NO;217;OMV-RS;;;;D;0.00;No;772602;2024-01-29;1;
710111;107258;200;BG 1191 - LC;2024-02-03 12:28:00;EDMAXXM ZIMSKI;46.37;10,150.40;1,691.73;00401747;339305;339305;                  ;SR;BESKA 1;EDMAXXM ZIMSKI;218.900;10,150.40;0.00;0.00;1,691.73;RSD;8914357027;2024-02-15;YES;NO;217;OMV-RS;;;;D;0.00;No;722855;2024-02-03;1;
710111;107258;200;BG 1191 - LC;2024-02-06 08:04:00;OMV EVRO DIZEL;38.32;7,261.64;1,210.27;00287947;339765;339765;                  ;SR;OBILAZNICA 1;OMV EVRO DIZEL;189.500;7,261.64;0.00;0.00;1,210.27;RSD;8914357027;2024-02-15;YES;NO;217;OMV-RS;;;;D;7,664.00;Yes;780412;2024-02-06;1;
710111;107258;200;BG 1191 - LC;2024-02-14 10:14:00;EDMAXXM ZIMSKI;42.79;9,452.30;1,575.38;00139007;340550;340550;                  ;SR;BESKA 2;EDMAXXM ZIMSKI;220.900;9,452.30;0.00;0.00;1,575.38;RSD;8914357027;2024-02-15;YES;NO;217;OMV-RS;;;;D;0.00;No;701422;2024-02-14;1;
710111;107258;200;BG 1191 - LC;2024-02-25 16:01:00;OMV EVRO DIZEL;42.77;8,382.92;1,397.15;00326054;341283;341283;                  ;SR;BORSKA;OMV EVRO DIZEL;196.000;8,382.92;0.00;0.00;1,397.15;RSD;8914359644;2024-02-29;YES;NO;217;OMV-RS;;;;D;8,810.60;Yes;760221;2024-02-25;1;
710111;107258;200;BG 1191 - LC;2024-03-01 07:17:00;EDMAXXM ZIMSKI;46.42;10,439.90;1,739.98;00422571;341929;341929;                  ;SR;BESKA 2;EDMAXXM ZIMSKI;224.901;10,439.90;0.00;0.00;1,739.98;RSD;8914361928;2024-03-15;YES;NO;217;OMV-RS;;;;D;0.00;No;771813;2024-03-01;1;
710111;107258;200;BG 1191 - LC;2024-03-07 08:02:00;EDMAXXM ZIMSKI;44.79;9,983.70;1,663.95;00425382;342500;342500;                  ;SR;BESKA 2;EDMAXXM ZIMSKI;222.900;9,983.70;0.00;0.00;1,663.95;RSD;8914361928;2024-03-15;YES;NO;217;OMV-RS;;;;D;0.00;No;780210;2024-03-07;1;
710111;107258;200;BG 1191 - LC;2024-03-12 06:23:00;EDMAXXM ZIMSKI;49.87;11,016.30;1,836.05;00428187;343274;343274;                  ;SR;BESKA 2;EDMAXXM ZIMSKI;220.900;11,016.30;0.00;0.00;1,836.05;RSD;8914361928;2024-03-15;YES;NO;217;OMV-RS;;;;D;0.00;No;762351;2024-03-12;1;
710111;107258;200;BG 1191 - LC;2024-03-21 15:18:00;EDMAXXM ZIMSKI;50.98;11,108.50;1,851.42;00150403;244750;244750;                  ;SR;BESKA 1;EDMAXXM ZIMSKI;217.899;11,108.50;0.00;0.00;1,851.42;RSD;8914364543;2024-03-31;YES;NO;217;OMV-RS;;;;D;0.00;No;751849;2024-03-21;1;
710111;107258;200;BG 1191 - LC;2024-03-25 20:42:00;ED MAXXMOTION;48.31;10,671.70;1,778.62;00431508;344625;344625;                  ;SR;BESKA 1;ED MAXXMOTION;220.900;10,671.70;0.00;0.00;1,778.62;RSD;8914364543;2024-03-31;YES;NO;217;OMV-RS;;;;D;0.00;No;704246;2024-03-25;1;
710111;107258;200;BG 1191 - LC;2024-04-02 07:07:00;ED MAXXMOTION;45.84;10,263.60;1,710.60;00440169;345759;345759;                  ;SR;BESKA 2;ED MAXXMOTION;223.901;10,263.60;0.00;0.00;1,710.60;RSD;8914366835;2024-04-15;YES;NO;217;OMV-RS;;;;D;0.00;No;770801;2024-04-02;1;
710111;107258;200;BG 1191 - LC;2024-04-06 07:23:00;ED MAXXMOTION;42.09;9,550.20;1,591.70;00442946;346786;346786;                  ;SR;BESKA 2;ED MAXXMOTION;226.900;9,550.20;0.00;0.00;1,591.70;RSD;8914366835;2024-04-15;YES;NO;217;OMV-RS;;;;D;0.00;No;772336;2024-04-06;1;
710111;107258;200;BG 1191 - LC;2024-04-10 11:40:00;ED MAXXMOTION;42.20;9,575.20;1,595.87;00445826;347003;347003;                  ;SR;BESKA 2;ED MAXXMOTION;226.900;9,575.20;0.00;0.00;1,595.87;RSD;8914366835;2024-04-15;YES;NO;217;OMV-RS;;;;D;0.00;No;714012;2024-04-10;1;
710111;107258;200;BG 1191 - LC;2024-04-15 12:46:00;OMV EVRO DIZEL;44.56;8,555.52;1,425.92;00449378;348239;348239;                  ;SR;BESKA 2;OMV EVRO DIZEL;192.000;8,555.52;0.00;0.00;1,425.92;RSD;8914366835;2024-04-15;YES;NO;217;OMV-RS;;;;D;9,179.40;Yes;724626;2024-04-15;1;
710111;107258;200;BG 1191 - LC;2024-04-19 09:34:00;OMV EVRO DIZEL;42.32;8,125.44;1,354.24;00146310;349096;349096;                  ;SR;KRNJACA;OMV EVRO DIZEL;192.000;8,125.44;0.00;0.00;1,354.24;RSD;8914369474;2024-04-30;YES;NO;217;OMV-RS;;;;D;8,717.90;Yes;793507;2024-04-19;1;
710111;107258;200;BG 1191 - LC;2024-04-23 07:32:00;OMV EVRO DIZEL;46.59;8,945.28;1,490.88;00453691;349850;349850;                  ;SR;BESKA 2;OMV EVRO DIZEL;192.000;8,945.28;0.00;0.00;1,490.88;RSD;8914369474;2024-04-30;YES;NO;217;OMV-RS;;;;D;9,597.50;Yes;773300;2024-04-23;1;
710111;107258;200;BG 1191 - LC;2024-04-27 06:02:00;OMV EVRO DIZEL;48.67;9,344.64;1,557.44;00361702;350621;350621;                  ;SR;BORSKA;OMV EVRO DIZEL;192.000;9,344.64;0.00;0.00;1,557.44;RSD;8914369474;2024-04-30;YES;NO;217;OMV-RS;;;;D;10,026.00;Yes;760534;2024-04-27;1;
710111;107258;200;BG 1191 - LC;2024-05-02 05:56:00;OMV EVRO DIZEL;51.19;10,135.62;1,689.27;00364584;351606;351606;                  ;SR;BORSKA;OMV EVRO DIZEL;198.000;10,135.62;0.00;0.00;1,689.27;RSD;8914371718;2024-05-15;YES;NO;217;OMV-RS;;;;D;10,494.00;Yes;755928;2024-05-02;1;
710111;107258;200;BG 1191 - LC;2024-05-04 16:32:00;OMV EVRO DIZEL;36.44;6,996.48;1,166.08;00365674;352506;352506;                  ;SR;BORSKA;OMV EVRO DIZEL;192.000;6,996.48;0.00;0.00;1,166.08;RSD;8914371718;2024-05-15;YES;NO;217;OMV-RS;;;;D;7,470.20;Yes;763509;2024-05-04;1;
710111;107258;200;BG 1191 - LC;2024-05-09 13:11:00;OMV EVRO DIZEL;45.00;8,617.50;1,436.25;00332994;353100;353100;                  ;SR;OBILAZNICA 1;OMV EVRO DIZEL;191.500;8,617.50;0.00;0.00;1,436.25;RSD;8914371718;2024-05-15;YES;NO;217;OMV-RS;;;;D;9,225.00;Yes;731135;2024-05-09;1;
710111;107258;200;BG 1191 - LC;2024-05-14 05:25:00;OMV EVRO DIZEL;43.27;8,199.67;1,366.61;00370827;353856;353856;                  ;SR;BORSKA;OMV EVRO DIZEL;189.500;8,199.67;0.00;0.00;1,366.61;RSD;8914371718;2024-05-15;YES;NO;217;OMV-RS;;;;D;8,783.80;Yes;752850;2024-05-14;1;
710111;107258;200;BG 1191 - LC;2024-05-18 06:13:00;OMV EVRO DIZEL;50.45;9,560.28;1,593.38;00373201;354703;354703;                  ;SR;BORSKA;OMV EVRO DIZEL;189.500;9,560.28;0.00;0.00;1,593.38;RSD;8914374363;2024-05-31;YES;NO;217;OMV-RS;;;;D;10,140.50;Yes;761342;2024-05-18;1;
710111;107258;200;BG 1191 - LC;2024-05-22 06:36:00;ED MAXXMOTION;45.96;10,198.50;1,699.75;00469313;355684;355684;                  ;SR;BESKA 2;ED MAXXMOTION;221.899;10,198.50;0.00;0.00;1,699.75;RSD;8914374363;2024-05-31;YES;NO;217;OMV-RS;;;;D;0.00;No;763631;2024-05-22;1;
710111;107258;200;BG 1191 - LC;2024-05-28 13:26:00;ED MAXXMOTION;47.56;10,553.60;1,758.93;00473278;356600;356600;                  ;SR;BESKA 2;ED MAXXMOTION;221.901;10,553.60;0.00;0.00;1,758.93;RSD;8914374363;2024-05-31;YES;NO;217;OMV-RS;;;;D;0.00;No;732623;2024-05-28;1;
710111;107258;200;BG 1191 - LC;2024-06-01 07:14:00;ED MAXXMOTION;42.84;9,549.00;1,591.50;00475543;357613;357613;                  ;SR;BESKA 2;ED MAXXMOTION;222.899;9,549.00;0.00;0.00;1,591.50;RSD;8914376641;2024-06-15;YES;NO;217;OMV-RS;;;;D;0.00;No;771457;2024-06-01;1;
710111;107258;200;BG 1191 - LC;2024-06-05 06:23:00;OMV EVRO DIZEL;47.52;8,910.00;1,485.00;00129388;358461;358461;                  ;SR;BORSKA;OMV EVRO DIZEL;187.500;8,910.00;0.00;0.00;1,485.00;RSD;8914376641;2024-06-15;YES;NO;217;OMV-RS;;;;D;9,551.50;Yes;762335;2024-06-05;1;
710111;107258;200;BG 1191 - LC;2024-06-13 16:56:00;OMV EVRO DIZEL;48.24;8,948.52;1,491.42;00467542;359400;359400;                  ;SR;ADA CIGANLIJA;OMV EVRO DIZEL;185.500;8,948.52;0.00;0.00;1,491.42;RSD;8914376641;2024-06-15;YES;NO;217;OMV-RS;;;;D;9,599.80;Yes;765615;2024-06-13;1;
710111;107258;200;BG 1191 - LC;2024-06-19 06:25:00;OMV EVRO DIZEL;50.96;9,555.00;1,592.50;00393014;360353;360353;                  ;SR;BORSKA;OMV EVRO DIZEL;187.500;9,555.00;0.00;0.00;1,592.50;RSD;8914379249;2024-06-30;YES;NO;217;OMV-RS;;;;D;10,243.00;Yes;762546;2024-06-19;1;
710111;107258;200;BG 1191 - LC;2024-06-24 21:56:00;ED MAXXMOTION;48.87;10,990.90;1,831.82;00486613;361291;361291;                  ;SR;BESKA 1;ED MAXXMOTION;224.901;10,990.90;0.00;0.00;1,831.82;RSD;8914379249;2024-06-30;YES;NO;217;OMV-RS;;;;D;0.00;No;715656;2024-06-24;1;
710111;107258;200;BG 1191 - LC;2024-06-29 17:13:00;ED MAXXMOTION;47.18;10,752.30;1,792.05;00492387;362253;362253;                  ;SR;BESKA 2;ED MAXXMOTION;227.900;10,752.30;0.00;0.00;1,792.05;RSD;8914379249;2024-06-30;YES;NO;217;OMV-RS;;;;D;0.00;No;771400;2024-06-29;1;
710111;107258;200;BG 1191 - LC;2024-07-03 16:46:00;ED MAXXMOTION;49.57;11,297.00;1,882.83;00175759;363208;363208;                  ;SR;BESKA 1;ED MAXXMOTION;227.900;11,297.00;0.00;0.00;1,882.83;RSD;8914381538;2024-07-15;YES;NO;217;OMV-RS;;;;D;0.00;No;764640;2024-07-03;1;
710111;107258;200;BG 1191 - LC;2024-07-11 04:44:00;OMV EVRO DIZEL;48.20;9,399.00;1,566.50;00405691;364186;364186;                  ;SR;BORSKA;OMV EVRO DIZEL;195.000;9,399.00;0.00;0.00;1,566.50;RSD;8914381538;2024-07-15;YES;NO;217;OMV-RS;;;;D;10,025.60;Yes;744454;2024-07-11;1;
710111;107258;200;BG 1191 - LC;2024-07-15 11:51:00;OMV EVRO DIZEL;47.25;9,166.50;1,527.75;00134393;365211;365211;                  ;SR;BORSKA;OMV EVRO DIZEL;194.000;9,166.50;0.00;0.00;1,527.75;RSD;8914381538;2024-07-15;YES;NO;217;OMV-RS;;;;D;9,828.00;Yes;715141;2024-07-15;1;
710111;107258;200;BG 1191 - LC;2024-07-23 16:22:00;OMV EVRO DIZEL;47.94;9,108.60;1,518.10;00412917;366211;366211;                  ;SR;BORSKA;OMV EVRO DIZEL;190.000;9,108.60;0.00;0.00;1,518.10;RSD;8914384146;2024-07-31;YES;NO;217;OMV-RS;;;;D;9,827.70;Yes;762241;2024-07-23;1;
710111;107258;200;BG 1191 - LC;2024-07-30 04:35:00;OMV EVRO DIZEL;44.09;8,288.92;1,381.49;00416378;367003;367003;                  ;SR;BORSKA;OMV EVRO DIZEL;188.000;8,288.92;0.00;0.00;1,381.49;RSD;8914384146;2024-07-31;YES;NO;217;OMV-RS;;;;D;8,906.20;Yes;743547;2024-07-30;1;
710111;107258;200;BG 1191 - LC;2024-08-06 05:15:00;ED MAXXMOTION;39.37;8,814.90;1,469.15;00016025;397909;397909;                  ;SR;BESKA 2;ED MAXXMOTION;223.899;8,814.90;0.00;0.00;1,469.15;RSD;8914386444;2024-08-15;YES;NO;217;OMV-RS;;;;D;0.00;No;751545;2024-08-06;1;
710111;107258;200;BG 1191 - LC;2024-08-10 10:54:00;ED MAXXMOTION;47.57;10,508.20;1,751.37;00525409;368904;368904;                  ;SR;BESKA 1;ED MAXXMOTION;220.900;10,508.20;0.00;0.00;1,751.37;RSD;8914386444;2024-08-15;YES;NO;217;OMV-RS;;;;D;0.00;No;705436;2024-08-10;1;
710111;107258;200;BG 1191 - LC;2024-08-19 15:38:00;OMV EVRO DIZEL;44.44;8,176.96;1,362.83;00428032;0;0;                  ;SR;BORSKA;OMV EVRO DIZEL;184.000;8,176.96;0.00;0.00;1,362.83;RSD;8914389074;2024-08-31;YES;NO;217;OMV-RS;;;;D;8,799.10;Yes;753859;2024-08-19;1;
710111;107258;200;BG 1191 - LC;2024-08-26 22:07:00;OMV EVRO DIZEL;50.40;9,122.40;1,520.40;00432301;369986;369986;                  ;SR;BORSKA;OMV EVRO DIZEL;181.000;9,122.40;0.00;0.00;1,520.40;RSD;8914389074;2024-08-31;YES;NO;217;OMV-RS;;;;D;9,828.00;Yes;720718;2024-08-26;1;
710111;107258;200;BG 1191 - LC;2024-09-01 05:12:00;ED MAXXMOTION;42.72;9,266.00;1,544.33;00542448;270968;270968;                  ;SR;BESKA 2;ED MAXXMOTION;216.901;9,266.00;0.00;0.00;1,544.33;RSD;8914391411;2024-09-15;YES;NO;217;OMV-RS;;;;D;0.00;No;751307;2024-09-01;1;
710111;107258;200;BG 1191 - LC;2024-09-04 21:22:00;ED MAXXMOTION;49.26;10,684.50;1,780.75;00200575;372908;372908;                  ;SR;BESKA 1;ED MAXXMOTION;216.900;10,684.50;0.00;0.00;1,780.75;RSD;8914391411;2024-09-15;YES;NO;217;OMV-RS;;;;D;0.00;No;712253;2024-09-04;1;
710111;107258;200;BG 1191 - LC;2024-09-09 06:19:00;OMV EVRO DIZEL;48.47;8,724.60;1,454.10;00440286;273911;273911;                  ;SR;BORSKA;OMV EVRO DIZEL;180.000;8,724.60;0.00;0.00;1,454.10;RSD;8914391411;2024-09-15;YES;NO;217;OMV-RS;;;;D;9,403.20;Yes;761938;2024-09-09;1;
710111;107258;200;BG 1191 - LC;2024-09-13 06:14:00;OMV EVRO DIZEL;43.58;7,779.03;1,296.50;00442620;374007;374007;                  ;SR;BORSKA;OMV EVRO DIZEL;178.500;7,779.03;0.00;0.00;1,296.50;RSD;8914391411;2024-09-15;YES;NO;217;OMV-RS;;;;D;8,454.50;Yes;761505;2024-09-13;1;
710111;107258;200;BG 1191 - LC;2024-09-17 05:16:00;OMV EVRO DIZEL;45.75;8,120.63;1,353.44;00444822;375806;375806;                  ;SR;BORSKA;OMV EVRO DIZEL;177.500;8,120.63;0.00;0.00;1,353.44;RSD;8914394055;2024-09-30;YES;NO;217;OMV-RS;;;;D;8,738.30;Yes;751713;2024-09-17;1;
710111;107258;200;BG 1191 - LC;2024-09-22 20:08:00;OMV EVRO DIZEL;40.98;7,232.97;1,205.49;00448316;376103;376103;                  ;SR;BORSKA;OMV EVRO DIZEL;176.500;7,232.97;0.00;0.00;1,205.49;RSD;8914394055;2024-09-30;YES;NO;217;OMV-RS;;;;D;7,786.20;Yes;700907;2024-09-22;1;
710111;107258;200;BG 1191 - LC;2024-10-14 09:22:00;ED MAXXMOTION;46.87;9,978.60;1,663.10;00570843;369998;369998;                  ;SR;BESKA 2;ED MAXXMOTION;212.900;9,978.60;0.00;0.00;1,663.10;RSD;8914396403;2024-10-15;YES;NO;217;OMV-RS;;;;D;0.00;No;792242;2024-10-14;1;
710111;107258;200;BG 1191 - LC;2024-10-19 07:57:00;ED MAXXMOTION;44.86;9,595.60;1,599.27;00573703;377981;377981;                  ;SR;BESKA 2;ED MAXXMOTION;213.901;9,595.60;0.00;0.00;1,599.27;RSD;8914399056;2024-10-31;YES;NO;217;OMV-RS;;;;D;0.00;No;775731;2024-10-19;1;
710111;107258;200;BG 1191 - LC;2024-10-25 06:59:00;ED MAXXMOTION;46.51;9,948.50;1,658.08;00577168;378861;378861;                  ;SR;BESKA 2;ED MAXXMOTION;213.900;9,948.50;0.00;0.00;1,658.08;RSD;8914399056;2024-10-31;YES;NO;217;OMV-RS;;;;D;0.00;No;765928;2024-10-25;1;
710111;107258;200;BG 1191 - LC;2024-10-31 16:31:00;OMV EVRO DIZEL;46.94;8,730.84;1,455.14;00471341;379706;379706;                  ;SR;BORSKA;OMV EVRO DIZEL;186.000;8,730.84;0.00;0.00;1,455.14;RSD;8914399056;2024-10-31;YES;NO;217;OMV-RS;;;;D;9,059.40;Yes;763119;2024-10-31;1;
710111;107258;200;BG 1191 - LC;2024-11-06 17:50:00;OMV EVRO DIZEL;49.58;9,172.30;1,528.72;00506519;380736;380736;                  ;SR;BUBANJ POTOK;OMV EVRO DIZEL;185.000;9,172.30;0.00;0.00;1,528.72;RSD;8914401397;2024-11-15;YES;NO;217;OMV-RS;;;;D;9,519.40;Yes;775036;2024-11-06;1;
710111;107258;200;BG 1191 - LC;2024-11-10 14:00:00;ED MAXXMOTION;48.66;10,359.70;1,726.62;00578703;381578;381578;                  ;SR;BESKA 1;ED MAXXMOTION;212.900;10,359.70;0.00;0.00;1,726.62;RSD;8914401397;2024-11-15;YES;NO;217;OMV-RS;;;;D;0.00;No;740003;2024-11-10;1;
710111;107258;200;BG 1191 - LC;2024-11-16 06:52:00;ED MAXXMOTION;43.67;9,297.30;1,549.55;00589651;382151;382151;                  ;SR;BESKA 2;ED MAXXMOTION;212.899;9,297.30;0.00;0.00;1,549.55;RSD;8914404050;2024-11-30;YES;NO;217;OMV-RS;;;;D;0.00;No;765223;2024-11-16;1;
710111;107258;200;BG 1191 - LC;2024-11-21 07:53:00;OMV EVRO DIZEL;38.30;7,200.40;1,200.07;00455647;383001;383001;                  ;SR;OBILAZNICA 1;OMV EVRO DIZEL;188.000;7,200.40;0.00;0.00;1,200.07;RSD;8914404050;2024-11-30;YES;NO;217;OMV-RS;;;;D;7,430.20;Yes;775327;2024-11-21;1;
710111;107258;200;BG 1191 - LC;2024-11-26 16:34:00;ED MAXXMOTION;47.49;10,253.10;1,708.85;00587495;383818;383818;                  ;SR;BESKA 1;ED MAXXMOTION;215.900;10,253.10;0.00;0.00;1,708.85;RSD;8914404050;2024-11-30;YES;NO;217;OMV-RS;;;;D;0.00;No;763433;2024-11-26;1;
710111;107258;200;BG 1191 - LC;2024-12-01 15:54:00;OMV EVRO DIZEL;44.47;8,493.77;1,415.63;00590010;384790;384790;                  ;SR;BESKA 1;OMV EVRO DIZEL;191.000;8,493.77;0.00;0.00;1,415.63;RSD;8914406383;2024-12-15;YES;NO;217;OMV-RS;;;;D;8,760.60;Yes;755436;2024-12-01;1;
710111;107258;200;BG 1191 - LC;2024-12-06 06:24:00;OMV EVRO DIZEL;45.77;8,742.07;1,457.01;00492115;385607;385607;                  ;SR;BORSKA;OMV EVRO DIZEL;191.000;8,742.07;0.00;0.00;1,457.01;RSD;8914406383;2024-12-15;YES;NO;217;OMV-RS;;;;D;9,016.70;Yes;762545;2024-12-06;1;
710111;107258;200;BG 1191 - LC;2024-12-10 07:19:00;EDMAXXM ZIMSKI;44.60;9,584.50;1,597.42;00601741;386513;386513;                  ;SR;BESKA 2;EDMAXXM ZIMSKI;214.899;9,584.50;0.00;0.00;1,597.42;RSD;8914406383;2024-12-15;YES;NO;217;OMV-RS;;;;D;0.00;No;772015;2024-12-10;1;
710111;107258;200;BG 1191 - LC;2024-12-13 08:56:00;EDMAXXM ZIMSKI;46.64;10,116.20;1,686.03;00603255;387309;387309;                  ;SR;BESKA 2;EDMAXXM ZIMSKI;216.900;10,116.20;0.00;0.00;1,686.03;RSD;8914406383;2024-12-15;YES;NO;217;OMV-RS;;;;D;0.00;No;785734;2024-12-13;1;
710111;107258;200;BG 1191 - LC;2024-12-20 06:01:00;OMV EVRO DIZEL;47.61;8,998.29;1,499.71;00500498;388117;388117;                  ;SR;BORSKA;OMV EVRO DIZEL;189.000;8,998.29;0.00;0.00;1,499.71;RSD;8914409008;2024-12-31;YES;NO;217;OMV-RS;;;;D;9,331.60;Yes;760241;2024-12-20;1;
710111;107258;200;BG 1191 - LC;2024-12-25 09:47:00;OMV EVRO DIZEL;48.11;9,140.90;1,523.48;00503268;388861;388861;                  ;SR;BORSKA;OMV EVRO DIZEL;190.000;9,140.90;0.00;0.00;1,523.48;RSD;8914409008;2024-12-31;YES;NO;217;OMV-RS;;;;D;9,477.70;Yes;794920;2024-12-25;1;
710111;107258;200;BG 1191 - LC;2024-12-31 10:01:00;EDMAXXM ZIMSKI;43.12;9,482.10;1,580.35;00612219;389556;389556;                  ;SR;BESKA 2;EDMAXXM ZIMSKI;219.900;9,482.10;0.00;0.00;1,580.35;RSD;8914409008;2024-12-31;YES;NO;217;OMV-RS;;;;D;0.00;No;700234;2024-12-31;1;
710111;107258;200;BG 1191 - LC;2025-01-06 07:20:00;EDMAXXM ZIMSKI;43.04;9,550.60;1,591.77;00615805;390553;390553;                  ;SR;BESKA 2;EDMAXXM ZIMSKI;221.901;9,550.60;0.00;0.00;1,591.77;RSD;8915352029;2025-01-15;YES;NO;217;OMV-RS;;;;D;0.00;No;772151;2025-01-06;1;
710111;107258;200;BG 1191 - LC;2025-01-13 08:20:00;OMV EVRO DIZEL;46.22;8,966.68;1,494.45;00531137;391008;391008;                  ;SR;OBILAZNICA 1;OMV EVRO DIZEL;194.000;8,966.68;0.00;0.00;1,494.45;RSD;8915352029;2025-01-15;YES;NO;217;OMV-RS;;;;D;9,290.20;Yes;782201;2025-01-13;1;
710111;107258;200;BG 1191 - LC;2025-01-17 08:52:00;EDMAXXM ZIMSKI;38.13;8,384.80;1,397.47;00621940;391653;391653;                  ;SR;BESKA 2;EDMAXXM ZIMSKI;219.900;8,384.80;0.00;0.00;1,397.47;RSD;8915354647;2025-01-31;YES;NO;217;OMV-RS;;;;D;0.00;No;785359;2025-01-17;1;
710111;107258;200;BG 1191 - LC;2025-01-24 14:38:00;OMV EVRO DIZEL;50.58;10,014.84;1,669.14;00619249;392508;392508;                  ;SR;BESKA 1;OMV EVRO DIZEL;198.000;10,014.84;0.00;0.00;1,669.14;RSD;8915354647;2025-01-31;YES;NO;217;OMV-RS;;;;D;10,318.30;Yes;744046;2025-01-24;1;
710111;107258;200;BG 1191 - LC;2025-02-03 17:59:00;OMV EVRO DIZEL;43.68;8,517.60;1,419.60;00003887;393484;393484;                  ;SR;BESKA 2;OMV EVRO DIZEL;195.000;8,517.60;0.00;0.00;1,419.60;RSD;8915357106;2025-02-15;YES;NO;217;OMV-RS;;;;D;8,779.70;Yes;780148;2025-02-03;1;
710111;107258;200;BG 1191 - LC;2025-02-08 13:53:00;OMV EVRO DIZEL;44.39;8,656.05;1,442.67;00006503;394103;394103;                  ;SR;BESKA 1;OMV EVRO DIZEL;195.000;8,656.05;0.00;0.00;1,442.67;RSD;8915359791;2025-02-28;YES;NO;217;OMV-RS;;;;D;8,922.40;Yes;735613;2025-02-08;1;
710111;107258;200;BG 1191 - LC;2025-02-16 13:56:00;OMV EVRO DIZEL;46.46;9,292.00;1,548.67;00002672;394719;394719;                  ;SR;BORSKA;OMV EVRO DIZEL;200.000;9,292.00;0.00;0.00;1,548.67;RSD;8915359791;2025-02-28;YES;NO;217;OMV-RS;;;;D;9,431.40;Yes;735933;2025-02-16;1;
710111;107258;200;BG 1191 - LC;2025-02-22 08:20:00;OMV EVRO DIZEL;42.42;8,484.00;1,414.00;00015213;395437;395437;                  ;SR;BORSKA;OMV EVRO DIZEL;200.000;8,484.00;0.00;0.00;1,414.00;RSD;8915359791;2025-02-28;YES;NO;217;OMV-RS;;;;D;8,653.70;Yes;782321;2025-02-22;1;
710111;107258;200;BG 1191 - LC;2025-02-28 05:56:00;OMV EVRO DIZEL;45.66;9,132.00;1,522.00;00018486;0;0;                  ;SR;BORSKA;OMV EVRO DIZEL;200.000;9,132.00;0.00;0.00;1,522.00;RSD;8915359791;2025-02-28;YES;NO;217;OMV-RS;;;;D;9,314.60;Yes;755845;2025-02-28;1;
710111;107258;200;BG 1191 - LC;2025-03-04 12:59:00;OMV EVRO DIZEL;45.62;9,078.38;1,513.06;00004509;397211;397211;                  ;SR;BORSKA;OMV EVRO DIZEL;199.000;9,078.38;0.00;0.00;1,513.06;RSD;8915362134;2025-03-15;YES;NO;217;OMV-RS;;;;D;9,260.90;Yes;730210;2025-03-04;1;
710111;107258;200;BG 1191 - LC;2025-03-09 08:41:00;OMV EVRO DIZEL;40.68;7,908.19;1,318.03;00023584;398003;398003;                  ;SR;BORSKA;OMV EVRO DIZEL;194.400;7,908.19;0.00;0.00;1,318.03;RSD;8915362134;2025-03-15;YES;NO;217;OMV-RS;;;;D;8,136.00;Yes;784450;2025-03-09;1;
710111;107258;200;BG 1191 - LC;2025-03-17 05:50:00;OMV EVRO DIZEL;47.60;9,110.64;1,518.44;00027995;398847;398847;                  ;SR;BORSKA;OMV EVRO DIZEL;191.400;9,110.64;0.00;0.00;1,518.44;RSD;8915364775;2025-03-31;YES;NO;217;OMV-RS;;;;D;9,377.20;Yes;755342;2025-03-17;1;
710111;107258;200;BG 1191 - LC;2025-03-21 19:02:00;ED MAXXMOTION;50.43;10,534.80;1,755.80;00082395;399748;399748;                  ;SR;DOBANOVCI-SURCIN;ED MAXXMOTION;208.899;10,534.80;0.00;0.00;1,755.80;RSD;8915364775;2025-03-31;YES;NO;217;OMV-RS;;;;D;0.00;No;790106;2025-03-21;1;
710111;107258;200;BG 1191 - LC;2025-03-29 18:49:00;OMV EVRO DIZEL;51.10;9,709.00;1,618.17;00034824;400723;400723;                  ;SR;BORSKA;OMV EVRO DIZEL;190.000;9,709.00;0.00;0.00;1,618.17;RSD;8915364775;2025-03-31;YES;NO;217;OMV-RS;;;;D;10,015.60;Yes;785314;2025-03-29;1;
710111;107258;200;BG 1191 - LC;2025-04-05 06:32:00;OMV EVRO DIZEL;45.24;8,595.60;1,432.60;00030732;401603;401603;                  ;SR;OBILAZNICA 1;OMV EVRO DIZEL;190.000;8,595.60;0.00;0.00;1,432.60;RSD;8915367133;2025-04-15;YES;NO;217;OMV-RS;;;;D;8,867.00;Yes;763233;2025-04-05;1;
710111;107258;200;BG 1191 - LC;2025-04-22 09:02:00;ED MAXXMOTION;46.69;9,706.90;1,617.82;00013446;402400;402400;                  ;SR;BESKA 2;ED MAXXMOTION;207.901;9,706.90;0.00;0.00;1,617.82;RSD;8915369797;2025-04-30;YES;NO;217;OMV-RS;;;;D;0.00;No;790305;2025-04-22;1;
710111;107258;200;BG 1191 - LC;2025-04-25 08:52:00;OMV EVRO DIZEL;44.16;8,081.28;1,346.88;00049134;403157;403157;                  ;SR;BORSKA;OMV EVRO DIZEL;183.000;8,081.28;0.00;0.00;1,346.88;RSD;8915369797;2025-04-30;YES;NO;217;OMV-RS;;;;D;8,346.20;Yes;785653;2025-04-25;1;
710111;107258;200;BG 1191 - LC;2025-05-07 08:36:00;ED MAXXMOTION;46.82;9,453.00;1,575.50;00049015;404210;404210;                  ;SR;OBILAZNICA 1;ED MAXXMOTION;201.901;9,453.00;0.00;0.00;1,575.50;RSD;8915372197;2025-05-15;YES;NO;217;OMV-RS;;;;D;0.00;No;783714;2025-05-07;1;
710111;107258;200;BG 1191 - LC;2025-05-11 12:19:00;OMV EVRO DIZEL;40.39;7,270.20;1,211.70;00056364;404910;404910;                  ;SR;BESKA 2;OMV EVRO DIZEL;180.000;7,270.20;0.00;0.00;1,211.70;RSD;8915372197;2025-05-15;YES;NO;217;OMV-RS;;;;D;7,512.50;Yes;722008;2025-05-11;1;
710111;107258;200;BG 1191 - LC;2025-05-15 06:25:00;OMV EVRO DIZEL;44.68;8,042.40;1,340.40;00058395;405536;405536;                  ;SR;BESKA 2;OMV EVRO DIZEL;180.000;8,042.40;0.00;0.00;1,340.40;RSD;8915372197;2025-05-15;YES;NO;217;OMV-RS;;;;D;8,310.50;Yes;762617;2025-05-15;1;
710111;107258;200;BG 1191 - LC;2025-05-19 05:13:00;ED MAXXMOTION;40.34;8,306.00;1,384.33;00019029;406352;406352;                  ;SR;BESKA 2;ED MAXXMOTION;205.900;8,306.00;0.00;0.00;1,384.33;RSD;8915374857;2025-05-31;YES;NO;217;OMV-RS;;;;D;0.00;No;751408;2025-05-19;1;
710111;107258;200;BG 1191 - LC;2025-05-22 06:28:00;OMV EVRO DIZEL;45.17;8,175.77;1,362.63;00064040;407308;407308;                  ;SR;BORSKA;OMV EVRO DIZEL;181.000;8,175.77;0.00;0.00;1,362.63;RSD;8915374857;2025-05-31;YES;NO;217;OMV-RS;;;;D;8,446.80;Yes;762823;2025-05-22;1;
710111;107258;200;BG 1191 - LC;2025-05-27 10:57:00;OMV EVRO DIZEL;44.82;8,112.42;1,352.07;00067086;407983;407983;                  ;SR;BORSKA;OMV EVRO DIZEL;181.000;8,112.42;0.00;0.00;1,352.07;RSD;8915374857;2025-05-31;YES;NO;217;OMV-RS;;;;D;8,381.30;Yes;705741;2025-05-27;1;
710111;107258;200;BG 1191 - LC;2025-06-01 09:58:00;OMV EVRO DIZEL;39.15;7,086.15;1,181.02;00070160;409200;409200;                  ;SR;BORSKA;OMV EVRO DIZEL;181.000;7,086.15;0.00;0.00;1,181.02;RSD;8915377281;2025-06-15;YES;NO;217;OMV-RS;;;;D;7,321.10;Yes;795811;2025-06-01;1;
710111;107258;200;BG 1191 - LC;2025-06-15 11:42:00;OMV EVRO DIZEL;39.30;7,191.90;1,198.65;00078963;409153;409153;                  ;SR;BORSKA;OMV EVRO DIZEL;183.000;7,191.90;0.00;0.00;1,198.65;RSD;8915377281;2025-06-15;YES;NO;217;OMV-RS;;;;D;7,427.70;Yes;714259;2025-06-15;1;
710111;107258;200;BG 1191 - LC;2025-06-19 10:21:00;ED MAXXMOTION;45.03;9,361.70;1,560.28;00021977;409965;409965;                  ;SR;BESKA 1;ED MAXXMOTION;207.899;9,361.70;0.00;0.00;1,560.28;RSD;8915379951;2025-06-30;YES;NO;217;OMV-RS;;;;D;0.00;No;702114;2025-06-19;1;
710111;107258;200;BG 1191 - LC;2025-06-26 15:00:00;OMV EVRO DIZEL;39.07;7,267.02;1,211.17;00085699;410709;410709;                  ;SR;BORSKA;OMV EVRO DIZEL;186.000;7,267.02;0.00;0.00;1,211.17;RSD;8915379951;2025-06-30;YES;NO;217;OMV-RS;;;;D;7,501.40;Yes;750015;2025-06-26;1;
710111;107258;200;BG 1191 - LC;2025-07-01 09:47:00;ED MAXXMOTION;43.03;9,161.10;1,526.85;00024615;411283;411283;                  ;SR;BESKA 1;ED MAXXMOTION;212.900;9,161.10;0.00;0.00;1,526.85;RSD;8915382357;2025-07-15;YES;NO;217;OMV-RS;;;;D;0.00;No;794738;2025-07-01;1;
710111;107258;200;BG 1191 - LC;2025-07-10 10:16:00;OMV EVRO DIZEL;46.65;8,770.20;1,461.70;00094251;412363;412363;                  ;SR;BORSKA;OMV EVRO DIZEL;188.000;8,770.20;0.00;0.00;1,461.70;RSD;8915382357;2025-07-15;YES;NO;217;OMV-RS;;;;D;9,050.10;Yes;701621;2025-07-10;1;
710111;107258;200;BG 1191 - LC;2025-07-16 05:19:00;OMV EVRO DIZEL;45.05;8,559.50;1,426.58;00097591;413308;413308;                  ;SR;BORSKA;OMV EVRO DIZEL;190.000;8,559.50;0.00;0.00;1,426.58;RSD;8915385043;2025-07-31;YES;NO;217;OMV-RS;;;;D;8,829.80;Yes;751929;2025-07-16;1;
710111;107258;200;BG 1191 - LC;2025-07-23 06:48:00;ED MAXXMOTION;47.00;10,147.30;1,691.22;00099325;414109;414109;                  ;SR;BESKA 2;ED MAXXMOTION;215.900;10,147.30;0.00;0.00;1,691.22;RSD;8915385043;2025-07-31;YES;NO;217;OMV-RS;;;;D;0.00;No;764910;2025-07-23;1;
710111;107258;200;BG 1191 - LC;2025-07-29 18:14:00;OMV EVRO DIZEL;42.69;8,111.10;1,351.85;00105107;415211;415211;                  ;SR;BORSKA;OMV EVRO DIZEL;190.000;8,111.10;0.00;0.00;1,351.85;RSD;8915385043;2025-07-31;YES;NO;217;OMV-RS;;;;D;8,367.20;Yes;781453;2025-07-29;1;
710111;107258;200;BG 1191 - LC;2025-08-04 06:22:00;OMV EVRO DIZEL;42.75;8,122.50;1,353.75;00108354;416101;416101;                  ;SR;BORSKA;OMV EVRO DIZEL;190.000;8,122.50;0.00;0.00;1,353.75;RSD;8915387463;2025-08-15;YES;NO;217;OMV-RS;;;;D;8,379.00;Yes;762254;2025-08-04;1;
710111;107258;200;BG 1191 - LC;2025-08-07 06:15:00;ED MAXXMOTION;38.93;8,366.10;1,394.35;00036009;416903;416903;                  ;SR;BESKA 2;ED MAXXMOTION;214.901;8,366.10;0.00;0.00;1,394.35;RSD;8915387463;2025-08-15;YES;NO;217;OMV-RS;;;;D;0.00;No;761517;2025-08-07;1;
710111;107258;200;BG 1191 - LC;2025-08-12 05:48:00;OMV EVRO DIZEL;44.43;8,263.98;1,377.33;00112905;417009;417009;                  ;SR;BORSKA;OMV EVRO DIZEL;186.000;8,263.98;0.00;0.00;1,377.33;RSD;8915387463;2025-08-15;YES;NO;217;OMV-RS;;;;D;8,575.00;Yes;754846;2025-08-12;1;
710111;107258;200;BG 1191 - LC;2025-08-16 17:50:00;OMV EVRO DIZEL;50.48;9,338.80;1,556.47;00115655;418676;418676;                  ;SR;BORSKA;OMV EVRO DIZEL;185.000;9,338.80;0.00;0.00;1,556.47;RSD;8915390137;2025-08-31;YES;NO;217;OMV-RS;;;;D;9,692.20;Yes;775105;2025-08-16;1;
710111;107258;200;BG 1191 - LC;2025-08-20 20:59:00;ED MAXXMOTION;46.32;9,768.90;1,628.15;00066270;419523;419523;                  ;SR;OBILAZNICA 1;ED MAXXMOTION;210.900;9,768.90;0.00;0.00;1,628.15;RSD;8915390137;2025-08-31;YES;NO;217;OMV-RS;;;;D;0.00;No;705956;2025-08-20;1;
710111;107258;200;BG 1191 - LC;2025-08-25 07:09:00;ED MAXXMOTION;42.07;8,998.80;1,499.80;00128434;420091;420091;                  ;SR;BESKA 2;ED MAXXMOTION;213.901;8,998.80;0.00;0.00;1,499.80;RSD;8915390137;2025-08-31;YES;NO;217;OMV-RS;;;;D;0.00;No;770940;2025-08-25;1;
710111;107258;200;BG 1191 - LC;2025-08-28 06:46:00;ED MAXXMOTION;40.85;8,615.30;1,435.88;00009461;421109;421109;                  ;SR;OBILAZNICA 1;ED MAXXMOTION;210.901;8,615.30;0.00;0.00;1,435.88;RSD;8915390137;2025-08-31;YES;NO;217;OMV-RS;;;;D;0.00;No;764609;2025-08-28;1;
710111;107258;200;BG 1191 - LC;2025-09-02 20:10:00;ED MAXXMOTION;45.11;9,152.80;1,525.47;00125201;422006;422006;                  ;SR;BORSKA;ED MAXXMOTION;202.900;9,152.80;0.00;0.00;1,525.47;RSD;8915392542;2025-09-15;YES;NO;217;OMV-RS;;;;D;0.00;No;701024;2025-09-02;1;
710111;107258;200;BG 1191 - LC;2025-09-10 05:01:00;OMV EVRO DIZEL;42.13;7,878.31;1,313.05;00129421;422927;422927;                  ;SR;BORSKA;OMV EVRO DIZEL;187.000;7,878.31;0.00;0.00;1,313.05;RSD;8915392542;2025-09-15;YES;NO;217;OMV-RS;;;;D;8,173.20;Yes;750157;2025-09-10;1;
710111;107258;200;BG 1191 - LC;2025-09-14 05:15:00;OMV EVRO DIZEL;45.04;8,422.48;1,403.75;00131444;423729;423729;                  ;SR;BORSKA;OMV EVRO DIZEL;187.000;8,422.48;0.00;0.00;1,403.75;RSD;8915392542;2025-09-15;YES;NO;217;OMV-RS;;;;D;8,737.80;Yes;751526;2025-09-14;1;
710111;107258;200;BG 1191 - LC;2025-09-18 05:07:00;OMV EVRO DIZEL;45.13;8,439.31;1,406.55;00133558;424653;424653;                  ;SR;BORSKA;OMV EVRO DIZEL;187.000;8,439.31;0.00;0.00;1,406.55;RSD;8915395222;2025-09-30;YES;NO;217;OMV-RS;;;;D;8,755.20;Yes;750715;2025-09-18;1;
710111;107258;200;BG 1191 - LC;2025-09-23 18:51:00;OMV EVRO DIZEL;48.72;9,159.36;1,526.56;00136709;425609;425609;                  ;SR;BORSKA;OMV EVRO DIZEL;188.000;9,159.36;0.00;0.00;1,526.56;RSD;8915395222;2025-09-30;YES;NO;217;OMV-RS;;;;D;9,500.40;Yes;785116;2025-09-23;1;
710111;107258;200;BG 1191 - LC;2025-09-28 05:17:00;OMV EVRO DIZEL;45.02;8,463.76;1,410.63;00139312;426429;426429;                  ;SR;BORSKA;OMV EVRO DIZEL;188.000;8,463.76;0.00;0.00;1,410.63;RSD;8915395222;2025-09-30;YES;NO;217;OMV-RS;;;;D;8,778.90;Yes;751733;2025-09-28;1;
710111;107258;44;BG 2280 - EV;2024-01-31 08:58:00;EDMAXXM ZIMSKI;27.66;5,695.20;949.20;00184726;0;0;                  ;SR;KNEZEVAC;EDMAXXM ZIMSKI;205.900;5,695.20;0.00;0.00;949.20;RSD;8914354763;2024-01-31;YES;NO;217;OMV-RS;;;;D;0.00;No;785835;2024-01-31;1;
710111;107258;44;BG 2280 - EV;2024-01-31 08:58:00;AdBlue Kanister;1.00;799.00;133.17;00184726;0;0;                  ;SR;KNEZEVAC;AdBlue Kanister;799.000;799.00;0.00;0.00;133.17;RSD;8914354763;2024-01-31;YES;NO;217;OMV-RS;;;;D;0.00;No;785835;2024-01-31;1;
710111;107258;44;BG 2280 - EV;2024-02-26 06:22:00;OMV EVRO DIZEL;40.95;8,026.20;1,337.70;00257733;0;0;                  ;SR;PANCEVO 1;OMV EVRO DIZEL;196.000;8,026.20;0.00;0.00;1,337.70;RSD;8914359644;2024-02-29;YES;NO;117;OMV-RS;;;;D;8,435.70;Yes;762247;2024-02-26;1;
710111;107258;44;BG 2280 - EV;2024-03-12 07:33:00;OMV EVRO DIZEL;39.30;7,525.95;1,254.32;00231565;0;0;                  ;SR;KNEZEVAC;OMV EVRO DIZEL;191.500;7,525.95;0.00;0.00;1,254.32;RSD;8914361928;2024-03-15;YES;NO;217;OMV-RS;;;;D;7,938.60;Yes;773331;2024-03-12;1;
710111;107258;44;BG 2280 - EV;2024-04-03 11:44:00;OMV EVRO DIZEL;40.71;7,694.19;1,282.36;00423386;0;0;                  ;SR;ADA CIGANLIJA;OMV EVRO DIZEL;189.000;7,694.19;0.00;0.00;1,282.36;RSD;8914366835;2024-04-15;YES;NO;217;OMV-RS;;;;D;8,264.10;Yes;714935;2024-04-03;1;
710111;107258;44;BG 2280 - EV;2024-04-23 14:13:00;OMV EVRO DIZEL;34.72;6,666.24;1,111.04;00260449;0;0;                  ;SR;ADA CIGANLIJA;OMV EVRO DIZEL;192.000;6,666.24;0.00;0.00;1,111.04;RSD;8914369474;2024-04-30;YES;NO;217;OMV-RS;;;;D;7,152.30;Yes;741953;2024-04-23;1;
710111;107258;44;BG 2280 - EV;2024-06-11 08:27:00;OMV EVRO DIZEL;43.62;8,091.51;1,348.58;00279287;0;0;                  ;SR;ADA CIGANLIJA;OMV EVRO DIZEL;185.500;8,091.51;0.00;0.00;1,348.58;RSD;8914376641;2024-06-15;YES;NO;217;OMV-RS;;;;D;8,680.40;Yes;782735;2024-06-11;1;
710111;107258;44;BG 2280 - EV;2024-10-11 16:24:00;OMV EVRO DIZEL;46.68;8,729.16;1,454.86;00192439;0;0;                  ;SR;BUBANJ POTOK;OMV EVRO DIZEL;187.000;8,729.16;0.00;0.00;1,454.86;RSD;8914396403;2024-10-15;YES;NO;217;OMV-RS;;;;D;9,055.90;Yes;762423;2024-10-11;1;
710111;107258;44;BG 2280 - EV;2024-11-05 18:00:00;OMV EVRO DIZEL;33.15;6,132.75;1,022.12;00182195;20762;20762;                  ;SR;UZICE;OMV EVRO DIZEL;185.000;6,132.75;0.00;0.00;1,022.12;RSD;8914401397;2024-11-15;YES;NO;117;OMV-RS;;;;D;6,364.80;Yes;780051;2024-11-05;1;
710111;107258;44;BG 2280 - EV;2024-11-18 09:19:00;ED MAXXMOTION;41.64;8,615.30;1,435.88;00504912;21500;21500;                  ;SR;OBILAZNICA 1;ED MAXXMOTION;206.900;8,615.30;0.00;0.00;1,435.88;RSD;8914404050;2024-11-30;YES;NO;217;OMV-RS;;;;D;0.00;No;791921;2024-11-18;1;
710111;107258;44;BG 2280 - EV;2024-11-26 06:30:00;OMV EVRO DIZEL;40.42;7,720.22;1,286.70;00361737;0;0;                  ;SR;KOVIN;OMV EVRO DIZEL;191.000;7,720.22;0.00;0.00;1,286.70;RSD;8914404050;2024-11-30;YES;NO;117;OMV-RS;;;;D;7,962.70;Yes;763029;2024-11-26;1;
710111;107258;44;BG 2280 - EV;2024-12-26 12:50:00;OMV EVRO DIZEL;43.71;8,304.90;1,384.15;00080791;22790;22790;                  ;SR;LAPOVO JUG;OMV EVRO DIZEL;190.000;8,304.90;0.00;0.00;1,384.15;RSD;8914409008;2024-12-31;YES;NO;217;OMV-RS;;;;D;8,610.90;Yes;725108;2024-12-26;1;
710111;107258;44;BG 2280 - EV;2025-01-28 10:13:00;OMV EVRO DIZEL;36.41;7,209.18;1,201.53;00003567;23340;23340;                  ;SR;BUBANJ POTOK;OMV EVRO DIZEL;198.000;7,209.18;0.00;0.00;1,201.53;RSD;8915354647;2025-01-31;YES;NO;217;OMV-RS;;;;D;7,427.60;Yes;701942;2025-01-28;1;
710111;107258;44;BG 2280 - EV;2025-02-14 17:14:00;OMV EVRO DIZEL;39.71;7,942.00;1,323.67;00000673;0;0;                  ;SR;POZAREVAC;OMV EVRO DIZEL;200.000;7,942.00;0.00;0.00;1,323.67;RSD;8915359791;2025-02-28;YES;NO;117;OMV-RS;;;;D;8,061.10;Yes;771628;2025-02-14;1;
710111;107258;44;BG 2280 - EV;2025-03-31 17:57:00;OMV EVRO DIZEL;35.03;6,655.70;1,109.28;00014942;0;0;                  ;SR;PANCEVO 1;OMV EVRO DIZEL;190.000;6,655.70;0.00;0.00;1,109.28;RSD;8915364775;2025-03-31;YES;NO;117;OMV-RS;;;;D;6,865.90;Yes;775956;2025-03-31;1;
710111;107258;44;BG 2280 - EV;2025-04-06 19:19:00;OMV EVRO DIZEL;36.64;6,961.60;1,160.27;00033897;0;0;                  ;SR;PARTIZANSKI PUT;OMV EVRO DIZEL;190.000;6,961.60;0.00;0.00;1,160.27;RSD;8915367133;2025-04-15;YES;NO;217;OMV-RS;;;;D;7,181.44;Yes;792142;2025-04-06;1;
710111;107258;44;BG 2280 - EV;2025-05-27 06:40:00;OMV EVRO DIZEL;31.74;5,744.94;957.49;00060323;0;0;                  ;SR;PARTIZANSKI PUT;OMV EVRO DIZEL;181.000;5,744.94;0.00;0.00;957.49;RSD;8915374857;2025-05-31;YES;NO;217;OMV-RS;;;;D;5,935.38;Yes;764032;2025-05-27;1;
710111;107258;44;BG 2280 - EV;2025-06-26 15:32:00;ED MAXXMOTION;44.59;9,002.70;1,500.45;00054941;0;0;                  ;SR;KNEZEVAC;ED MAXXMOTION;201.900;9,002.70;0.00;0.00;1,500.45;RSD;8915379951;2025-06-30;YES;NO;217;OMV-RS;;;;D;0.00;No;753213;2025-06-26;1;
710111;107258;44;BG 2280 - EV;2025-07-22 13:46:00;OMV EVRO DIZEL;33.33;6,366.03;1,061.00;00085095;29122;29122;                  ;SR;UZICE;OMV EVRO DIZEL;191.000;6,366.03;0.00;0.00;1,061.00;RSD;8915385043;2025-07-31;YES;NO;117;OMV-RS;;;;D;6,566.00;Yes;734706;2025-07-22;1;
710111;107258;184;BG 2348 - TN;2024-02-21 19:38:00;OMV EVRO DIZEL;36.84;7,165.38;1,194.23;00144092;49300;49300;                  ;SR;BUBANJ POTOK;OMV EVRO DIZEL;194.500;7,165.38;0.00;0.00;1,194.23;RSD;8914359644;2024-02-29;YES;NO;217;OMV-RS;;;;D;7,552.20;Yes;793820;2024-02-21;1;
710111;107258;184;BG 2348 - TN;2024-03-05 06:46:00;OMV EVRO DIZEL;42.34;8,192.79;1,365.46;00331026;0;0;                  ;SR;BORSKA;OMV EVRO DIZEL;193.500;8,192.79;0.00;0.00;1,365.46;RSD;8914361928;2024-03-15;YES;NO;217;OMV-RS;;;;D;8,637.40;Yes;764747;2024-03-05;1;
710111;107258;184;BG 2348 - TN;2024-03-15 06:38:00;EDMAXXM ZIMSKI;38.45;8,070.70;1,345.12;00244034;0;0;                  ;SR;ADA CIGANLIJA;EDMAXXM ZIMSKI;209.901;8,070.70;0.00;0.00;1,345.12;RSD;8914361928;2024-03-15;YES;NO;217;OMV-RS;;;;D;0.00;No;764309;2024-03-15;1;
710111;107258;184;BG 2348 - TN;2024-03-26 07:20:00;ED MAXXMOTION;38.94;8,601.80;1,433.63;00308893;51140;51140;                  ;SR;OBILAZNICA 1;ED MAXXMOTION;220.899;8,601.80;0.00;0.00;1,433.63;RSD;8914364543;2024-03-31;YES;NO;217;OMV-RS;;;;D;0.00;No;772033;2024-03-26;1;
710111;107258;184;BG 2348 - TN;2024-04-06 14:05:00;ED MAXXMOTION;41.04;8,778.50;1,463.08;00253377;0;0;                  ;SR;ADA CIGANLIJA;ED MAXXMOTION;213.901;8,778.50;0.00;0.00;1,463.08;RSD;8914366835;2024-04-15;YES;NO;217;OMV-RS;;;;D;0.00;No;741054;2024-04-06;1;
710111;107258;184;BG 2348 - TN;2024-04-19 07:20:00;ED MAXXMOTION;40.56;8,675.80;1,445.97;00208288;0;0;                  ;SR;KNEZEVAC;ED MAXXMOTION;213.900;8,675.80;0.00;0.00;1,445.97;RSD;8914369474;2024-04-30;YES;NO;217;OMV-RS;;;;D;0.00;No;772014;2024-04-19;1;
710111;107258;184;BG 2348 - TN;2024-05-10 12:03:00;ED MAXXMOTION;34.11;7,262.00;1,210.33;00266323;0;0;                  ;SR;ADA CIGANLIJA;ED MAXXMOTION;212.899;7,262.00;0.00;0.00;1,210.33;RSD;8914371718;2024-05-15;YES;NO;217;OMV-RS;;;;D;0.00;No;721044;2024-05-10;1;
710111;107258;184;BG 2348 - TN;2024-05-21 06:47:00;ED MAXXMOTION;35.38;7,390.90;1,231.82;00452401;53441;53441;                  ;SR;ADA CIGANLIJA;ED MAXXMOTION;208.901;7,390.90;0.00;0.00;1,231.82;RSD;8914374363;2024-05-31;YES;NO;217;OMV-RS;;;;D;0.00;No;765512;2024-05-21;1;
710111;107258;184;BG 2348 - TN;2024-06-01 07:29:00;ED MAXXMOTION;38.06;7,950.70;1,325.12;00459477;54052;54052;                  ;SR;ADA CIGANLIJA;ED MAXXMOTION;208.899;7,950.70;0.00;0.00;1,325.12;RSD;8914376641;2024-06-15;YES;NO;217;OMV-RS;;;;D;0.00;No;773723;2024-06-01;1;
710111;107258;184;BG 2348 - TN;2024-06-24 07:15:00;ED MAXXMOTION;41.17;8,723.90;1,453.98;00274751;54610;54610;                  ;SR;KNEZEVAC;ED MAXXMOTION;211.899;8,723.90;0.00;0.00;1,453.98;RSD;8914379249;2024-06-30;YES;NO;217;OMV-RS;;;;D;0.00;No;771522;2024-06-24;1;
710111;107258;184;BG 2348 - TN;2024-07-04 07:30:00;ED MAXXMOTION;39.40;8,979.30;1,496.55;00424692;57180;57180;                  ;SR;BUBANJ POTOK;ED MAXXMOTION;227.901;8,979.30;0.00;0.00;1,496.55;RSD;8914381538;2024-07-15;YES;NO;217;OMV-RS;;;;D;0.00;No;773006;2024-07-04;1;
710111;107258;184;BG 2348 - TN;2024-07-12 22:18:00;ED MAXXMOTION;46.21;10,669.90;1,778.32;00430776;55789;55789;                  ;SR;BUBANJ POTOK;ED MAXXMOTION;230.900;10,669.90;0.00;0.00;1,778.32;RSD;8914381538;2024-07-15;YES;NO;217;OMV-RS;;;;D;0.00;No;721830;2024-07-12;1;
710111;107258;184;BG 2348 - TN;2024-07-25 07:33:00;ED MAXXMOTION;44.83;10,216.80;1,702.80;00438822;56397;56397;                  ;SR;BUBANJ POTOK;ED MAXXMOTION;227.901;10,216.80;0.00;0.00;1,702.80;RSD;8914384146;2024-07-31;YES;NO;217;OMV-RS;;;;D;0.00;No;773315;2024-07-25;1;
710111;107258;184;BG 2348 - TN;2024-07-29 05:45:00;ED MAXXMOTION;38.03;8,552.90;1,425.48;00288377;56900;56900;                  ;SR;RAZANJ;ED MAXXMOTION;224.899;8,552.90;0.00;0.00;1,425.48;RSD;8914384146;2024-07-31;YES;NO;217;OMV-RS;;;;D;0.00;No;754606;2024-07-29;1;
710111;107258;184;BG 2348 - TN;2024-08-02 17:27:00;ED MAXXMOTION;44.66;10,000.00;1,666.67;00518079;0;0;                  ;SR;ALEKSINAC;ED MAXXMOTION;223.914;10,000.00;0.00;0.00;1,666.67;RSD;8914386444;2024-08-15;YES;NO;217;OMV-RS;;;;D;0.00;No;772809;2024-08-02;1;
710111;107258;184;BG 2348 - TN;2024-08-06 11:31:00;ED MAXXMOTION;38.73;8,129.40;1,354.90;00002303;58061;58061;                  ;SR;JURIJA GAGARINA;ED MAXXMOTION;209.899;8,129.40;0.00;0.00;1,354.90;RSD;8914386444;2024-08-15;YES;NO;217;OMV-RS;;;;D;0.00;No;713227;2024-08-06;1;
710111;107258;184;BG 2348 - TN;2024-08-16 10:09:00;ED MAXXMOTION;39.18;8,106.30;1,351.05;00507858;58667;58667;                  ;SR;ADA CIGANLIJA;ED MAXXMOTION;206.899;8,106.30;0.00;0.00;1,351.05;RSD;8914389074;2024-08-31;YES;NO;217;OMV-RS;;;;D;0.00;No;700934;2024-08-16;1;
710111;107258;184;BG 2348 - TN;2024-08-27 17:11:00;ED MAXXMOTION;45.39;9,255.00;1,542.50;00432668;59234;59234;                  ;SR;BORSKA;ED MAXXMOTION;203.900;9,255.00;0.00;0.00;1,542.50;RSD;8914389074;2024-08-31;YES;NO;217;OMV-RS;;;;D;0.00;No;771156;2024-08-27;1;
710111;107258;184;BG 2348 - TN;2024-09-18 12:27:00;ED MAXXMOTION;42.39;8,982.40;1,497.07;00534423;60000;60000;                  ;SR;LAPOVO JUG;ED MAXXMOTION;211.899;8,982.40;0.00;0.00;1,497.07;RSD;8914394055;2024-09-30;YES;NO;217;OMV-RS;;;;D;0.00;No;722749;2024-09-18;1;
710111;107258;184;BG 2348 - TN;2024-09-28 07:15:00;ED MAXXMOTION;45.88;9,309.10;1,551.52;00481663;60470;60470;                  ;SR;BUBANJ POTOK;ED MAXXMOTION;202.901;9,309.10;0.00;0.00;1,551.52;RSD;8914394055;2024-09-30;YES;NO;217;OMV-RS;;;;D;0.00;No;771519;2024-09-28;1;
710111;107258;184;BG 2348 - TN;2024-10-11 07:34:00;ED MAXXMOTION;44.37;9,047.00;1,507.83;00192282;61120;61120;                  ;SR;BUBANJ POTOK;ED MAXXMOTION;203.899;9,047.00;0.00;0.00;1,507.83;RSD;8914396403;2024-10-15;YES;NO;217;OMV-RS;;;;D;0.00;No;773425;2024-10-11;1;
710111;107258;184;BG 2348 - TN;2024-10-22 08:14:00;ED MAXXMOTION;43.28;8,824.80;1,470.80;00213354;61784;61784;                  ;SR;ADA CIGANLIJA;ED MAXXMOTION;203.900;8,824.80;0.00;0.00;1,470.80;RSD;8914399056;2024-10-31;YES;NO;217;OMV-RS;;;;D;0.00;No;781419;2024-10-22;1;
710111;107258;184;BG 2348 - TN;2024-11-15 08:25:00;ED MAXXMOTION;43.27;8,779.50;1,463.25;00339782;62934;62934;                  ;SR;KNEZEVAC;ED MAXXMOTION;202.900;8,779.50;0.00;0.00;1,463.25;RSD;8914401397;2024-11-15;YES;NO;217;OMV-RS;;;;D;0.00;No;782536;2024-11-15;1;
710111;107258;184;BG 2348 - TN;2024-11-27 07:39:00;ED MAXXMOTION;43.39;9,151.00;1,525.17;00082489;0;0;                  ;SR;BUBANJ POTOK;ED MAXXMOTION;210.901;9,151.00;0.00;0.00;1,525.17;RSD;8914404050;2024-11-30;YES;NO;217;OMV-RS;;;;D;0.00;No;773958;2024-11-27;1;
710111;107258;184;BG 2348 - TN;2024-12-07 07:51:00;EDMAXXM ZIMSKI;43.18;8,847.60;1,474.60;00271871;64167;64167;                  ;SR;KNEZEVAC;EDMAXXM ZIMSKI;204.900;8,847.60;0.00;0.00;1,474.60;RSD;8914406383;2024-12-15;YES;NO;217;OMV-RS;;;;D;0.00;No;775206;2024-12-07;1;
710111;107258;184;BG 2348 - TN;2024-12-19 12:08:00;EDMAXXM ZIMSKI;43.74;8,962.30;1,493.72;00539038;64578;64578;                  ;SR;JURIJA GAGARINA;EDMAXXM ZIMSKI;204.899;8,962.30;0.00;0.00;1,493.72;RSD;8914409008;2024-12-31;YES;NO;217;OMV-RS;;;;D;0.00;No;720812;2024-12-19;1;
710111;107258;184;BG 2348 - TN;2024-12-31 07:56:00;EDMAXXM ZIMSKI;43.88;9,429.80;1,571.63;00540310;65930;65930;                  ;SR;BUBANJ POTOK;EDMAXXM ZIMSKI;214.900;9,429.80;0.00;0.00;1,571.63;RSD;8914409008;2024-12-31;YES;NO;217;OMV-RS;;;;D;0.00;No;780003;2024-12-31;1;
710111;107258;184;BG 2348 - TN;2025-01-17 10:19:00;EDMAXXM ZIMSKI;41.57;8,725.50;1,454.25;00514759;65950;65950;                  ;SR;BORSKA;EDMAXXM ZIMSKI;209.899;8,725.50;0.00;0.00;1,454.25;RSD;8915354647;2025-01-31;YES;NO;217;OMV-RS;;;;D;0.00;No;702137;2025-01-17;1;
710111;107258;184;BG 2348 - TN;2025-01-29 06:28:00;EDMAXXM ZIMSKI;43.62;9,504.80;1,584.13;00004159;66567;66567;                  ;SR;BUBANJ POTOK;EDMAXXM ZIMSKI;217.900;9,504.80;0.00;0.00;1,584.13;RSD;8915354647;2025-01-31;YES;NO;217;OMV-RS;;;;D;0.00;No;763451;2025-01-29;1;
710111;107258;184;BG 2348 - TN;2025-02-04 12:21:00;EDMAXXM ZIMSKI;26.83;5,631.60;938.60;00004159;66800;66800;                  ;SR;ADA CIGANLIJA;EDMAXXM ZIMSKI;209.899;5,631.60;0.00;0.00;938.60;RSD;8915357106;2025-02-15;YES;NO;217;OMV-RS;;;;D;0.00;No;722418;2025-02-04;1;
710111;107258;184;BG 2348 - TN;2025-02-14 20:26:00;EDMAXXM ZIMSKI;45.82;9,938.40;1,656.40;00014006;0;0;                  ;SR;BUBANJ POTOK;EDMAXXM ZIMSKI;216.901;9,938.40;0.00;0.00;1,656.40;RSD;8915359791;2025-02-28;YES;NO;217;OMV-RS;;;;D;0.00;No;703421;2025-02-14;1;
710111;107258;184;BG 2348 - TN;2025-05-27 08:03:00;ED MAXXMOTION;45.36;8,931.40;1,488.57;00066974;68200;68200;                  ;SR;BORSKA;ED MAXXMOTION;196.900;8,931.40;0.00;0.00;1,488.57;RSD;8915374857;2025-05-31;YES;NO;217;OMV-RS;;;;D;0.00;No;780349;2025-05-27;1;
710111;107258;184;BG 2348 - TN;2025-06-06 15:39:00;ED MAXXMOTION;47.68;9,388.20;1,564.70;00065748;68843;68843;                  ;SR;ADA CIGANLIJA;ED MAXXMOTION;196.900;9,388.20;0.00;0.00;1,564.70;RSD;8915377281;2025-06-15;YES;NO;217;OMV-RS;;;;D;0.00;No;754005;2025-06-06;1;
710111;107258;184;BG 2348 - TN;2025-06-18 20:58:00;ED MAXXMOTION;43.78;8,883.00;1,480.50;00036398;69430;69430;                  ;SR;BUBANJ POTOK;ED MAXXMOTION;202.901;8,883.00;0.00;0.00;1,480.50;RSD;8915379951;2025-06-30;YES;NO;217;OMV-RS;;;;D;0.00;No;705841;2025-06-18;1;
710111;107258;184;BG 2348 - TN;2025-06-25 09:02:00;ED MAXXMOTION;43.15;8,712.00;1,452.00;00079930;69901;69901;                  ;SR;JURIJA GAGARINA;ED MAXXMOTION;201.900;8,712.00;0.00;0.00;1,452.00;RSD;8915379951;2025-06-30;YES;NO;217;OMV-RS;;;;D;0.00;No;790248;2025-06-25;1;
710111;107258;184;BG 2348 - TN;2025-07-03 08:10:00;ED MAXXMOTION;43.21;9,199.40;1,533.23;00032082;0;0;                  ;SR;OBILAZNICA 1;ED MAXXMOTION;212.900;9,199.40;0.00;0.00;1,533.23;RSD;8915382357;2025-07-15;YES;NO;217;OMV-RS;;;;D;0.00;No;781050;2025-07-03;1;
710111;107258;184;BG 2348 - TN;2025-07-10 08:12:00;ED MAXXMOTION;30.95;6,310.70;1,051.78;00082798;70900;70900;                  ;SR;ADA CIGANLIJA;ED MAXXMOTION;203.900;6,310.70;0.00;0.00;1,051.78;RSD;8915382357;2025-07-15;YES;NO;217;OMV-RS;;;;D;0.00;No;781218;2025-07-10;1;
710111;107258;184;BG 2348 - TN;2025-07-21 07:53:00;ED MAXXMOTION;45.45;9,403.60;1,567.27;00055258;71510;71510;                  ;SR;JURIJA GAGARINA;ED MAXXMOTION;206.900;9,403.60;0.00;0.00;1,567.27;RSD;8915385043;2025-07-31;YES;NO;217;OMV-RS;;;;D;0.00;No;775403;2025-07-21;1;
710111;107258;184;BG 2348 - TN;2025-10-23 07:05:00;ED MAXXMOTION;42.82;8,645.40;1,440.90;00137593;72115;72115;                  ;SR;ADA CIGANLIJA;ED MAXXMOTION;201.901;8,645.40;0.00;0.00;1,440.90;RSD;8915400359;2025-10-31;YES;NO;217;OMV-RS;;;;D;0.00;No;770544;2025-10-23;1;
710111;107258;93;BG 2024 - PE;2024-02-02 10:31:00;OMV EVRO DIZEL;100.41;18,927.29;3,154.55;00049803;22563;22563;                  ;SR;OBILAZNICA 1;OMV EVRO DIZEL;188.500;18,927.29;0.00;0.00;3,154.55;RSD;8914357027;2024-02-15;YES;NO;217;OMV-RS;;;;D;19,881.20;Yes;703117;2024-02-02;1;
710111;107258;93;BG 2024 - PE;2024-02-05 11:02:00;OMV EVRO DIZEL;42.86;8,121.97;1,353.66;00260446;23568;23568;                  ;SR;KRALJEVO 2;OMV EVRO DIZEL;189.500;8,121.97;0.00;0.00;1,353.66;RSD;8914357027;2024-02-15;YES;NO;217;OMV-RS;;;;D;8,572.00;Yes;710240;2024-02-05;1;
710111;107258;93;BG 2024 - PE;2024-02-09 11:51:00;OMV EVRO DIZEL;57.21;10,841.30;1,806.88;00261688;12549;12549;                  ;SR;KRALJEVO 2;OMV EVRO DIZEL;189.500;10,841.30;0.00;0.00;1,806.88;RSD;8914357027;2024-02-15;YES;NO;217;OMV-RS;;;;D;11,442.00;Yes;715146;2024-02-09;1;
710111;107258;93;BG 2024 - PE;2024-02-20 09:21:00;EDMAXXM ZIMSKI;50.00;11,195.00;1,865.83;00322449;14582;14582;                  ;SR;LAPOVO SEVER;EDMAXXM ZIMSKI;223.900;11,195.00;0.00;0.00;1,865.83;RSD;8914359644;2024-02-29;YES;NO;217;OMV-RS;;;;D;0.00;No;792550;2024-02-20;1;
710111;107258;93;BG 2024 - PE;2024-02-26 10:25:00;OMV EVRO DIZEL;89.00;17,444.00;2,907.33;00396769;23335;23335;                  ;SR;ALEKSINAC;OMV EVRO DIZEL;196.000;17,444.00;0.00;0.00;2,907.33;RSD;8914359644;2024-02-29;YES;NO;217;OMV-RS;;;;D;18,334.00;Yes;702553;2024-02-26;1;
710111;107258;93;BG 2024 - PE;2024-02-28 14:34:00;OMV EVRO DIZEL;58.39;11,444.44;1,907.41;00228126;23595;23595;                  ;SR;TRSTENIK;OMV EVRO DIZEL;196.000;11,444.44;0.00;0.00;1,907.41;RSD;8914359644;2024-02-29;YES;NO;117;OMV-RS;;;;D;12,028.30;Yes;743419;2024-02-28;1;
710111;107258;93;BG 2024 - PE;2024-03-07 09:28:00;EDMAXXM ZIMSKI;64.37;13,640.00;2,273.33;00347384;25425;25425;                  ;SR;CELIJE;EDMAXXM ZIMSKI;211.900;13,640.00;0.00;0.00;2,273.33;RSD;8914361928;2024-03-15;YES;NO;117;OMV-RS;;;;D;0.00;No;792820;2024-03-07;1;
710111;107258;93;BG 2024 - PE;2024-03-10 11:10:00;OMV EVRO DIZEL;76.98;14,857.14;2,476.19;00168094;24199;24199;                  ;SR;CACAK;OMV EVRO DIZEL;193.000;14,857.14;0.00;0.00;2,476.19;RSD;8914361928;2024-03-15;YES;NO;217;OMV-RS;;;;D;15,550.00;Yes;711036;2024-03-10;1;
710111;107258;93;BG 2024 - PE;2024-04-12 15:53:00;OMV EVRO DIZEL;54.00;10,368.00;1,728.00;00149592;24986;24986;                  ;SR;UZICE;OMV EVRO DIZEL;192.000;10,368.00;0.00;0.00;1,728.00;RSD;8914366835;2024-04-15;YES;NO;117;OMV-RS;;;;D;11,124.00;Yes;755411;2024-04-12;1;
710111;107258;93;BG 2024 - PE;2024-04-22 09:13:00;OMV EVRO DIZEL;88.00;16,896.00;2,816.00;00000480;25350;25350;                  ;SR;JURIJA GAGARINA;OMV EVRO DIZEL;192.000;16,896.00;0.00;0.00;2,816.00;RSD;8914369474;2024-04-30;YES;NO;217;OMV-RS;;;;D;18,128.00;Yes;791330;2024-04-22;1;
710111;107258;93;BG 2024 - PE;2024-05-22 11:45:00;OMV EVRO DIZEL;90.00;16,875.00;2,812.50;00406394;25557;25557;                  ;SR;JURIJA GAGARINA;OMV EVRO DIZEL;187.500;16,875.00;0.00;0.00;2,812.50;RSD;8914374363;2024-05-31;YES;NO;217;OMV-RS;;;;D;18,090.00;Yes;714516;2024-05-22;1;
710111;107258;93;BG 2024 - PE;2024-05-22 11:50:00;AdBlue;17.31;1,199.24;199.87;00285625;25557;25557;                  ;SR;JURIJA GAGARINA;AdBlue;69.280;1,199.24;0.00;0.00;199.87;RSD;8914374363;2024-05-31;YES;NO;217;OMV-RS;;;;D;1,904.10;Yes;715056;2024-05-22;1;
710111;107258;93;BG 2024 - PE;2024-05-28 16:56:00;OMV EVRO DIZEL;72.69;13,629.38;2,271.56;00109752;25847;25847;                  ;SR;LOZNICA;OMV EVRO DIZEL;187.500;13,629.38;0.00;0.00;2,271.56;RSD;8914374363;2024-05-31;YES;NO;117;OMV-RS;;;;D;14,610.70;Yes;765645;2024-05-28;1;
710111;107258;93;BG 2024 - PE;2024-07-08 11:48:00;OMV EVRO DIZEL;70.00;13,825.00;2,304.17;00277582;26168;26168;                  ;SR;ALEKSINAC;OMV EVRO DIZEL;197.500;13,825.00;0.00;0.00;2,304.17;RSD;8914381538;2024-07-15;YES;NO;217;OMV-RS;;;;D;14,560.00;Yes;714850;2024-07-08;1;
710111;107258;93;BG 2024 - PE;2024-07-17 10:15:00;OMV EVRO DIZEL;93.01;17,950.93;2,991.82;00059707;26503;26503;                  ;SR;DOLJEVAC;OMV EVRO DIZEL;193.000;17,950.93;0.00;0.00;2,991.82;RSD;8914384146;2024-07-31;YES;NO;217;OMV-RS;;;;D;19,346.10;Yes;701610;2024-07-17;1;
710111;107258;93;BG 2024 - PE;2024-08-13 07:12:00;OMV EVRO DIZEL;70.00;12,880.00;2,146.67;00303612;26788;26788;                  ;SR;ADA CIGANLIJA;OMV EVRO DIZEL;184.000;12,880.00;0.00;0.00;2,146.67;RSD;8914386444;2024-08-15;YES;NO;217;OMV-RS;;;;D;13,860.00;Yes;771304;2024-08-13;1;
710111;107258;93;BG 2024 - PE;2024-09-10 09:11:00;OMV EVRO DIZEL;75.00;13,500.00;2,250.00;00315885;27383;27383;                  ;SR;ADA CIGANLIJA;OMV EVRO DIZEL;180.000;13,500.00;0.00;0.00;2,250.00;RSD;8914391411;2024-09-15;YES;NO;217;OMV-RS;;;;D;14,550.00;Yes;791153;2024-09-10;1;
710111;107258;93;BG 2024 - PE;2024-09-10 09:12:00;AdBlue Kanister;1.00;1,999.00;333.17;00315886;27383;27383;                  ;SR;ADA CIGANLIJA;AdBlue Kanister;1,999.000;1,999.00;0.00;0.00;333.17;RSD;8914391411;2024-09-15;YES;NO;217;OMV-RS;;;;D;0.00;No;791248;2024-09-10;1;
710111;107258;93;BG 2024 - PE;2024-09-30 14:37:00;OMV EVRO DIZEL;56.01;9,941.78;1,656.96;00177928;27886;27886;                  ;SR;UZICE;OMV EVRO DIZEL;177.500;9,941.78;0.00;0.00;1,656.96;RSD;8914394055;2024-09-30;YES;NO;117;OMV-RS;;;;D;10,641.90;Yes;743740;2024-09-30;1;
710111;107258;93;BG 2024 - PE;2024-11-27 12:52:00;OMV EVRO DIZEL;95.02;18,148.82;3,024.80;00462934;28059;28059;                  ;SR;BULEVAR;OMV EVRO DIZEL;191.000;18,148.82;0.00;0.00;3,024.80;RSD;8914404050;2024-11-30;YES;NO;117;OMV-RS;;;;D;18,718.90;Yes;725316;2024-11-27;1;
710111;107258;93;BG 2024 - PE;2024-12-12 11:54:00;OMV EVRO DIZEL;92.02;17,391.78;2,898.63;00271796;28857;28857;                  ;SR;LAPOVO SEVER;OMV EVRO DIZEL;189.000;17,391.78;0.00;0.00;2,898.63;RSD;8914406383;2024-12-15;YES;NO;217;OMV-RS;;;;D;18,035.90;Yes;715544;2024-12-12;1;
710111;107258;93;BG 2024 - PE;2025-04-09 09:04:00;ED MAXXMOTION;47.02;9,869.50;1,644.92;00039231;30030;30030;                  ;SR;DOBANOVCI-SURCIN;ED MAXXMOTION;209.900;9,869.50;0.00;0.00;1,644.92;RSD;8915367133;2025-04-15;YES;NO;217;OMV-RS;;;;D;0.00;No;790227;2025-04-09;1;
710111;107258;93;BG 2024 - PE;2025-04-09 09:12:00;AdBlue;20.58;1,837.38;306.23;00090168;0;0;                  ;SR;DOBANOVCI-SURCIN;AdBlue;89.280;1,837.38;0.00;0.00;306.23;RSD;8915367133;2025-04-15;YES;NO;217;OMV-RS;;;;D;2,757.70;Yes;791058;2025-04-09;1;
710111;107258;93;BG 2024 - PE;2025-04-22 11:16:00;OMV EVRO DIZEL;60.00;10,980.00;1,830.00;00053757;0;0;                  ;SR;BUBANJ POTOK;OMV EVRO DIZEL;183.000;10,980.00;0.00;0.00;1,830.00;RSD;8915369797;2025-04-30;YES;NO;217;OMV-RS;;;;D;11,340.00;Yes;711823;2025-04-22;1;
710111;107258;93;BG 2024 - PE;2025-04-27 11:00:00;OMV EVRO DIZEL;60.00;10,980.00;1,830.00;00040296;12589;12589;                  ;SR;UZICE;OMV EVRO DIZEL;183.000;10,980.00;0.00;0.00;1,830.00;RSD;8915369797;2025-04-30;YES;NO;117;OMV-RS;;;;D;11,340.00;Yes;710059;2025-04-27;1;
710111;107258;93;BG 2024 - PE;2025-05-05 12:35:00;OMV EVRO DIZEL;80.00;14,560.00;2,426.67;00031618;29872;29872;                  ;SR;LAPOVO JUG;OMV EVRO DIZEL;182.000;14,560.00;0.00;0.00;2,426.67;RSD;8915372197;2025-05-15;YES;NO;217;OMV-RS;;;;D;15,040.00;Yes;723542;2025-05-05;1;
710111;107258;93;BG 2024 - PE;2025-05-09 09:33:00;OMV EVRO DIZEL;70.00;12,740.00;2,123.33;00031033;30191;30191;                  ;SR;BOLJEVAC;OMV EVRO DIZEL;182.000;12,740.00;0.00;0.00;2,123.33;RSD;8915372197;2025-05-15;YES;NO;117;OMV-RS;;;;D;13,160.00;Yes;793846;2025-05-09;1;
710111;107258;93;BG 2024 - PE;2025-07-07 10:08:00;OMV EVRO DIZEL;77.00;14,476.00;2,412.67;00041989;30499;30499;                  ;SR;BUBANJ POTOK;OMV EVRO DIZEL;188.000;14,476.00;0.00;0.00;2,412.67;RSD;8915382357;2025-07-15;YES;NO;217;OMV-RS;;;;D;14,938.00;Yes;700856;2025-07-07;1;
710111;107258;93;BG 2024 - PE;2025-07-10 14:07:00;OMV EVRO DIZEL;65.02;12,223.76;2,037.29;00058792;30700;30700;                  ;SR;LAPOVO SEVER;OMV EVRO DIZEL;188.000;12,223.76;0.00;0.00;2,037.29;RSD;8915382357;2025-07-15;YES;NO;217;OMV-RS;;;;D;12,613.90;Yes;740718;2025-07-10;1;
710111;107258;93;BG 2024 - PE;2025-08-04 10:50:00;OMV EVRO DIZEL;90.00;17,100.00;2,850.00;00101786;31141;31141;                  ;SR;CELIJE;OMV EVRO DIZEL;190.000;17,100.00;0.00;0.00;2,850.00;RSD;8915387463;2025-08-15;YES;NO;117;OMV-RS;;;;D;17,640.00;Yes;705026;2025-08-04;1;
710111;107258;93;BG 2024 - PE;2025-08-11 09:16:00;OMV EVRO DIZEL;63.00;11,718.00;1,953.00;00130666;31410;31410;                  ;SR;BUBANJ POTOK;OMV EVRO DIZEL;186.000;11,718.00;0.00;0.00;1,953.00;RSD;8915387463;2025-08-15;YES;NO;217;OMV-RS;;;;D;12,159.00;Yes;791708;2025-08-11;1;
710111;107258;93;BG 2024 - PE;2025-09-04 13:49:00;OMV EVRO DIZEL;70.01;13,021.86;2,170.31;00089415;31935;31935;                  ;SR;DOBANOVCI-SURCIN;OMV EVRO DIZEL;186.000;13,021.86;0.00;0.00;2,170.31;RSD;8915392542;2025-09-15;YES;NO;217;OMV-RS;;;;D;13,511.90;Yes;734914;2025-09-04;1;
710111;107258;93;BG 2024 - PE;2025-09-04 13:53:00;AdBlue;22.40;2,134.27;355.71;00165715;31935;31935;                  ;SR;DOBANOVCI-SURCIN;AdBlue;95.280;2,134.27;0.00;0.00;355.71;RSD;8915392542;2025-09-15;YES;NO;217;OMV-RS;;;;D;3,001.60;Yes;735353;2025-09-04;1;
710111;107258;119;BG 2091 - GZ;2024-01-09 06:30:00;OMV EVRO DIZEL;76.62;14,059.77;2,343.29;00135710;0;0;                  ;SR;BUBANJ POTOK;OMV EVRO DIZEL;183.500;14,059.77;0.00;0.00;2,343.29;RSD;8914352150;2024-01-15;YES;NO;217;OMV-RS;;;;D;14,864.30;Yes;763011;2024-01-09;1;
710111;107258;119;BG 2091 - GZ;2024-01-10 06:42:00;OMV EVRO DIZEL;77.29;14,182.72;2,363.79;00125366;0;0;                  ;SR;LAPOVO JUG;OMV EVRO DIZEL;183.500;14,182.72;0.00;0.00;2,363.79;RSD;8914352150;2024-01-15;YES;NO;217;OMV-RS;;;;D;14,994.30;Yes;764253;2024-01-10;1;
710111;107258;119;BG 2091 - GZ;2024-01-13 08:37:00;OMV EVRO DIZEL;77.30;14,184.55;2,364.09;00015561;0;0;                  ;SR;TRSTENIK;OMV EVRO DIZEL;183.500;14,184.55;0.00;0.00;2,364.09;RSD;8914352150;2024-01-15;YES;NO;117;OMV-RS;;;;D;14,996.20;Yes;783741;2024-01-13;1;
710111;107258;119;BG 2091 - GZ;2024-01-16 14:59:00;OMV EVRO DIZEL;67.74;12,430.29;2,071.71;00220165;0;0;                  ;SR;ADA CIGANLIJA;OMV EVRO DIZEL;183.500;12,430.29;0.00;0.00;2,071.71;RSD;8914354763;2024-01-31;YES;NO;217;OMV-RS;;;;D;13,141.60;Yes;750229;2024-01-16;1;
710111;107258;119;BG 2091 - GZ;2024-01-19 12:05:00;OMV EVRO DIZEL;66.01;12,112.84;2,018.81;00281398;132987;132987;                  ;SR;OBILAZNICA 1;OMV EVRO DIZEL;183.500;12,112.84;0.00;0.00;2,018.81;RSD;8914354763;2024-01-31;YES;NO;217;OMV-RS;;;;D;12,805.90;Yes;720551;2024-01-19;1;
710111;107258;119;BG 2091 - GZ;2024-01-26 12:57:00;EDMAXXM ZIMSKI;61.46;12,531.70;2,088.62;00132186;133365;133365;                  ;SR;INDJIJA;EDMAXXM ZIMSKI;203.900;12,531.70;0.00;0.00;2,088.62;RSD;8914354763;2024-01-31;YES;NO;117;OMV-RS;;;;D;0.00;No;725719;2024-01-26;1;
710111;107258;119;BG 2091 - GZ;2024-02-02 06:37:00;EDMAXXM ZIMSKI;66.67;14,460.70;2,410.12;00286523;12365;12365;                  ;SR;OBILAZNICA 1;EDMAXXM ZIMSKI;216.900;14,460.70;0.00;0.00;2,410.12;RSD;8914357027;2024-02-15;YES;NO;217;OMV-RS;;;;D;0.00;No;763725;2024-02-02;1;
710111;107258;119;BG 2091 - GZ;2024-02-12 07:41:00;OMV EVRO DIZEL;61.00;11,620.50;1,936.75;00385793;0;0;                  ;SR;LAPOVO JUG;OMV EVRO DIZEL;190.500;11,620.50;0.00;0.00;1,936.75;RSD;8914357027;2024-02-15;YES;NO;217;OMV-RS;;;;D;12,322.00;Yes;774149;2024-02-12;1;
710111;107258;119;BG 2091 - GZ;2024-02-13 09:23:00;OMV EVRO DIZEL;57.82;11,014.71;1,835.78;00320147;0;0;                  ;SR;RUMA;OMV EVRO DIZEL;190.500;11,014.71;0.00;0.00;1,835.78;RSD;8914357027;2024-02-15;YES;NO;217;OMV-RS;;;;D;11,679.60;Yes;792358;2024-02-13;1;
710111;107258;119;BG 2091 - GZ;2024-02-19 13:02:00;EDMAXXM ZIMSKI;70.43;14,994.50;2,499.08;00400325;0;0;                  ;SR;ADA CIGANLIJA;EDMAXXM ZIMSKI;212.899;14,994.50;0.00;0.00;2,499.08;RSD;8914359644;2024-02-29;YES;NO;217;OMV-RS;;;;D;0.00;No;730556;2024-02-19;1;
710111;107258;119;BG 2091 - GZ;2024-03-01 08:33:00;OMV EVRO DIZEL;49.58;9,717.68;1,619.61;00326983;0;0;                  ;SR;RUMA;OMV EVRO DIZEL;196.000;9,717.68;0.00;0.00;1,619.61;RSD;8914361928;2024-03-15;YES;NO;217;OMV-RS;;;;D;10,213.50;Yes;783326;2024-03-01;1;
710111;107258;119;BG 2091 - GZ;2024-03-05 08:32:00;EDMAXXM ZIMSKI;67.25;14,990.00;2,498.33;00396121;0;0;                  ;SR;LAPOVO JUG;EDMAXXM ZIMSKI;222.900;14,990.00;0.00;0.00;2,498.33;RSD;8914361928;2024-03-15;YES;NO;217;OMV-RS;;;;D;0.00;No;783254;2024-03-05;1;
710111;107258;119;BG 2091 - GZ;2024-03-06 12:55:00;OMV EVRO DIZEL;67.05;12,974.18;2,162.36;00408449;0;0;                  ;SR;ADA CIGANLIJA;OMV EVRO DIZEL;193.500;12,974.18;0.00;0.00;2,162.36;RSD;8914361928;2024-03-15;YES;NO;217;OMV-RS;;;;D;13,678.20;Yes;730024;2024-03-06;1;
710111;107258;119;BG 2091 - GZ;2024-03-08 08:29:00;OMV EVRO DIZEL;36.92;7,144.02;1,190.67;00329842;0;0;                  ;SR;RUMA;OMV EVRO DIZEL;193.500;7,144.02;0.00;0.00;1,190.67;RSD;8914361928;2024-03-15;YES;NO;217;OMV-RS;;;;D;7,531.70;Yes;783007;2024-03-08;1;
710111;107258;119;BG 2091 - GZ;2024-03-11 11:55:00;EDMAXXM ZIMSKI;38.82;8,575.30;1,429.22;00141811;0;0;                  ;SR;LAPOVO JUG;EDMAXXM ZIMSKI;220.899;8,575.30;0.00;0.00;1,429.22;RSD;8914361928;2024-03-15;YES;NO;217;OMV-RS;;;;D;0.00;No;715508;2024-03-11;1;
710111;107258;119;BG 2091 - GZ;2024-03-12 11:21:00;OMV EVRO DIZEL;56.34;10,789.11;1,798.18;00142048;0;0;                  ;SR;LAPOVO JUG;OMV EVRO DIZEL;191.500;10,789.11;0.00;0.00;1,798.18;RSD;8914361928;2024-03-15;YES;NO;217;OMV-RS;;;;D;11,380.70;Yes;712151;2024-03-12;1;
710111;107258;119;BG 2091 - GZ;2024-03-13 06:05:00;EDMAXXM ZIMSKI;42.29;8,876.70;1,479.45;00243234;0;0;                  ;SR;ADA CIGANLIJA;EDMAXXM ZIMSKI;209.901;8,876.70;0.00;0.00;1,479.45;RSD;8914361928;2024-03-15;YES;NO;217;OMV-RS;;;;D;0.00;No;761029;2024-03-13;1;
710111;107258;119;BG 2091 - GZ;2024-03-15 18:16:00;OMV EVRO DIZEL;66.13;12,498.57;2,083.09;00401351;0;0;                  ;SR;KRALJEVO;OMV EVRO DIZEL;189.000;12,498.57;0.00;0.00;2,083.09;RSD;8914361928;2024-03-15;YES;NO;117;OMV-RS;;;;D;13,159.90;Yes;781615;2024-03-15;1;
710111;107258;119;BG 2091 - GZ;2024-03-18 07:41:00;OMV EVRO DIZEL;45.50;8,599.50;1,433.25;00401858;0;0;                  ;SR;LAPOVO JUG;OMV EVRO DIZEL;189.000;8,599.50;0.00;0.00;1,433.25;RSD;8914364543;2024-03-31;YES;NO;217;OMV-RS;;;;D;9,054.50;Yes;774135;2024-03-18;1;
710111;107258;119;BG 2091 - GZ;2024-03-19 11:21:00;EDMAXXM ZIMSKI;59.53;12,971.60;2,161.93;00143830;0;0;                  ;SR;LAPOVO JUG;EDMAXXM ZIMSKI;217.900;12,971.60;0.00;0.00;2,161.93;RSD;8914364543;2024-03-31;YES;NO;217;OMV-RS;;;;D;0.00;No;712134;2024-03-19;1;
710111;107258;119;BG 2091 - GZ;2024-03-23 12:35:00;OMV EVRO DIZEL;67.27;12,747.67;2,124.61;00434418;0;0;                  ;SR;BESKA 2;OMV EVRO DIZEL;189.500;12,747.67;0.00;0.00;2,124.61;RSD;8914364543;2024-03-31;YES;NO;217;OMV-RS;;;;D;13,521.30;Yes;723607;2024-03-23;1;
710111;107258;119;BG 2091 - GZ;2024-04-02 11:23:00;OMV EVRO DIZEL;64.55;12,199.95;2,033.32;00409961;140041;140041;                  ;SR;LAPOVO JUG;OMV EVRO DIZEL;189.000;12,199.95;0.00;0.00;2,033.32;RSD;8914366835;2024-04-15;YES;NO;217;OMV-RS;;;;D;13,103.70;Yes;712402;2024-04-02;1;
710111;107258;119;BG 2091 - GZ;2024-04-02 16:46:00;AdBlue;12.73;1,285.73;214.29;00159498;0;0;                  ;SR;LAPOVO SEVER;AdBlue;110.000;1,400.30;95.48;0.00;214.29;RSD;8914366835;2024-04-15;YES;NO;217;OMV-RS;;;;D;0.00;No;765125;2024-04-02;1;
710111;107258;119;BG 2091 - GZ;2024-04-03 09:28:00;OMV EVRO DIZEL;73.89;13,965.21;2,327.53;00240009;140594;140594;                  ;SR;TRSTENIK;OMV EVRO DIZEL;189.000;13,965.21;0.00;0.00;2,327.53;RSD;8914366835;2024-04-15;YES;NO;117;OMV-RS;;;;D;14,999.70;Yes;792831;2024-04-03;1;
710111;107258;119;BG 2091 - GZ;2024-04-04 09:28:00;OMV EVRO DIZEL;65.36;12,353.04;2,058.84;00240373;0;0;                  ;SR;TRSTENIK;OMV EVRO DIZEL;189.000;12,353.04;0.00;0.00;2,058.84;RSD;8914366835;2024-04-15;YES;NO;117;OMV-RS;;;;D;13,268.10;Yes;792817;2024-04-04;1;
710111;107258;119;BG 2091 - GZ;2024-04-08 12:13:00;ED MAXXMOTION;66.07;14,991.30;2,498.55;00440554;141585;141585;                  ;SR;BESKA 1;ED MAXXMOTION;226.900;14,991.30;0.00;0.00;2,498.55;RSD;8914366835;2024-04-15;YES;NO;217;OMV-RS;;;;D;0.00;No;721416;2024-04-08;1;
710111;107258;119;BG 2091 - GZ;2024-04-15 10:56:00;OMV EVRO DIZEL;67.53;12,965.76;2,160.96;00242293;0;0;                  ;SR;NOVI SAD;OMV EVRO DIZEL;192.000;12,965.76;0.00;0.00;2,160.96;RSD;8914366835;2024-04-15;YES;NO;217;OMV-RS;;;;D;13,911.20;Yes;705642;2024-04-15;1;
710111;107258;119;BG 2091 - GZ;2024-04-16 16:17:00;OMV EVRO DIZEL;68.08;13,071.36;2,178.56;00164860;0;0;                  ;SR;LAPOVO SEVER;OMV EVRO DIZEL;192.000;13,071.36;0.00;0.00;2,178.56;RSD;8914369474;2024-04-30;YES;NO;217;OMV-RS;;;;D;14,024.50;Yes;762309;2024-04-16;1;
710111;107258;119;BG 2091 - GZ;2024-04-18 16:28:00;OMV EVRO DIZEL;59.38;11,400.96;1,900.16;00165534;143000;143000;                  ;SR;LAPOVO SEVER;OMV EVRO DIZEL;192.000;11,400.96;0.00;0.00;1,900.16;RSD;8914369474;2024-04-30;YES;NO;217;OMV-RS;;;;D;12,232.30;Yes;763434;2024-04-18;1;
710111;107258;119;BG 2091 - GZ;2024-04-20 10:55:00;OMV EVRO DIZEL;78.72;15,114.24;2,519.04;00421797;143000;143000;                  ;SR;KRALJEVO;OMV EVRO DIZEL;192.000;15,114.24;0.00;0.00;2,519.04;RSD;8914369474;2024-04-30;YES;NO;117;OMV-RS;;;;D;16,216.30;Yes;705554;2024-04-20;1;
710111;107258;119;BG 2091 - GZ;2024-04-24 06:47:00;OMV EVRO DIZEL;68.49;13,150.08;2,191.68;00378487;0;0;                  ;SR;BUBANJ POTOK;OMV EVRO DIZEL;192.000;13,150.08;0.00;0.00;2,191.68;RSD;8914369474;2024-04-30;YES;NO;217;OMV-RS;;;;D;14,108.90;Yes;764720;2024-04-24;1;
710111;107258;119;BG 2091 - GZ;2024-04-26 10:52:00;OMV EVRO DIZEL;68.47;13,146.24;2,191.04;00260632;0;0;                  ;SR;ADA CIGANLIJA;OMV EVRO DIZEL;192.000;13,146.24;0.00;0.00;2,191.04;RSD;8914369474;2024-04-30;YES;NO;217;OMV-RS;;;;D;14,104.80;Yes;705828;2024-04-26;1;
710111;107258;119;BG 2091 - GZ;2024-04-27 12:57:00;OMV EVRO DIZEL;45.74;8,782.08;1,463.68;00261841;0;0;                  ;SR;ADA CIGANLIJA;OMV EVRO DIZEL;192.000;8,782.08;0.00;0.00;1,463.68;RSD;8914369474;2024-04-30;YES;NO;217;OMV-RS;;;;D;9,422.40;Yes;730353;2024-04-27;1;
710111;107258;119;BG 2091 - GZ;2024-04-29 09:20:00;ED MAXXMOTION;50.49;10,799.80;1,799.97;00262506;0;0;                  ;SR;ADA CIGANLIJA;ED MAXXMOTION;213.900;10,799.80;0.00;0.00;1,799.97;RSD;8914369474;2024-04-30;YES;NO;217;OMV-RS;;;;D;0.00;No;792729;2024-04-29;1;
710111;107258;119;BG 2091 - GZ;2024-04-29 09:22:00;AdBlue Kanister;1.00;1,999.00;333.17;00262507;0;0;                  ;SR;ADA CIGANLIJA;AdBlue Kanister;1,999.000;1,999.00;0.00;0.00;333.17;RSD;8914369474;2024-04-30;YES;NO;217;OMV-RS;;;;D;0.00;No;792911;2024-04-29;1;
710111;107258;119;BG 2091 - GZ;2024-04-30 11:57:00;OMV EVRO DIZEL;69.00;13,248.00;2,208.00;00249620;0;0;                  ;SR;TRSTENIK;OMV EVRO DIZEL;192.000;13,248.00;0.00;0.00;2,208.00;RSD;8914369474;2024-04-30;YES;NO;117;OMV-RS;;;;D;14,214.00;Yes;715806;2024-04-30;1;
710111;107258;119;BG 2091 - GZ;2024-05-08 11:01:00;OMV EVRO DIZEL;29.72;5,706.24;951.04;00444427;0;0;                  ;SR;ADA CIGANLIJA;OMV EVRO DIZEL;192.000;5,706.24;0.00;0.00;951.04;RSD;8914371718;2024-05-15;YES;NO;217;OMV-RS;;;;D;6,092.60;Yes;710834;2024-05-08;1;
710111;107258;119;BG 2091 - GZ;2024-05-09 13:17:00;OMV EVRO DIZEL;73.16;14,010.14;2,335.02;00433004;146796;146796;                  ;SR;KRALJEVO;OMV EVRO DIZEL;191.500;14,010.14;0.00;0.00;2,335.02;RSD;8914371718;2024-05-15;YES;NO;117;OMV-RS;;;;D;14,997.80;Yes;731743;2024-05-09;1;
710111;107258;119;BG 2091 - GZ;2024-05-14 09:52:00;OMV EVRO DIZEL;73.84;13,992.68;2,332.11;00018396;0;0;                  ;SR;TRSTENIK;OMV EVRO DIZEL;189.500;13,992.68;0.00;0.00;2,332.11;RSD;8914371718;2024-05-15;YES;NO;117;OMV-RS;;;;D;14,989.50;Yes;795251;2024-05-14;1;
710111;107258;119;BG 2091 - GZ;2024-05-24 08:14:00;OMV EVRO DIZEL;74.61;13,989.38;2,331.56;00470547;0;0;                  ;SR;BESKA 2;OMV EVRO DIZEL;187.500;13,989.38;0.00;0.00;2,331.56;RSD;8914374363;2024-05-31;YES;NO;217;OMV-RS;;;;D;14,996.60;Yes;781430;2024-05-24;1;
710111;107258;119;BG 2091 - GZ;2024-05-27 19:31:00;OMV EVRO DIZEL;63.00;11,812.50;1,968.75;00456399;148405;148405;                  ;SR;ADA CIGANLIJA;OMV EVRO DIZEL;187.500;11,812.50;0.00;0.00;1,968.75;RSD;8914374363;2024-05-31;YES;NO;217;OMV-RS;;;;D;12,663.00;Yes;793843;2024-05-27;1;
710111;107258;119;BG 2091 - GZ;2024-06-01 13:34:00;OMV EVRO DIZEL;66.30;12,431.25;2,071.87;00446550;0;0;                  ;SR;KRALJEVO;OMV EVRO DIZEL;187.500;12,431.25;0.00;0.00;2,071.87;RSD;8914376641;2024-06-15;YES;NO;117;OMV-RS;;;;D;13,326.30;Yes;733430;2024-06-01;1;
710111;107258;119;BG 2091 - GZ;2024-06-04 12:24:00;AdBlue Kanister;1.00;2,099.00;349.83;00448289;0;0;                  ;SR;KRALJEVO;AdBlue Kanister;2,099.000;2,099.00;0.00;0.00;349.83;RSD;8914376641;2024-06-15;YES;NO;117;OMV-RS;;;;D;0.00;No;722443;2024-06-04;1;
710111;107258;119;BG 2091 - GZ;2024-06-04 12:24:00;OMV EVRO DIZEL;50.93;9,549.38;1,591.56;00448289;0;0;                  ;SR;KRALJEVO;OMV EVRO DIZEL;187.500;9,549.38;0.00;0.00;1,591.56;RSD;8914376641;2024-06-15;YES;NO;117;OMV-RS;;;;D;10,236.90;Yes;722443;2024-06-04;1;
710111;107258;119;BG 2091 - GZ;2024-06-06 16:35:00;OMV EVRO DIZEL;70.11;13,145.63;2,190.94;00187294;0;0;                  ;SR;LAPOVO SEVER;OMV EVRO DIZEL;187.500;13,145.63;0.00;0.00;2,190.94;RSD;8914376641;2024-06-15;YES;NO;217;OMV-RS;;;;D;14,092.10;Yes;764223;2024-06-06;1;
710111;107258;119;BG 2091 - GZ;2024-06-07 12:18:00;OMV EVRO DIZEL;59.31;11,120.63;1,853.44;00372779;0;0;                  ;SR;LAPOVO SEVER;OMV EVRO DIZEL;187.500;11,120.63;0.00;0.00;1,853.44;RSD;8914376641;2024-06-15;YES;NO;217;OMV-RS;;;;D;11,921.30;Yes;722528;2024-06-07;1;
710111;107258;119;BG 2091 - GZ;2024-06-08 16:01:00;OMV EVRO DIZEL;73.97;13,721.44;2,286.91;00373473;73145;73145;                  ;SR;LAPOVO SEVER;OMV EVRO DIZEL;185.500;13,721.44;0.00;0.00;2,286.91;RSD;8914376641;2024-06-15;YES;NO;217;OMV-RS;;;;D;14,720.00;Yes;760822;2024-06-08;1;
710111;107258;119;BG 2091 - GZ;2024-06-12 14:48:00;OMV EVRO DIZEL;61.11;11,335.91;1,889.32;00375764;15251;15251;                  ;SR;LAPOVO SEVER;OMV EVRO DIZEL;185.500;11,335.91;0.00;0.00;1,889.32;RSD;8914376641;2024-06-15;YES;NO;217;OMV-RS;;;;D;12,160.90;Yes;745600;2024-06-12;1;
710111;107258;119;BG 2091 - GZ;2024-06-17 15:14:00;ED MAXXMOTION;70.51;14,800.00;2,466.67;00470302;151415;151415;                  ;SR;ADA CIGANLIJA;ED MAXXMOTION;209.899;14,800.00;0.00;0.00;2,466.67;RSD;8914379249;2024-06-30;YES;NO;217;OMV-RS;;;;D;0.00;No;751425;2024-06-17;1;
710111;107258;119;BG 2091 - GZ;2024-06-21 10:31:00;OMV EVRO DIZEL;69.06;13,086.87;2,181.14;00458924;0;0;                  ;SR;LAPOVO JUG;OMV EVRO DIZEL;189.500;13,086.87;0.00;0.00;2,181.14;RSD;8914379249;2024-06-30;YES;NO;217;OMV-RS;;;;D;13,881.10;Yes;703201;2024-06-21;1;
710111;107258;119;BG 2091 - GZ;2024-06-22 07:17:00;OMV EVRO DIZEL;73.91;14,079.86;2,346.64;00459638;0;0;                  ;SR;LAPOVO JUG;OMV EVRO DIZEL;190.500;14,079.86;0.00;0.00;2,346.64;RSD;8914379249;2024-06-30;YES;NO;217;OMV-RS;;;;D;15,003.70;Yes;771729;2024-06-22;1;
710111;107258;119;BG 2091 - GZ;2024-06-24 11:21:00;OMV EVRO DIZEL;70.00;13,335.00;2,222.50;00460590;0;0;                  ;SR;KRALJEVO;OMV EVRO DIZEL;190.500;13,335.00;0.00;0.00;2,222.50;RSD;8914379249;2024-06-30;YES;NO;117;OMV-RS;;;;D;14,210.00;Yes;712123;2024-06-24;1;
710111;107258;119;BG 2091 - GZ;2024-06-25 12:32:00;AdBlue Kanister;1.00;2,099.00;349.83;00461277;0;0;                  ;SR;KRALJEVO;AdBlue Kanister;2,099.000;2,099.00;0.00;0.00;349.83;RSD;8914379249;2024-06-30;YES;NO;117;OMV-RS;;;;D;0.00;No;723240;2024-06-25;1;
710111;107258;119;BG 2091 - GZ;2024-06-25 15:00:00;OMV EVRO DIZEL;73.63;14,026.52;2,337.75;00280735;0;0;                  ;SR;ADA CIGANLIJA;OMV EVRO DIZEL;190.500;14,026.52;0.00;0.00;2,337.75;RSD;8914379249;2024-06-30;YES;NO;217;OMV-RS;;;;D;14,946.90;Yes;750034;2024-06-25;1;
710111;107258;119;BG 2091 - GZ;2024-07-08 08:05:00;OMV EVRO DIZEL;57.71;11,397.73;1,899.62;00388228;0;0;                  ;SR;RUMA;OMV EVRO DIZEL;197.500;11,397.73;0.00;0.00;1,899.62;RSD;8914381538;2024-07-15;YES;NO;217;OMV-RS;;;;D;12,003.70;Yes;780540;2024-07-08;1;
710111;107258;119;BG 2091 - GZ;2024-07-10 14:10:00;OMV EVRO DIZEL;72.13;14,065.35;2,344.22;00290081;0;0;                  ;SR;ADA CIGANLIJA;OMV EVRO DIZEL;195.000;14,065.35;0.00;0.00;2,344.22;RSD;8914381538;2024-07-15;YES;NO;217;OMV-RS;;;;D;15,003.00;Yes;741040;2024-07-10;1;
710111;107258;119;BG 2091 - GZ;2024-07-13 09:51:00;ED MAXXMOTION;69.16;15,000.80;2,500.13;00487634;0;0;                  ;SR;ADA CIGANLIJA;ED MAXXMOTION;216.900;15,000.80;0.00;0.00;2,500.13;RSD;8914381538;2024-07-15;YES;NO;217;OMV-RS;;;;D;0.00;No;795122;2024-07-13;1;
710111;107258;119;BG 2091 - GZ;2024-07-22 07:51:00;ED MAXXMOTION;51.82;11,809.80;1,968.30;00201867;0;0;                  ;SR;RUMA;ED MAXXMOTION;227.900;11,809.80;0.00;0.00;1,968.30;RSD;8914384146;2024-07-31;YES;NO;217;OMV-RS;;;;D;0.00;No;775143;2024-07-22;1;
710111;107258;119;BG 2091 - GZ;2024-07-29 08:19:00;OMV EVRO DIZEL;43.35;8,106.45;1,351.07;00204979;155954;155954;                  ;SR;RUMA;OMV EVRO DIZEL;187.000;8,106.45;0.00;0.00;1,351.07;RSD;8914384146;2024-07-31;YES;NO;217;OMV-RS;;;;D;8,756.70;Yes;781919;2024-07-29;1;
710111;107258;119;BG 2091 - GZ;2024-08-02 09:54:00;ED MAXXMOTION;77.29;17,382.50;2,897.08;00514994;156325;156325;                  ;SR;BESKA 2;ED MAXXMOTION;224.900;17,382.50;0.00;0.00;2,897.08;RSD;8914386444;2024-08-15;YES;NO;217;OMV-RS;;;;D;0.00;No;795439;2024-08-02;1;
710111;107258;119;BG 2091 - GZ;2024-08-14 07:54:00;OMV EVRO DIZEL;49.33;9,076.72;1,512.79;00411019;0;0;                  ;SR;RUMA;OMV EVRO DIZEL;184.000;9,076.72;0.00;0.00;1,512.79;RSD;8914386444;2024-08-15;YES;NO;217;OMV-RS;;;;D;9,767.30;Yes;775443;2024-08-14;1;
710111;107258;119;BG 2091 - GZ;2024-08-22 17:18:00;ED MAXXMOTION;81.00;16,758.90;2,793.15;00510868;142515;142515;                  ;SR;ADA CIGANLIJA;ED MAXXMOTION;206.900;16,758.90;0.00;0.00;2,793.15;RSD;8914389074;2024-08-31;YES;NO;217;OMV-RS;;;;D;0.00;No;771836;2024-08-22;1;
710111;107258;119;BG 2091 - GZ;2024-08-22 18:16:00;AdBlue;11.02;763.47;127.24;00399300;14529;14529;                  ;SR;OBILAZNICA 1;AdBlue;69.280;763.47;0.00;0.00;127.24;RSD;8914389074;2024-08-31;YES;NO;217;OMV-RS;;;;D;1,366.50;Yes;781633;2024-08-22;1;
710111;107258;119;BG 2091 - GZ;2024-08-30 12:50:00;OMV EVRO DIZEL;70.07;12,682.67;2,113.78;00424473;0;0;                  ;SR;RUMA;OMV EVRO DIZEL;181.000;12,682.67;0.00;0.00;2,113.78;RSD;8914389074;2024-08-31;YES;NO;217;OMV-RS;;;;D;13,663.70;Yes;725010;2024-08-30;1;
710111;107258;119;BG 2091 - GZ;2024-09-06 07:50:00;ED MAXXMOTION;73.94;15,002.40;2,500.40;00519724;158709;158709;                  ;SR;ADA CIGANLIJA;ED MAXXMOTION;202.900;15,002.40;0.00;0.00;2,500.40;RSD;8914391411;2024-09-15;YES;NO;217;OMV-RS;;;;D;0.00;No;775013;2024-09-06;1;
710111;107258;119;BG 2091 - GZ;2024-09-16 12:48:00;OMV EVRO DIZEL;58.31;10,350.03;1,725.00;00328918;150981;150981;                  ;SR;UZICE;OMV EVRO DIZEL;177.500;10,350.03;0.00;0.00;1,725.00;RSD;8914394055;2024-09-30;YES;NO;117;OMV-RS;;;;D;11,137.20;Yes;724903;2024-09-16;1;
710111;107258;119;BG 2091 - GZ;2024-09-25 14:05:00;ED MAXXMOTION;75.40;14,997.10;2,499.52;00321828;0;0;                  ;SR;ADA CIGANLIJA;ED MAXXMOTION;198.901;14,997.10;0.00;0.00;2,499.52;RSD;8914394055;2024-09-30;YES;NO;217;OMV-RS;;;;D;0.00;No;740549;2024-09-25;1;
710111;107258;119;BG 2091 - GZ;2024-09-30 07:17:00;OMV EVRO DIZEL;75.94;13,479.35;2,246.56;00530749;0;0;                  ;SR;ADA CIGANLIJA;OMV EVRO DIZEL;177.500;13,479.35;0.00;0.00;2,246.56;RSD;8914394055;2024-09-30;YES;NO;217;OMV-RS;;;;D;14,428.60;Yes;771733;2024-09-30;1;
710111;107258;119;BG 2091 - GZ;2024-10-02 07:21:00;OMV EVRO DIZEL;75.74;13,443.85;2,240.64;00325163;0;0;                  ;SR;ADA CIGANLIJA;OMV EVRO DIZEL;177.500;13,443.85;0.00;0.00;2,240.64;RSD;8914396403;2024-10-15;YES;NO;217;OMV-RS;;;;D;14,390.60;Yes;772127;2024-10-02;1;
710111;107258;119;BG 2091 - GZ;2024-10-05 07:13:00;OMV EVRO DIZEL;56.96;10,167.36;1,694.56;00533009;0;0;                  ;SR;ADA CIGANLIJA;OMV EVRO DIZEL;178.500;10,167.36;0.00;0.00;1,694.56;RSD;8914396403;2024-10-15;YES;NO;217;OMV-RS;;;;D;10,879.40;Yes;771339;2024-10-05;1;
710111;107258;119;BG 2091 - GZ;2024-10-07 09:53:00;OMV EVRO DIZEL;55.63;9,929.96;1,654.99;00093855;0;0;                  ;SR;CACAK;OMV EVRO DIZEL;178.500;9,929.96;0.00;0.00;1,654.99;RSD;8914396403;2024-10-15;YES;NO;217;OMV-RS;;;;D;10,625.30;Yes;795328;2024-10-07;1;
710111;107258;119;BG 2091 - GZ;2024-10-07 09:56:00;AdBlue;15.03;1,041.28;173.55;00093856;0;0;                  ;SR;CACAK;AdBlue;69.280;1,041.28;0.00;0.00;173.55;RSD;8914396403;2024-10-15;YES;NO;217;OMV-RS;;;;D;1,653.30;Yes;795650;2024-10-07;1;
710111;107258;119;BG 2091 - GZ;2024-10-09 11:34:00;OMV EVRO DIZEL;47.00;8,648.00;1,441.33;00027108;161927;161927;                  ;SR;TRSTENIK;OMV EVRO DIZEL;184.000;8,648.00;0.00;0.00;1,441.33;RSD;8914396403;2024-10-15;YES;NO;117;OMV-RS;;;;D;8,977.00;Yes;713506;2024-10-09;1;
710111;107258;119;BG 2091 - GZ;2024-10-11 07:13:00;ED MAXXMOTION;61.00;12,193.90;2,032.32;00535994;16218;16218;                  ;SR;ADA CIGANLIJA;ED MAXXMOTION;199.900;12,193.90;0.00;0.00;2,032.32;RSD;8914396403;2024-10-15;YES;NO;217;OMV-RS;;;;D;0.00;No;771344;2024-10-11;1;
710111;107258;119;BG 2091 - GZ;2024-10-12 10:50:00;OMV EVRO DIZEL;68.93;12,889.91;2,148.32;00526032;162852;162852;                  ;SR;KRALJEVO;OMV EVRO DIZEL;187.000;12,889.91;0.00;0.00;2,148.32;RSD;8914396403;2024-10-15;YES;NO;117;OMV-RS;;;;D;13,372.40;Yes;705039;2024-10-12;1;
710111;107258;119;BG 2091 - GZ;2024-10-16 12:54:00;ED MAXXMOTION;56.46;11,455.70;1,909.28;00539019;0;0;                  ;SR;ADA CIGANLIJA;ED MAXXMOTION;202.899;11,455.70;0.00;0.00;1,909.28;RSD;8914399056;2024-10-31;YES;NO;217;OMV-RS;;;;D;0.00;No;725417;2024-10-16;1;
710111;107258;119;BG 2091 - GZ;2024-10-18 11:07:00;OMV EVRO DIZEL;66.00;12,342.00;2,057.00;00529200;0;0;                  ;SR;KRALJEVO;OMV EVRO DIZEL;187.000;12,342.00;0.00;0.00;2,057.00;RSD;8914399056;2024-10-31;YES;NO;117;OMV-RS;;;;D;12,804.00;Yes;710714;2024-10-18;1;
710111;107258;119;BG 2091 - GZ;2024-10-21 08:57:00;OMV EVRO DIZEL;67.00;12,596.00;2,099.33;00024839;164408;164408;                  ;SR;DOBANOVCI-SURCIN;OMV EVRO DIZEL;188.000;12,596.00;0.00;0.00;2,099.33;RSD;8914399056;2024-10-31;YES;NO;217;OMV-RS;;;;D;13,065.00;Yes;785750;2024-10-21;1;
710111;107258;119;BG 2091 - GZ;2024-10-24 13:44:00;OMV EVRO DIZEL;62.14;11,682.32;1,947.05;00233964;0;0;                  ;SR;CACAK;OMV EVRO DIZEL;188.000;11,682.32;0.00;0.00;1,947.05;RSD;8914399056;2024-10-31;YES;NO;217;OMV-RS;;;;D;12,117.30;Yes;734419;2024-10-24;1;
710111;107258;119;BG 2091 - GZ;2024-10-28 10:09:00;OMV EVRO DIZEL;73.16;13,607.76;2,267.96;00235050;165000;165000;                  ;SR;CACAK;OMV EVRO DIZEL;186.000;13,607.76;0.00;0.00;2,267.96;RSD;8914399056;2024-10-31;YES;NO;217;OMV-RS;;;;D;14,119.90;Yes;700935;2024-10-28;1;
710111;107258;119;BG 2091 - GZ;2024-10-29 12:39:00;ED MAXXMOTION;54.00;10,902.60;1,817.10;00336019;165852;165852;                  ;SR;ADA CIGANLIJA;ED MAXXMOTION;201.900;10,902.60;0.00;0.00;1,817.10;RSD;8914399056;2024-10-31;YES;NO;217;OMV-RS;;;;D;0.00;No;723923;2024-10-29;1;
710111;107258;119;BG 2091 - GZ;2024-11-07 07:26:00;OMV EVRO DIZEL;61.77;11,427.45;1,904.57;00461009;166859;166859;                  ;SR;RUMA;OMV EVRO DIZEL;185.000;11,427.45;0.00;0.00;1,904.57;RSD;8914401397;2024-11-15;YES;NO;217;OMV-RS;;;;D;11,859.80;Yes;772649;2024-11-07;1;
710111;107258;119;BG 2091 - GZ;2024-11-12 08:54:00;OMV EVRO DIZEL;50.23;9,443.24;1,573.87;00246339;0;0;                  ;SR;RUMA;OMV EVRO DIZEL;188.000;9,443.24;0.00;0.00;1,573.87;RSD;8914401397;2024-11-15;YES;NO;217;OMV-RS;;;;D;9,744.60;Yes;785431;2024-11-12;1;
710111;107258;119;BG 2091 - GZ;2024-11-15 13:30:00;OMV EVRO DIZEL;59.00;11,092.00;1,848.67;00519391;167567;167567;                  ;SR;JURIJA GAGARINA;OMV EVRO DIZEL;188.000;11,092.00;0.00;0.00;1,848.67;RSD;8914401397;2024-11-15;YES;NO;217;OMV-RS;;;;D;11,446.00;Yes;733113;2024-11-15;1;
710111;107258;119;BG 2091 - GZ;2024-11-19 11:33:00;OMV EVRO DIZEL;69.99;13,158.12;2,193.02;00345734;0;0;                  ;SR;JURIJA GAGARINA;OMV EVRO DIZEL;188.000;13,158.12;0.00;0.00;2,193.02;RSD;8914404050;2024-11-30;YES;NO;217;OMV-RS;;;;D;13,578.10;Yes;713348;2024-11-19;1;
710111;107258;119;BG 2091 - GZ;2024-11-19 11:38:00;AdBlue;15.56;1,311.40;218.57;00345743;0;0;                  ;SR;JURIJA GAGARINA;AdBlue;84.280;1,311.40;0.00;0.00;218.57;RSD;8914404050;2024-11-30;YES;NO;217;OMV-RS;;;;D;1,711.60;Yes;713843;2024-11-19;1;
710111;107258;119;BG 2091 - GZ;2024-12-10 14:27:00;OMV EVRO DIZEL;69.26;13,159.40;2,193.23;00594567;0;0;                  ;SR;BESKA 1;OMV EVRO DIZEL;190.000;13,159.40;0.00;0.00;2,193.23;RSD;8914406383;2024-12-15;YES;NO;217;OMV-RS;;;;D;13,575.00;Yes;742758;2024-12-10;1;
710111;107258;119;BG 2091 - GZ;2024-12-27 07:20:00;EDMAXXM ZIMSKI;71.89;14,802.20;2,467.03;00574678;4563;4563;                  ;SR;ADA CIGANLIJA;EDMAXXM ZIMSKI;205.901;14,802.20;0.00;0.00;2,467.03;RSD;8914409008;2024-12-31;YES;NO;217;OMV-RS;;;;D;0.00;No;772131;2024-12-27;1;
710111;107258;119;BG 2091 - GZ;2025-01-09 10:08:00;OMV EVRO DIZEL;56.80;10,905.60;1,817.60;00089349;0;0;                  ;SR;BUBANJ POTOK;OMV EVRO DIZEL;192.000;10,905.60;0.00;0.00;1,817.60;RSD;8915352029;2025-01-15;YES;NO;217;OMV-RS;;;;D;11,303.20;Yes;701229;2025-01-09;1;
710111;107258;119;BG 2091 - GZ;2025-01-22 08:49:00;OMV EVRO DIZEL;73.02;14,457.96;2,409.66;00552992;170304;170304;                  ;SR;BUBANJ POTOK;OMV EVRO DIZEL;198.000;14,457.96;0.00;0.00;2,409.66;RSD;8915354647;2025-01-31;YES;NO;217;OMV-RS;;;;D;14,896.10;Yes;785451;2025-01-22;1;
710111;107258;119;BG 2091 - GZ;2025-01-24 07:59:00;OMV EVRO DIZEL;41.19;8,155.62;1,359.27;00586135;0;0;                  ;SR;ADA CIGANLIJA;OMV EVRO DIZEL;198.000;8,155.62;0.00;0.00;1,359.27;RSD;8915354647;2025-01-31;YES;NO;217;OMV-RS;;;;D;8,402.80;Yes;780110;2025-01-24;1;
710111;107258;119;BG 2091 - GZ;2025-01-31 10:21:00;OMV EVRO DIZEL;63.30;12,533.40;2,088.90;00005625;171020;171020;                  ;SR;BUBANJ POTOK;OMV EVRO DIZEL;198.000;12,533.40;0.00;0.00;2,088.90;RSD;8915354647;2025-01-31;YES;NO;217;OMV-RS;;;;D;12,913.20;Yes;702759;2025-01-31;1;
710111;107258;119;BG 2091 - GZ;2025-02-03 11:10:00;EDMAXXM ZIMSKI;70.60;14,818.90;2,469.82;00003743;171589;171589;                  ;SR;ADA CIGANLIJA;EDMAXXM ZIMSKI;209.899;14,818.90;0.00;0.00;2,469.82;RSD;8915357106;2025-02-15;YES;NO;217;OMV-RS;;;;D;0.00;No;711259;2025-02-03;1;
710111;107258;119;BG 2091 - GZ;2025-02-04 12:57:00;OMV EVRO DIZEL;73.43;14,318.85;2,386.47;00001857;0;0;                  ;SR;JURIJA GAGARINA;OMV EVRO DIZEL;195.000;14,318.85;0.00;0.00;2,386.47;RSD;8915357106;2025-02-15;YES;NO;217;OMV-RS;;;;D;14,759.40;Yes;725733;2025-02-04;1;
710111;107258;119;BG 2091 - GZ;2025-02-07 10:48:00;OMV EVRO DIZEL;74.63;14,552.85;2,425.47;00000285;171750;171750;                  ;SR;LAPOVO SEVER;OMV EVRO DIZEL;195.000;14,552.85;0.00;0.00;2,425.47;RSD;8915359791;2025-02-28;YES;NO;217;OMV-RS;;;;D;15,000.60;Yes;705142;2025-02-07;1;
710111;107258;119;BG 2091 - GZ;2025-02-12 12:56:00;OMV EVRO DIZEL;64.94;12,858.12;2,143.02;00067432;173285;173285;                  ;SR;DOBANOVCI-SURCIN;OMV EVRO DIZEL;198.000;12,858.12;0.00;0.00;2,143.02;RSD;8915359791;2025-02-28;YES;NO;217;OMV-RS;;;;D;13,052.90;Yes;725540;2025-02-12;1;
710111;107258;119;BG 2091 - GZ;2025-02-18 08:16:00;OMV EVRO DIZEL;58.86;11,772.00;1,962.00;00009422;0;0;                  ;SR;ADA CIGANLIJA;OMV EVRO DIZEL;200.000;11,772.00;0.00;0.00;1,962.00;RSD;8915359791;2025-02-28;YES;NO;217;OMV-RS;;;;D;11,948.60;Yes;781912;2025-02-18;1;
710111;107258;119;BG 2091 - GZ;2025-02-22 10:18:00;OMV EVRO DIZEL;67.92;13,584.00;2,264.00;00001660;0;0;                  ;SR;CACAK;OMV EVRO DIZEL;200.000;13,584.00;0.00;0.00;2,264.00;RSD;8915359791;2025-02-28;YES;NO;217;OMV-RS;;;;D;13,855.70;Yes;702052;2025-02-22;1;
710111;107258;119;BG 2091 - GZ;2025-02-26 08:53:00;OMV EVRO DIZEL;63.51;12,702.00;2,117.00;00013230;174584;174584;                  ;SR;LAPOVO JUG;OMV EVRO DIZEL;200.000;12,702.00;0.00;0.00;2,117.00;RSD;8915359791;2025-02-28;YES;NO;217;OMV-RS;;;;D;12,956.00;Yes;785402;2025-02-26;1;
710111;107258;119;BG 2091 - GZ;2025-02-26 15:34:00;AdBlue;15.62;1,316.45;219.41;00010971;147584;147584;                  ;SR;LAPOVO SEVER;AdBlue;84.280;1,316.45;0.00;0.00;219.41;RSD;8915359791;2025-02-28;YES;NO;217;OMV-RS;;;;D;1,936.90;Yes;753748;2025-02-26;1;
710111;107258;119;BG 2091 - GZ;2025-03-06 10:49:00;OMV EVRO DIZEL;66.00;13,035.00;2,172.50;00023172;175246;175246;                  ;SR;JURIJA GAGARINA;OMV EVRO DIZEL;197.500;13,035.00;0.00;0.00;2,172.50;RSD;8915362134;2025-03-15;YES;NO;217;OMV-RS;;;;D;13,398.00;Yes;704912;2025-03-06;1;
710111;107258;119;BG 2091 - GZ;2025-03-11 10:28:00;OMV EVRO DIZEL;53.51;10,402.34;1,733.72;00010543;145258;145258;                  ;SR;BUBANJ POTOK;OMV EVRO DIZEL;194.400;10,402.34;0.00;0.00;1,733.72;RSD;8915362134;2025-03-15;YES;NO;217;OMV-RS;;;;D;10,702.00;Yes;702925;2025-03-11;1;
710111;107258;119;BG 2091 - GZ;2025-03-20 08:28:00;OMV EVRO DIZEL;66.82;12,762.62;2,127.10;00081594;176326;176326;                  ;SR;DOBANOVCI-SURCIN;OMV EVRO DIZEL;191.000;12,762.62;0.00;0.00;2,127.10;RSD;8915364775;2025-03-31;YES;NO;217;OMV-RS;;;;D;13,163.50;Yes;782721;2025-03-20;1;
710111;107258;119;BG 2091 - GZ;2025-03-22 08:58:00;OMV EVRO DIZEL;55.00;10,395.00;1,732.50;00022608;176500;176500;                  ;SR;LAPOVO JUG;OMV EVRO DIZEL;189.000;10,395.00;0.00;0.00;1,732.50;RSD;8915364775;2025-03-31;YES;NO;217;OMV-RS;;;;D;10,725.00;Yes;785830;2025-03-22;1;
710111;107258;119;BG 2091 - GZ;2025-04-03 15:06:00;OMV EVRO DIZEL;76.08;14,455.20;2,409.20;00016073;0;0;                  ;SR;JURIJA GAGARINA;OMV EVRO DIZEL;190.000;14,455.20;0.00;0.00;2,409.20;RSD;8915367133;2025-04-15;YES;NO;217;OMV-RS;;;;D;14,911.70;Yes;750621;2025-04-03;1;
710111;107258;119;BG 2091 - GZ;2025-04-15 13:11:00;OMV EVRO DIZEL;67.02;12,465.72;2,077.62;00045026;0;0;                  ;SR;JURIJA GAGARINA;OMV EVRO DIZEL;186.000;12,465.72;0.00;0.00;2,077.62;RSD;8915367133;2025-04-15;YES;NO;217;OMV-RS;;;;D;12,867.80;Yes;731119;2025-04-15;1;
710111;107258;119;BG 2091 - GZ;2025-04-23 09:12:00;OMV EVRO DIZEL;60.00;10,980.00;1,830.00;00038819;0;0;                  ;SR;LAPOVO JUG;OMV EVRO DIZEL;183.000;10,980.00;0.00;0.00;1,830.00;RSD;8915369797;2025-04-30;YES;NO;217;OMV-RS;;;;D;11,340.00;Yes;791258;2025-04-23;1;
710111;107258;119;BG 2091 - GZ;2025-05-09 09:35:00;OMV EVRO DIZEL;66.02;12,015.64;2,002.61;00031034;179585;179585;                  ;SR;BOLJEVAC;OMV EVRO DIZEL;182.000;12,015.64;0.00;0.00;2,002.61;RSD;8915372197;2025-05-15;YES;NO;117;OMV-RS;;;;D;12,411.80;Yes;794004;2025-05-09;1;
710111;107258;119;BG 2091 - GZ;2025-05-24 08:32:00;ED MAXXMOTION;72.81;14,991.60;2,498.60;00055002;0;0;                  ;SR;LAPOVO JUG;ED MAXXMOTION;205.900;14,991.60;0.00;0.00;2,498.60;RSD;8915374857;2025-05-31;YES;NO;217;OMV-RS;;;;D;0.00;No;783228;2025-05-24;1;
710111;107258;119;BG 2091 - GZ;2025-06-05 16:48:00;OMV EVRO DIZEL;80.24;14,523.44;2,420.57;00070356;0;0;                  ;SR;JURIJA GAGARINA;OMV EVRO DIZEL;181.000;14,523.44;0.00;0.00;2,420.57;RSD;8915377281;2025-06-15;YES;NO;217;OMV-RS;;;;D;15,004.90;Yes;764850;2025-06-05;1;
710111;107258;119;BG 2091 - GZ;2025-06-09 10:25:00;OMV EVRO DIZEL;71.11;12,870.91;2,145.15;00079916;181284;181284;                  ;SR;KRALJEVO;OMV EVRO DIZEL;181.000;12,870.91;0.00;0.00;2,145.15;RSD;8915377281;2025-06-15;YES;NO;117;OMV-RS;;;;D;13,297.60;Yes;702547;2025-06-09;1;
710111;107258;119;BG 2091 - GZ;2025-06-13 10:34:00;OMV EVRO DIZEL;87.09;15,763.29;2,627.21;00082169;181954;181954;                  ;SR;KRALJEVO;OMV EVRO DIZEL;181.000;15,763.29;0.00;0.00;2,627.21;RSD;8915377281;2025-06-15;YES;NO;117;OMV-RS;;;;D;16,285.80;Yes;703449;2025-06-13;1;
710111;107258;119;BG 2091 - GZ;2025-06-14 10:44:00;AdBlue;15.80;1,410.62;235.10;00049178;0;0;                  ;SR;LAPOVO SEVER;AdBlue;89.280;1,410.62;0.00;0.00;235.10;RSD;8915377281;2025-06-15;YES;NO;217;OMV-RS;;;;D;2,117.20;Yes;704418;2025-06-14;1;
710111;107258;119;BG 2091 - GZ;2025-06-18 11:47:00;OMV EVRO DIZEL;76.00;13,908.00;2,318.00;00070541;182587;182587;                  ;SR;LAPOVO SEVER;OMV EVRO DIZEL;183.000;13,908.00;0.00;0.00;2,318.00;RSD;8915379951;2025-06-30;YES;NO;217;OMV-RS;;;;D;14,364.00;Yes;714758;2025-06-18;1;
710111;107258;119;BG 2091 - GZ;2025-06-23 08:32:00;ED MAXXMOTION;70.68;14,270.30;2,378.38;00075142;183695;183695;                  ;SR;ADA CIGANLIJA;ED MAXXMOTION;201.900;14,270.30;0.00;0.00;2,378.38;RSD;8915379951;2025-06-30;YES;NO;217;OMV-RS;;;;D;0.00;No;783244;2025-06-23;1;
710111;107258;119;BG 2091 - GZ;2025-06-27 14:21:00;OMV EVRO DIZEL;77.78;14,467.08;2,411.18;00075667;0;0;                  ;SR;ADA CIGANLIJA;OMV EVRO DIZEL;186.000;14,467.08;0.00;0.00;2,411.18;RSD;8915379951;2025-06-30;YES;NO;217;OMV-RS;;;;D;14,933.80;Yes;742153;2025-06-27;1;
710111;107258;119;BG 2091 - GZ;2025-07-01 11:22:00;OMV EVRO DIZEL;64.27;12,082.76;2,013.79;00092684;0;0;                  ;SR;KRALJEVO;OMV EVRO DIZEL;188.000;12,082.76;0.00;0.00;2,013.79;RSD;8915382357;2025-07-15;YES;NO;117;OMV-RS;;;;D;12,468.40;Yes;712310;2025-07-01;1;
710111;107258;119;BG 2091 - GZ;2025-07-04 07:02:00;OMV EVRO DIZEL;71.15;13,376.20;2,229.37;00079793;0;0;                  ;SR;ADA CIGANLIJA;OMV EVRO DIZEL;188.000;13,376.20;0.00;0.00;2,229.37;RSD;8915382357;2025-07-15;YES;NO;217;OMV-RS;;;;D;13,803.10;Yes;770221;2025-07-04;1;
710111;107258;119;BG 2091 - GZ;2025-07-08 10:42:00;OMV EVRO DIZEL;65.43;12,300.84;2,050.14;00096865;0;0;                  ;SR;KRALJEVO;OMV EVRO DIZEL;188.000;12,300.84;0.00;0.00;2,050.14;RSD;8915382357;2025-07-15;YES;NO;117;OMV-RS;;;;D;12,693.40;Yes;704240;2025-07-08;1;
710111;107258;119;BG 2091 - GZ;2025-07-10 13:50:00;OMV EVRO DIZEL;60.00;11,280.00;1,880.00;00084296;0;0;                  ;SR;LAPOVO SEVER;OMV EVRO DIZEL;188.000;11,280.00;0.00;0.00;1,880.00;RSD;8915382357;2025-07-15;YES;NO;217;OMV-RS;;;;D;11,640.00;Yes;735034;2025-07-10;1;
710111;107258;119;BG 2091 - GZ;2025-07-11 20:21:00;OMV EVRO DIZEL;59.33;11,272.70;1,878.78;00085076;186480;186480;                  ;SR;LAPOVO SEVER;OMV EVRO DIZEL;190.000;11,272.70;0.00;0.00;1,878.78;RSD;8915382357;2025-07-15;YES;NO;217;OMV-RS;;;;D;11,628.70;Yes;702133;2025-07-11;1;
710111;107258;119;BG 2091 - GZ;2025-07-19 07:14:00;ED MAXXMOTION;63.00;13,034.70;2,172.45;00087326;152852;152852;                  ;SR;ADA CIGANLIJA;ED MAXXMOTION;206.900;13,034.70;0.00;0.00;2,172.45;RSD;8915385043;2025-07-31;YES;NO;217;OMV-RS;;;;D;0.00;No;771500;2025-07-19;1;
710111;107258;119;BG 2091 - GZ;2025-07-22 08:16:00;ED MAXXMOTION;69.72;15,052.50;2,508.75;00066062;0;0;                  ;SR;LAPOVO JUG;ED MAXXMOTION;215.899;15,052.50;0.00;0.00;2,508.75;RSD;8915385043;2025-07-31;YES;NO;217;OMV-RS;;;;D;0.00;No;781618;2025-07-22;1;
710111;107258;119;BG 2091 - GZ;2025-07-24 10:17:00;OMV EVRO DIZEL;73.04;13,950.64;2,325.11;00090509;0;0;                  ;SR;ADA CIGANLIJA;OMV EVRO DIZEL;191.000;13,950.64;0.00;0.00;2,325.11;RSD;8915385043;2025-07-31;YES;NO;217;OMV-RS;;;;D;14,388.90;Yes;701710;2025-07-24;1;
710111;107258;119;BG 2091 - GZ;2025-07-29 08:10:00;OMV EVRO DIZEL;66.33;12,602.70;2,100.45;00106823;0;0;                  ;SR;LAPOVO JUG;OMV EVRO DIZEL;190.000;12,602.70;0.00;0.00;2,100.45;RSD;8915385043;2025-07-31;YES;NO;217;OMV-RS;;;;D;13,000.70;Yes;781055;2025-07-29;1;
710111;107258;119;BG 2091 - GZ;2025-07-31 12:18:00;AdBlue;15.05;1,433.96;238.99;00108852;0;0;                  ;SR;LAPOVO JUG;AdBlue;95.280;1,433.96;0.00;0.00;238.99;RSD;8915385043;2025-07-31;YES;NO;217;OMV-RS;;;;D;2,016.70;Yes;721904;2025-07-31;1;
710111;107258;119;BG 2091 - GZ;2025-08-01 12:10:00;OMV EVRO DIZEL;76.56;14,546.40;2,424.40;00110312;0;0;                  ;SR;LAPOVO JUG;OMV EVRO DIZEL;190.000;14,546.40;0.00;0.00;2,424.40;RSD;8915387463;2025-08-15;YES;NO;217;OMV-RS;;;;D;15,005.80;Yes;721112;2025-08-01;1;
710111;107258;119;BG 2091 - GZ;2025-08-03 16:44:00;ED MAXXMOTION;57.99;12,636.00;2,106.00;00005713;0;0;                  ;SR;LAPOVO SEVER;ED MAXXMOTION;217.900;12,636.00;0.00;0.00;2,106.00;RSD;8915387463;2025-08-15;YES;NO;217;OMV-RS;;;;D;0.00;No;764426;2025-08-03;1;
710111;107258;119;BG 2091 - GZ;2025-08-08 10:25:00;ED MAXXMOTION;69.79;14,997.90;2,499.65;00118447;0;0;                  ;SR;LAPOVO JUG;ED MAXXMOTION;214.900;14,997.90;0.00;0.00;2,499.65;RSD;8915387463;2025-08-15;YES;NO;217;OMV-RS;;;;D;0.00;No;702509;2025-08-08;1;
710111;107258;119;BG 2091 - GZ;2025-08-09 15:37:00;OMV EVRO DIZEL;59.39;11,046.54;1,841.09;00104821;0;0;                  ;SR;LAPOVO SEVER;OMV EVRO DIZEL;186.000;11,046.54;0.00;0.00;1,841.09;RSD;8915387463;2025-08-15;YES;NO;217;OMV-RS;;;;D;11,462.30;Yes;753749;2025-08-09;1;
710111;107258;119;BG 2091 - GZ;2025-08-12 11:49:00;OMV EVRO DIZEL;46.50;8,649.00;1,441.50;00007413;0;0;                  ;SR;LAPOVO SEVER;OMV EVRO DIZEL;186.000;8,649.00;0.00;0.00;1,441.50;RSD;8915387463;2025-08-15;YES;NO;217;OMV-RS;;;;D;8,974.50;Yes;714935;2025-08-12;1;
710111;107258;119;BG 2091 - GZ;2025-08-14 15:06:00;OMV EVRO DIZEL;50.00;9,300.00;1,550.00;00078846;0;0;                  ;SR;LAPOVO SEVER;OMV EVRO DIZEL;186.000;9,300.00;0.00;0.00;1,550.00;RSD;8915387463;2025-08-15;YES;NO;217;OMV-RS;;;;D;9,650.00;Yes;750701;2025-08-14;1;
710111;107258;119;BG 2091 - GZ;2025-08-16 14:21:00;OMV EVRO DIZEL;51.74;9,571.90;1,595.32;00111698;0;0;                  ;SR;LAPOVO SEVER;OMV EVRO DIZEL;185.000;9,571.90;0.00;0.00;1,595.32;RSD;8915390137;2025-08-31;YES;NO;217;OMV-RS;;;;D;9,934.10;Yes;742207;2025-08-16;1;
710111;107258;119;BG 2091 - GZ;2025-08-19 09:10:00;OMV EVRO DIZEL;66.15;12,237.75;2,039.62;00085294;0;0;                  ;SR;LAPOVO JUG;OMV EVRO DIZEL;185.000;12,237.75;0.00;0.00;2,039.62;RSD;8915390137;2025-08-31;YES;NO;217;OMV-RS;;;;D;12,700.80;Yes;791024;2025-08-19;1;
710111;107258;119;BG 2091 - GZ;2025-08-23 09:14:00;OMV EVRO DIZEL;78.95;14,605.75;2,434.29;00130934;0;0;                  ;SR;LAPOVO JUG;OMV EVRO DIZEL;185.000;14,605.75;0.00;0.00;2,434.29;RSD;8915390137;2025-08-31;YES;NO;217;OMV-RS;;;;D;15,158.40;Yes;791438;2025-08-23;1;
710111;107258;119;BG 2091 - GZ;2025-08-27 08:38:00;OMV EVRO DIZEL;76.00;14,060.00;2,343.33;00087873;0;0;                  ;SR;LAPOVO JUG;OMV EVRO DIZEL;185.000;14,060.00;0.00;0.00;2,343.33;RSD;8915390137;2025-08-31;YES;NO;217;OMV-RS;;;;D;14,592.00;Yes;783814;2025-08-27;1;
710111;107258;119;BG 2091 - GZ;2025-08-29 08:16:00;ED MAXXMOTION;76.64;16,163.40;2,693.90;00088407;0;0;                  ;SR;LAPOVO JUG;ED MAXXMOTION;210.900;16,163.40;0.00;0.00;2,693.90;RSD;8915390137;2025-08-31;YES;NO;217;OMV-RS;;;;D;0.00;No;781650;2025-08-29;1;
710111;107258;119;BG 2091 - GZ;2025-09-06 08:32:00;OMV EVRO DIZEL;77.33;14,460.71;2,410.12;00068700;0;0;                  ;SR;CACAK;OMV EVRO DIZEL;187.000;14,460.71;0.00;0.00;2,410.12;RSD;8915392542;2025-09-15;YES;NO;217;OMV-RS;;;;D;15,002.00;Yes;783213;2025-09-06;1;
710111;107258;119;BG 2091 - GZ;2025-09-08 11:11:00;OMV EVRO DIZEL;59.84;11,190.08;1,865.01;00097904;0;0;                  ;SR;LAPOVO SEVER;OMV EVRO DIZEL;187.000;11,190.08;0.00;0.00;1,865.01;RSD;8915392542;2025-09-15;YES;NO;217;OMV-RS;;;;D;11,609.00;Yes;711211;2025-09-08;1;
710111;107258;119;BG 2091 - GZ;2025-09-08 11:21:00;AdBlue;16.94;1,614.04;269.01;00097912;0;0;                  ;SR;LAPOVO SEVER;AdBlue;95.280;1,614.04;0.00;0.00;269.01;RSD;8915392542;2025-09-15;YES;NO;217;OMV-RS;;;;D;2,270.00;Yes;712109;2025-09-08;1;
710111;107258;119;BG 2091 - GZ;2025-09-12 10:53:00;OMV EVRO DIZEL;65.68;12,282.16;2,047.03;00153421;0;0;                  ;SR;BUBANJ POTOK;OMV EVRO DIZEL;187.000;12,282.16;0.00;0.00;2,047.03;RSD;8915392542;2025-09-15;YES;NO;217;OMV-RS;;;;D;12,741.90;Yes;705357;2025-09-12;1;
710111;107258;119;BG 2091 - GZ;2025-09-15 14:04:00;OMV EVRO DIZEL;66.72;12,476.64;2,079.44;00139989;0;0;                  ;SR;KRALJEVO;OMV EVRO DIZEL;187.000;12,476.64;0.00;0.00;2,079.44;RSD;8915392542;2025-09-15;YES;NO;117;OMV-RS;;;;D;12,943.70;Yes;740437;2025-09-15;1;
710111;107258;119;BG 2091 - GZ;2025-09-17 08:56:00;OMV EVRO DIZEL;63.12;11,803.44;1,967.24;00119335;0;0;                  ;SR;ADA CIGANLIJA;OMV EVRO DIZEL;187.000;11,803.44;0.00;0.00;1,967.24;RSD;8915395222;2025-09-30;YES;NO;217;OMV-RS;;;;D;12,245.30;Yes;785627;2025-09-17;1;
710111;107258;119;BG 2091 - GZ;2025-09-19 15:16:00;OMV EVRO DIZEL;63.59;11,954.92;1,992.49;00137514;0;0;                  ;SR;LAPOVO SEVER;OMV EVRO DIZEL;188.000;11,954.92;0.00;0.00;1,992.49;RSD;8915395222;2025-09-30;YES;NO;217;OMV-RS;;;;D;12,400.10;Yes;751639;2025-09-19;1;
710111;107258;119;BG 2091 - GZ;2025-09-24 08:45:00;OMV EVRO DIZEL;54.66;10,276.08;1,712.68;00151616;0;0;                  ;SR;LAPOVO JUG;OMV EVRO DIZEL;188.000;10,276.08;0.00;0.00;1,712.68;RSD;8915395222;2025-09-30;YES;NO;217;OMV-RS;;;;D;10,658.70;Yes;784606;2025-09-24;1;
710111;107258;119;BG 2091 - GZ;2025-09-26 08:56:00;OMV EVRO DIZEL;74.36;13,979.68;2,329.95;00152772;0;0;                  ;SR;LAPOVO JUG;OMV EVRO DIZEL;188.000;13,979.68;0.00;0.00;2,329.95;RSD;8915395222;2025-09-30;YES;NO;217;OMV-RS;;;;D;14,500.20;Yes;785642;2025-09-26;1;
710111;107258;119;BG 2091 - GZ;2025-09-30 08:45:00;OMV EVRO DIZEL;67.22;12,637.36;2,106.23;00155168;0;0;                  ;SR;LAPOVO JUG;OMV EVRO DIZEL;188.000;12,637.36;0.00;0.00;2,106.23;RSD;8915395222;2025-09-30;YES;NO;217;OMV-RS;;;;D;13,107.90;Yes;784554;2025-09-30;1;
710111;107258;317;BG 2280 - EV;2025-11-14 06:38:00;OMV EVRO DIZEL;40.56;7,868.64;1,311.44;00120881;0;0;                  ;SR;KOVIN;OMV EVRO DIZEL;194.000;7,868.64;0.00;0.00;1,311.44;RSD;8915402843;2025-11-15;YES;NO;117;OMV-RS;;;;D;8,030.90;Yes;763825;2025-11-14;1;
710111;107258;317;BG 2280 - EV;2025-11-29 07:26:00;OMV EVRO DIZEL;39.32;7,746.04;1,291.01;00110840;0;0;                  ;SR;KNEZEVAC;OMV EVRO DIZEL;197.000;7,746.04;0.00;0.00;1,291.01;RSD;8915405535;2025-11-30;YES;NO;217;OMV-RS;;;;D;7,903.32;Yes;772706;2025-11-29;1;
710111;107258;317;BG 2280 - EV;2025-12-12 12:56:00;OMV EVRO DIZEL;40.42;7,760.64;1,293.44;00159684;0;0;                  ;SR;ADA CIGANLIJA;OMV EVRO DIZEL;192.000;7,760.64;0.00;0.00;1,293.44;RSD;8915408077;2025-12-15;YES;NO;217;OMV-RS;;;;D;8,003.16;Yes;725710;2025-12-12;1;
710111;107258;317;BG 2280 - EV;2026-04-06 06:54:00;OMV EVRO DIZEL;34.26;7,331.64;1,221.94;00173758;0;0;                  ;SR;KOVIN;OMV EVRO DIZEL;214.000;7,331.64;0.00;0.00;1,221.94;RSD;8916369392;2026-04-09;YES;NO;117;OMV-RS;;;;D;7,331.64;Yes;765452;2026-04-06;1;
710111;107258;317;BG 2280 - EV;2026-04-09 06:15:00;OMV EVRO DIZEL;33.31;7,128.34;1,188.06;00195465;0;0;                  ;SR;PANCEVO 1;OMV EVRO DIZEL;214.000;7,128.34;0.00;0.00;1,188.06;RSD;8916369392;2026-04-09;YES;NO;117;OMV-RS;;;;D;7,128.34;Yes;761527;2026-04-09;1;
710111;107258;317;BG 2280 - EV;2026-05-22 17:50:00;OMV EVRO DIZEL;32.92;7,291.78;1,215.30;00179890;0;0;                  ;SR;KNEZEVAC;OMV EVRO DIZEL;221.500;7,291.78;0.00;0.00;1,215.30;RSD;8916378386;2026-05-31;YES;NO;217;OMV-RS;;;;D;7,407.00;Yes;775045;2026-05-22;1;
710111;107258;317;BG 2280 - EV;2026-06-16 08:07:00;OMV EVRO DIZEL;44.00;9,460.00;1,576.67;00064979;0;0;                  ;SR;LAPOVO JUG;OMV EVRO DIZEL;215.000;9,460.00;0.00;0.00;1,576.67;RSD;8916383263;2026-06-21;YES;NO;217;OMV-RS;;;;D;9,680.00;Yes;781128;2026-06-16;1;
710111;107258;317;BG 2280 - EV;2026-07-14 12:55:00;OMV EVRO DIZEL;39.34;8,458.10;1,409.68;00005879;34875;34875;                  ;SR;ADA CIGANLIJA;OMV EVRO DIZEL;215.000;8,458.10;0.00;0.00;1,409.68;RSD;8916393376;2026-07-15;YES;NO;217;OMV-RS;;;;D;8,654.80;Yes;725531;2026-07-14;1;
710111;107258;507;BG 2275 - ZR;2025-10-01 07:14:00;OMV EVRO DIZEL;44.00;8,272.00;1,378.67;00093136;145716;145716;                  ;SR;OBILAZNICA 1;OMV EVRO DIZEL;188.000;8,272.00;0.00;0.00;1,378.67;RSD;8915397668;2025-10-15;YES;NO;217;OMV-RS;;;;D;8,580.00;Yes;771430;2025-10-01;1;
710111;107258;507;BG 2275 - ZR;2025-10-03 07:22:00;OMV EVRO DIZEL;40.00;7,520.00;1,253.33;00157965;146336;146336;                  ;SR;BESKA 2;OMV EVRO DIZEL;188.000;7,520.00;0.00;0.00;1,253.33;RSD;8915397668;2025-10-15;YES;NO;217;OMV-RS;;;;D;7,800.00;Yes;772242;2025-10-03;1;
710111;107258;507;BG 2275 - ZR;2025-10-06 08:37:00;OMV EVRO DIZEL;42.63;8,014.44;1,335.74;00137321;146991;146991;                  ;SR;BACKA TOPOLA 2;OMV EVRO DIZEL;188.000;8,014.44;0.00;0.00;1,335.74;RSD;8915397668;2025-10-15;YES;NO;217;OMV-RS;;;;D;8,312.90;Yes;783859;2025-10-06;1;
710111;107258;507;BG 2275 - ZR;2025-10-08 07:20:00;OMV EVRO DIZEL;44.00;8,272.00;1,378.67;00152631;147756;147756;                  ;SR;OBILAZNICA 1;OMV EVRO DIZEL;188.000;8,272.00;0.00;0.00;1,378.67;RSD;8915397668;2025-10-15;YES;NO;217;OMV-RS;;;;D;8,580.00;Yes;772104;2025-10-08;1;
710111;107258;507;BG 2275 - ZR;2025-10-09 08:33:00;OMV EVRO DIZEL;40.00;7,520.00;1,253.33;00161983;148393;148393;                  ;SR;BESKA 2;OMV EVRO DIZEL;188.000;7,520.00;0.00;0.00;1,253.33;RSD;8915397668;2025-10-15;YES;NO;217;OMV-RS;;;;D;7,800.00;Yes;783406;2025-10-09;1;
710111;107258;507;BG 2275 - ZR;2025-10-12 13:50:00;OMV EVRO DIZEL;46.00;8,648.00;1,441.33;00185708;149148;149148;                  ;SR;DOBANOVCI-SURCIN;OMV EVRO DIZEL;188.000;8,648.00;0.00;0.00;1,441.33;RSD;8915397668;2025-10-15;YES;NO;217;OMV-RS;;;;D;8,924.00;Yes;735011;2025-10-12;1;
710111;107258;507;BG 2275 - ZR;2025-10-13 07:22:00;AdBlue;12.92;1,231.02;205.17;00164654;149210;149210;                  ;SR;BESKA 2;AdBlue;95.280;1,231.02;0.00;0.00;205.17;RSD;8915397668;2025-10-15;YES;NO;217;OMV-RS;;;;D;1,731.30;Yes;772244;2025-10-13;1;
710111;107258;507;BG 2275 - ZR;2025-10-14 06:04:00;OMV EVRO DIZEL;42.00;7,896.00;1,316.00;00155979;149880;149880;                  ;SR;OBILAZNICA 1;OMV EVRO DIZEL;188.000;7,896.00;0.00;0.00;1,316.00;RSD;8915397668;2025-10-15;YES;NO;217;OMV-RS;;;;D;8,148.00;Yes;760441;2025-10-14;1;
710111;107258;507;BG 2275 - ZR;2025-10-15 12:58:00;OMV EVRO DIZEL;45.00;8,460.00;1,410.00;00187072;150577;150577;                  ;SR;DOBANOVCI-SURCIN;OMV EVRO DIZEL;188.000;8,460.00;0.00;0.00;1,410.00;RSD;8915397668;2025-10-15;YES;NO;217;OMV-RS;;;;D;8,730.00;Yes;725813;2025-10-15;1;
710111;107258;507;BG 2275 - ZR;2025-10-20 07:15:00;OMV EVRO DIZEL;44.00;8,184.00;1,364.00;00103954;151371;151371;                  ;SR;OBILAZNICA 1;OMV EVRO DIZEL;186.000;8,184.00;0.00;0.00;1,364.00;RSD;8915400359;2025-10-31;YES;NO;217;OMV-RS;;;;D;8,448.00;Yes;771526;2025-10-20;1;
710111;107258;507;BG 2275 - ZR;2025-10-21 17:17:00;OMV EVRO DIZEL;40.00;7,440.00;1,240.00;00182946;152010;152010;                  ;SR;BESKA 1;OMV EVRO DIZEL;186.000;7,440.00;0.00;0.00;1,240.00;RSD;8915400359;2025-10-31;YES;NO;217;OMV-RS;;;;D;7,680.00;Yes;771805;2025-10-21;1;
710111;107258;507;BG 2275 - ZR;2025-10-23 09:12:00;OMV EVRO DIZEL;42.00;7,812.00;1,302.00;00171286;152697;152697;                  ;SR;BESKA 2;OMV EVRO DIZEL;186.000;7,812.00;0.00;0.00;1,302.00;RSD;8915400359;2025-10-31;YES;NO;217;OMV-RS;;;;D;8,064.00;Yes;791245;2025-10-23;1;
710111;107258;507;BG 2275 - ZR;2025-10-24 13:42:00;OMV EVRO DIZEL;45.00;8,370.00;1,395.00;00132279;153441;153441;                  ;SR;VRBAS;OMV EVRO DIZEL;186.000;8,370.00;0.00;0.00;1,395.00;RSD;8915400359;2025-10-31;YES;NO;117;OMV-RS;;;;D;8,640.00;Yes;734216;2025-10-24;1;
710111;107258;507;BG 2275 - ZR;2025-10-27 13:24:00;OMV EVRO DIZEL;40.00;7,500.00;1,250.00;00101371;154049;154049;                  ;SR;DOBANOVCI-SURCIN;OMV EVRO DIZEL;187.500;7,500.00;0.00;0.00;1,250.00;RSD;8915400359;2025-10-31;YES;NO;217;OMV-RS;;;;D;7,720.00;Yes;732451;2025-10-27;1;
710111;107258;507;BG 2275 - ZR;2025-10-29 07:50:00;OMV EVRO DIZEL;45.00;8,437.50;1,406.25;00175279;154798;154798;                  ;SR;BESKA 2;OMV EVRO DIZEL;187.500;8,437.50;0.00;0.00;1,406.25;RSD;8915400359;2025-10-31;YES;NO;217;OMV-RS;;;;D;8,685.00;Yes;775057;2025-10-29;1;
710111;107258;507;BG 2275 - ZR;2025-10-31 12:02:00;OMV EVRO DIZEL;45.00;8,437.50;1,406.25;00170998;155612;155612;                  ;SR;NOVI SAD 2;OMV EVRO DIZEL;187.500;8,437.50;0.00;0.00;1,406.25;RSD;8915400359;2025-10-31;YES;NO;217;OMV-RS;;;;D;8,685.00;Yes;720226;2025-10-31;1;
710111;107258;507;BG 2275 - ZR;2025-11-04 11:28:00;OMV EVRO DIZEL;45.00;8,572.50;1,428.75;00063636;156346;156346;                  ;SR;BESKA 2;OMV EVRO DIZEL;190.500;8,572.50;0.00;0.00;1,428.75;RSD;8915402843;2025-11-15;YES;NO;217;OMV-RS;;;;D;8,820.00;Yes;712827;2025-11-04;1;
710111;107258;507;BG 2275 - ZR;2025-11-06 10:07:00;OMV EVRO DIZEL;45.01;8,596.91;1,432.82;00180875;157098;157098;                  ;SR;BESKA 2;OMV EVRO DIZEL;191.000;8,596.91;0.00;0.00;1,432.82;RSD;8915402843;2025-11-15;YES;NO;217;OMV-RS;;;;D;8,822.00;Yes;700806;2025-11-06;1;
710111;107258;507;BG 2275 - ZR;2025-11-09 06:20:00;OMV EVRO DIZEL;42.00;8,148.00;1,358.00;00080560;157774;157774;                  ;SR;OBILAZNICA 1;OMV EVRO DIZEL;194.000;8,148.00;0.00;0.00;1,358.00;RSD;8915402843;2025-11-15;YES;NO;217;OMV-RS;;;;D;8,316.00;Yes;762028;2025-11-09;1;
710111;107258;507;BG 2275 - ZR;2025-11-10 14:05:00;OMV EVRO DIZEL;44.00;8,536.00;1,422.67;00105071;158434;158434;                  ;SR;DOBANOVCI-SURCIN;OMV EVRO DIZEL;194.000;8,536.00;0.00;0.00;1,422.67;RSD;8915402843;2025-11-15;YES;NO;217;OMV-RS;;;;D;8,712.00;Yes;740517;2025-11-10;1;
710111;107258;507;BG 2275 - ZR;2025-11-14 14:30:00;OMV EVRO DIZEL;44.00;8,536.00;1,422.67;00200248;159140;159140;                  ;SR;BESKA 1;OMV EVRO DIZEL;194.000;8,536.00;0.00;0.00;1,422.67;RSD;8915402843;2025-11-15;YES;NO;217;OMV-RS;;;;D;8,712.00;Yes;743012;2025-11-14;1;
710111;107258;507;BG 2275 - ZR;2025-11-25 11:15:00;OMV EVRO DIZEL;41.00;8,200.00;1,366.67;00068126;159811;159811;                  ;SR;BESKA 2;OMV EVRO DIZEL;200.000;8,200.00;0.00;0.00;1,366.67;RSD;8915405535;2025-11-30;YES;NO;217;OMV-RS;;;;D;8,364.00;Yes;711529;2025-11-25;1;
710111;107258;507;BG 2275 - ZR;2025-11-26 14:06:00;OMV EVRO DIZEL;42.00;8,400.00;1,400.00;00207172;160429;160429;                  ;SR;BESKA 1;OMV EVRO DIZEL;200.000;8,400.00;0.00;0.00;1,400.00;RSD;8915405535;2025-11-30;YES;NO;217;OMV-RS;;;;D;8,568.00;Yes;740626;2025-11-26;1;
710111;107258;507;BG 2275 - ZR;2025-11-28 07:30:00;OMV EVRO DIZEL;42.00;8,400.00;1,400.00;00181028;161067;161067;                  ;SR;OBILAZNICA 1;OMV EVRO DIZEL;200.000;8,400.00;0.00;0.00;1,400.00;RSD;8915405535;2025-11-30;YES;NO;217;OMV-RS;;;;D;8,568.00;Yes;773023;2025-11-28;1;
710111;107258;507;BG 2275 - ZR;2025-12-01 09:25:00;OMV EVRO DIZEL;44.00;8,668.00;1,444.67;00163465;161738;161738;                  ;SR;BACKA TOPOLA 2;OMV EVRO DIZEL;197.000;8,668.00;0.00;0.00;1,444.67;RSD;8915408077;2025-12-15;YES;NO;217;OMV-RS;;;;D;8,844.00;Yes;792855;2025-12-01;1;
710111;107258;507;BG 2275 - ZR;2025-12-02 08:16:00;AdBlue;12.90;1,280.71;213.45;00195469;162182;162182;                  ;SR;BESKA 2;AdBlue;99.280;1,280.71;0.00;0.00;213.45;RSD;8915408077;2025-12-15;YES;NO;217;OMV-RS;;;;D;1,728.60;Yes;781702;2025-12-02;1;
710111;107258;507;BG 2275 - ZR;2025-12-03 07:54:00;OMV EVRO DIZEL;43.00;8,471.00;1,411.83;00127155;162491;162491;                  ;SR;OBILAZNICA 1;OMV EVRO DIZEL;197.000;8,471.00;0.00;0.00;1,411.83;RSD;8915408077;2025-12-15;YES;NO;217;OMV-RS;;;;D;8,643.00;Yes;775440;2025-12-03;1;
710111;107258;507;BG 2275 - ZR;2025-12-05 08:09:00;OMV EVRO DIZEL;43.00;8,471.00;1,411.83;00184582;163200;163200;                  ;SR;OBILAZNICA 1;OMV EVRO DIZEL;197.000;8,471.00;0.00;0.00;1,411.83;RSD;8915408077;2025-12-15;YES;NO;217;OMV-RS;;;;D;8,643.00;Yes;780926;2025-12-05;1;
710111;107258;507;BG 2275 - ZR;2025-12-08 08:39:00;OMV EVRO DIZEL;40.00;7,760.00;1,293.33;00166192;163842;163842;                  ;SR;BACKA TOPOLA 2;OMV EVRO DIZEL;194.000;7,760.00;0.00;0.00;1,293.33;RSD;8915408077;2025-12-15;YES;NO;217;OMV-RS;;;;D;7,920.00;Yes;784251;2025-12-08;1;
710111;107258;507;BG 2275 - ZR;2025-12-09 14:19:00;OMV EVRO DIZEL;45.00;8,730.00;1,455.00;00057960;164593;164593;                  ;SR;BESKA 1;OMV EVRO DIZEL;194.000;8,730.00;0.00;0.00;1,455.00;RSD;8915408077;2025-12-15;YES;NO;217;OMV-RS;;;;D;8,910.00;Yes;741953;2025-12-09;1;
710111;107258;507;BG 2275 - ZR;2025-12-11 14:37:00;OMV EVRO DIZEL;41.00;7,872.00;1,312.00;00111561;165296;165296;                  ;SR;DOBANOVCI-SURCIN;OMV EVRO DIZEL;192.000;7,872.00;0.00;0.00;1,312.00;RSD;8915408077;2025-12-15;YES;NO;217;OMV-RS;;;;D;8,118.00;Yes;743754;2025-12-11;1;
710111;107258;507;BG 2275 - ZR;2025-12-15 08:49:00;OMV EVRO DIZEL;45.00;8,640.00;1,440.00;00189651;166053;166053;                  ;SR;OBILAZNICA 1;OMV EVRO DIZEL;192.000;8,640.00;0.00;0.00;1,440.00;RSD;8915408077;2025-12-15;YES;NO;217;OMV-RS;;;;D;8,910.00;Yes;784925;2025-12-15;1;
710111;107258;507;BG 2275 - ZR;2025-12-24 10:40:00;OMV EVRO DIZEL;44.00;8,338.00;1,389.67;00172740;168076;168076;                  ;SR;BACKA TOPOLA 2;OMV EVRO DIZEL;189.500;8,338.00;0.00;0.00;1,389.67;RSD;8915410794;2025-12-31;YES;NO;217;OMV-RS;;;;D;8,624.00;Yes;704415;2025-12-24;1;
710111;107258;507;BG 2275 - ZR;2025-12-27 09:01:00;OMV EVRO DIZEL;45.00;8,437.50;1,406.25;00163845;168766;168766;                  ;SR;VRBAS;OMV EVRO DIZEL;187.500;8,437.50;0.00;0.00;1,406.25;RSD;8915410794;2025-12-31;YES;NO;117;OMV-RS;;;;D;8,730.00;Yes;790143;2025-12-27;1;
710111;107258;507;BG 2275 - ZR;2025-12-29 14:13:00;OMV EVRO DIZEL;45.00;8,437.50;1,406.25;00062931;169477;169477;                  ;SR;BESKA 1;OMV EVRO DIZEL;187.500;8,437.50;0.00;0.00;1,406.25;RSD;8915410794;2025-12-31;YES;NO;217;OMV-RS;;;;D;8,730.00;Yes;741405;2025-12-29;1;
710111;107258;507;BG 2275 - ZR;2026-01-14 16:10:00;OMV EVRO DIZEL;45.00;8,302.50;1,383.75;00188585;170147;170147;                  ;SR;ADA CIGANLIJA;OMV EVRO DIZEL;184.500;8,302.50;0.00;0.00;1,383.75;RSD;8916351914;2026-01-15;YES;NO;217;OMV-RS;;;;D;8,595.00;Yes;761020;2026-01-14;1;
710111;107258;507;BG 2275 - ZR;2026-01-16 15:30:00;OMV EVRO DIZEL;45.00;8,347.50;1,391.25;00233561;170868;170868;                  ;SR;DOBANOVCI-SURCIN;OMV EVRO DIZEL;185.500;8,347.50;0.00;0.00;1,391.25;RSD;8916354637;2026-01-31;YES;NO;217;OMV-RS;;;;D;8,640.00;Yes;753057;2026-01-16;1;
710111;107258;507;BG 2275 - ZR;2026-01-22 08:32:00;OMV EVRO DIZEL;42.00;7,791.00;1,298.50;00225273;171528;171528;                  ;SR;BESKA 2;OMV EVRO DIZEL;185.500;7,791.00;0.00;0.00;1,298.50;RSD;8916354637;2026-01-31;YES;NO;217;OMV-RS;;;;D;8,064.00;Yes;783256;2026-01-22;1;
710111;107258;507;BG 2275 - ZR;2026-01-23 16:22:00;OMV EVRO DIZEL;40.00;7,460.00;1,243.33;00121229;172192;172192;                  ;SR;DOBANOVCI-SURCIN;OMV EVRO DIZEL;186.500;7,460.00;0.00;0.00;1,243.33;RSD;8916354637;2026-01-31;YES;NO;217;OMV-RS;;;;D;7,720.00;Yes;762258;2026-01-23;1;
710111;107258;507;BG 2275 - ZR;2026-01-30 07:44:00;OMV EVRO DIZEL;45.00;8,392.50;1,398.75;00183651;173550;173550;                  ;SR;ADA CIGANLIJA;OMV EVRO DIZEL;186.500;8,392.50;0.00;0.00;1,398.75;RSD;8916354637;2026-01-31;YES;NO;217;OMV-RS;;;;D;8,685.00;Yes;774439;2026-01-30;1;
710111;107258;507;BG 2275 - ZR;2026-02-03 16:13:00;OMV EVRO DIZEL;43.00;8,019.50;1,336.58;00185646;174232;174232;                  ;SR;ADA CIGANLIJA;OMV EVRO DIZEL;186.500;8,019.50;0.00;0.00;1,336.58;RSD;8916357592;2026-02-15;YES;NO;217;OMV-RS;;;;D;8,299.00;Yes;761323;2026-02-03;1;
710111;107258;507;BG 2275 - ZR;2026-02-04 14:42:00;AdBlue;13.30;1,320.42;220.07;00249222;174639;174639;                  ;SR;BESKA 1;AdBlue;99.280;1,320.42;0.00;0.00;220.07;RSD;8916357592;2026-02-15;YES;NO;217;OMV-RS;;;;D;1,782.20;Yes;744215;2026-02-04;1;
710111;107258;507;BG 2275 - ZR;2026-02-05 08:04:00;OMV EVRO DIZEL;40.00;7,460.00;1,243.33;00200437;174846;174846;                  ;SR;CELIJE;OMV EVRO DIZEL;186.500;7,460.00;0.00;0.00;1,243.33;RSD;8916357592;2026-02-15;YES;NO;117;OMV-RS;;;;D;7,720.00;Yes;780500;2026-02-05;1;
710111;107258;507;BG 2275 - ZR;2026-02-11 18:26:00;OMV EVRO DIZEL;42.00;7,959.00;1,326.50;00246305;176171;176171;                  ;SR;DOBANOVCI-SURCIN;OMV EVRO DIZEL;189.500;7,959.00;0.00;0.00;1,326.50;RSD;8916357592;2026-02-15;YES;NO;217;OMV-RS;;;;D;8,232.00;Yes;782624;2026-02-11;1;
710111;107258;507;BG 2275 - ZR;2026-02-20 16:46:00;OMV EVRO DIZEL;44.00;8,404.00;1,400.67;00211449;177533;177533;                  ;SR;ADA CIGANLIJA;OMV EVRO DIZEL;191.000;8,404.00;0.00;0.00;1,400.67;RSD;8916360516;2026-02-28;YES;NO;217;OMV-RS;;;;D;8,712.00;Yes;764616;2026-02-20;1;
710111;107258;507;BG 2275 - ZR;2026-02-24 14:14:00;OMV EVRO DIZEL;40.00;7,640.00;1,273.33;00252500;178204;178204;                  ;SR;DOBANOVCI-SURCIN;OMV EVRO DIZEL;191.000;7,640.00;0.00;0.00;1,273.33;RSD;8916360516;2026-02-28;YES;NO;217;OMV-RS;;;;D;7,920.00;Yes;741502;2026-02-24;1;
710111;107258;507;BG 2275 - ZR;2026-03-02 17:04:00;OMV EVRO DIZEL;45.00;8,685.00;1,447.50;00212959;178941;178941;                  ;SR;CELIJE;OMV EVRO DIZEL;193.000;8,685.00;0.00;0.00;1,447.50;RSD;8916363465;2026-03-15;YES;NO;117;OMV-RS;;;;D;9,000.00;Yes;770451;2026-03-02;1;
710111;107258;507;BG 2275 - ZR;2026-03-04 11:33:00;OMV EVRO DIZEL;41.00;7,913.00;1,318.83;00247312;179702;179702;                  ;SR;BESKA 2;OMV EVRO DIZEL;193.000;7,913.00;0.00;0.00;1,318.83;RSD;8916363465;2026-03-15;YES;NO;217;OMV-RS;;;;D;8,200.00;Yes;713406;2026-03-04;1;
710111;107258;507;BG 2275 - ZR;2026-03-06 07:34:00;OMV EVRO DIZEL;41.00;8,077.00;1,346.17;00248264;180395;180395;                  ;SR;BESKA 2;OMV EVRO DIZEL;197.000;8,077.00;0.00;0.00;1,346.17;RSD;8916363465;2026-03-15;YES;NO;217;OMV-RS;;;;D;8,200.00;Yes;773431;2026-03-06;1;
710111;107258;507;BG 2275 - ZR;2026-03-09 14:24:00;OMV EVRO DIZEL;45.00;9,045.00;1,507.50;00269563;181154;181154;                  ;SR;BESKA 1;OMV EVRO DIZEL;201.000;9,045.00;0.00;0.00;1,507.50;RSD;8916363465;2026-03-15;YES;NO;217;OMV-RS;;;;D;9,135.00;Yes;742507;2026-03-09;1;
710111;107258;507;BG 2275 - ZR;2026-03-12 07:36:00;OMV EVRO DIZEL;42.00;8,526.00;1,421.00;00251610;181847;181847;                  ;SR;BESKA 2;OMV EVRO DIZEL;203.000;8,526.00;0.00;0.00;1,421.00;RSD;8916363465;2026-03-15;YES;NO;217;OMV-RS;;;;D;8,526.00;Yes;773646;2026-03-12;1;
710111;107258;507;BG 2275 - ZR;2026-03-13 13:45:00;OMV EVRO DIZEL;40.00;8,120.00;1,353.33;00272051;182557;182557;                  ;SR;BESKA 1;OMV EVRO DIZEL;203.000;8,120.00;0.00;0.00;1,353.33;RSD;8916366460;2026-03-31;YES;NO;217;OMV-RS;;;;D;8,120.00;Yes;734555;2026-03-13;1;
710111;107258;507;BG 2275 - ZR;2026-03-17 16:03:00;OMV EVRO DIZEL;42.00;8,736.00;1,456.00;00227262;183267;183267;                  ;SR;ADA CIGANLIJA;OMV EVRO DIZEL;208.000;8,736.00;0.00;0.00;1,456.00;RSD;8916366460;2026-03-31;YES;NO;217;OMV-RS;;;;D;8,736.00;Yes;760317;2026-03-17;1;
710111;107258;507;BG 2275 - ZR;2026-03-19 10:32:00;OMV EVRO DIZEL;45.00;9,360.00;1,560.00;00093224;184014;184014;                  ;SR;BESKA 2;OMV EVRO DIZEL;208.000;9,360.00;0.00;0.00;1,560.00;RSD;8916366460;2026-03-31;YES;NO;217;OMV-RS;;;;D;9,360.00;Yes;703305;2026-03-19;1;
710111;107258;507;BG 2275 - ZR;2026-03-26 14:16:00;OMV EVRO DIZEL;39.20;8,310.40;1,385.07;00225579;185375;185375;                  ;SR;CELIJE;OMV EVRO DIZEL;212.000;8,310.40;0.00;0.00;1,385.07;RSD;8916366460;2026-03-31;YES;NO;117;OMV-RS;;;;D;8,310.40;Yes;741658;2026-03-26;1;
710111;107258;507;BG 2275 - ZR;2026-03-31 09:14:00;OMV EVRO DIZEL;43.00;9,159.00;1,526.50;00207409;186063;186063;                  ;SR;VRBAS;OMV EVRO DIZEL;213.000;9,159.00;0.00;0.00;1,526.50;RSD;8916366460;2026-03-31;YES;NO;117;OMV-RS;;;;D;9,159.00;Yes;791421;2026-03-31;1;
710111;107258;507;BG 2275 - ZR;2026-04-03 08:13:00;OMV EVRO DIZEL;40.00;8,520.00;1,420.00;00019649;186754;186754;                  ;SR;BESKA 2;OMV EVRO DIZEL;213.000;8,520.00;0.00;0.00;1,420.00;RSD;8916369392;2026-04-09;YES;NO;217;OMV-RS;;;;D;8,520.00;Yes;781331;2026-04-03;1;
710111;107258;507;BG 2275 - ZR;2026-04-08 08:30:00;AdBlue;2.54;252.17;42.03;00267688;187964;187964;                  ;SR;BESKA 2;AdBlue;99.280;252.17;0.00;0.00;42.03;RSD;8916369392;2026-04-09;YES;NO;217;OMV-RS;;;;D;314.96;Yes;783106;2026-04-08;1;
710111;107258;507;BG 2275 - ZR;2026-04-08 08:30:00;AdBlue;10.26;1,018.61;169.77;00267688;187964;187964;                  ;SR;BESKA 2;AdBlue;99.280;1,018.61;0.00;0.00;169.77;RSD;8916369392;2026-04-09;YES;NO;217;OMV-RS;;;;D;1,272.24;Yes;783106;2026-04-08;1;
710111;107258;507;BG 2275 - ZR;2026-04-08 13:31:00;OMV EVRO DIZEL;45.00;9,630.00;1,605.00;00288935;188206;188206;                  ;SR;BESKA 1;OMV EVRO DIZEL;214.000;9,630.00;0.00;0.00;1,605.00;RSD;8916369392;2026-04-09;YES;NO;217;OMV-RS;;;;D;9,630.00;Yes;733209;2026-04-08;1;
710111;107258;507;BG 2275 - ZR;2026-04-16 13:08:00;OMV EVRO DIZEL;40.00;8,680.00;1,446.67;00279381;189566;189566;                  ;SR;DOBANOVCI-SURCIN;OMV EVRO DIZEL;217.000;8,680.00;0.00;0.00;1,446.67;RSD;8916372386;2026-04-30;YES;NO;217;OMV-RS;;;;D;8,680.00;Yes;730855;2026-04-16;1;
710111;107258;507;BG 2275 - ZR;2026-04-20 07:10:00;OMV EVRO DIZEL;41.00;8,897.00;1,482.83;00223207;190295;190295;                  ;SR;ADA CIGANLIJA;OMV EVRO DIZEL;217.000;8,897.00;0.00;0.00;1,482.83;RSD;8916372386;2026-04-30;YES;NO;217;OMV-RS;;;;D;8,897.00;Yes;771022;2026-04-20;1;
710111;107258;507;BG 2275 - ZR;2026-04-23 11:54:00;OMV EVRO DIZEL;44.00;9,548.00;1,591.33;00140123;191686;191686;                  ;SR;DOBANOVCI-SURCIN;OMV EVRO DIZEL;217.000;9,548.00;0.00;0.00;1,591.33;RSD;8916372386;2026-04-30;YES;NO;217;OMV-RS;;;;D;9,548.00;Yes;715438;2026-04-23;1;
710111;107258;507;BG 2275 - ZR;2026-04-27 07:38:00;OMV EVRO DIZEL;37.40;8,190.60;1,365.10;00103254;192339;192339;                  ;SR;BESKA 2;OMV EVRO DIZEL;219.000;8,190.60;0.00;0.00;1,365.10;RSD;8916372386;2026-04-30;YES;NO;217;OMV-RS;;;;D;8,190.60;Yes;773858;2026-04-27;1;
710111;107258;507;BG 2275 - ZR;2026-04-29 07:21:00;OMV EVRO DIZEL;42.01;9,200.19;1,533.36;00258587;193039;193039;                  ;SR;OBILAZNICA 1;OMV EVRO DIZEL;219.000;9,200.19;0.00;0.00;1,533.36;RSD;8916372386;2026-04-30;YES;NO;217;OMV-RS;;;;D;9,200.19;Yes;772144;2026-04-29;1;
710111;107258;507;BG 2275 - ZR;2026-05-05 07:47:00;OMV EVRO DIZEL;44.00;9,724.00;1,620.67;00262127;193749;193749;                  ;SR;OBILAZNICA 1;OMV EVRO DIZEL;221.000;9,724.00;0.00;0.00;1,620.67;RSD;8916375402;2026-05-15;YES;NO;217;OMV-RS;;;;D;9,724.00;Yes;774718;2026-05-05;1;
710111;107258;507;BG 2275 - ZR;2026-05-11 16:38:00;OMV EVRO DIZEL;40.01;8,922.23;1,487.04;00234812;195228;195228;                  ;SR;ADA CIGANLIJA;OMV EVRO DIZEL;223.000;8,922.23;0.00;0.00;1,487.04;RSD;8916375402;2026-05-15;YES;NO;217;OMV-RS;;;;D;8,922.23;Yes;763814;2026-05-11;1;
710111;107258;507;BG 2275 - ZR;2026-05-13 12:40:00;OMV EVRO DIZEL;42.00;9,366.00;1,561.00;00265833;195943;195943;                  ;SR;ADA CIGANLIJA;OMV EVRO DIZEL;223.000;9,366.00;0.00;0.00;1,561.00;RSD;8916375402;2026-05-15;YES;NO;217;OMV-RS;;;;D;9,366.00;Yes;724055;2026-05-13;1;
710111;107258;507;BG 2275 - ZR;2026-05-15 07:24:00;OMV EVRO DIZEL;40.00;8,920.00;1,486.67;00289857;196649;196649;                  ;SR;BESKA 2;OMV EVRO DIZEL;223.000;8,920.00;0.00;0.00;1,486.67;RSD;8916375402;2026-05-15;YES;NO;217;OMV-RS;;;;D;8,920.00;Yes;772428;2026-05-15;1;
710111;107258;507;BG 2275 - ZR;2026-05-18 14:36:00;OMV EVRO DIZEL;43.00;9,589.00;1,598.17;00080074;197345;197345;                  ;SR;BACKA TOPOLA;OMV EVRO DIZEL;223.000;9,589.00;0.00;0.00;1,598.17;RSD;8916378386;2026-05-31;YES;NO;217;OMV-RS;;;;D;9,589.00;Yes;743646;2026-05-18;1;
710111;107258;507;BG 2275 - ZR;2026-05-20 13:49:00;OMV EVRO DIZEL;40.00;8,780.00;1,463.33;00146451;198039;198039;                  ;SR;DOBANOVCI-SURCIN;OMV EVRO DIZEL;219.500;8,780.00;0.00;0.00;1,463.33;RSD;8916378386;2026-05-31;YES;NO;217;OMV-RS;;;;D;8,920.00;Yes;734959;2026-05-20;1;
710111;107258;507;BG 2275 - ZR;2026-05-25 11:46:00;OMV EVRO DIZEL;43.00;9,524.50;1,587.42;00110816;198775;198775;                  ;SR;BESKA 2;OMV EVRO DIZEL;221.500;9,524.50;0.00;0.00;1,587.42;RSD;8916378386;2026-05-31;YES;NO;217;OMV-RS;;;;D;9,675.00;Yes;714626;2026-05-25;1;
710111;107258;507;BG 2275 - ZR;2026-05-27 08:16:00;OMV EVRO DIZEL;44.00;9,746.00;1,624.33;00022248;199494;199494;                  ;SR;BESKA 2;OMV EVRO DIZEL;221.500;9,746.00;0.00;0.00;1,624.33;RSD;8916378386;2026-05-31;YES;NO;217;OMV-RS;;;;D;9,900.00;Yes;781701;2026-05-27;1;
710111;107258;507;BG 2275 - ZR;2026-05-28 17:19:00;OMV EVRO DIZEL;42.00;9,303.00;1,550.50;00323239;200219;200219;                  ;SR;BESKA 1;OMV EVRO DIZEL;221.500;9,303.00;0.00;0.00;1,550.50;RSD;8916378386;2026-05-31;YES;NO;217;OMV-RS;;;;D;9,450.00;Yes;772005;2026-05-28;1;
710111;107258;507;BG 2275 - ZR;2026-06-02 09:26:00;OMV EVRO DIZEL;45.00;9,832.50;1,638.75;00170348;200973;200973;                  ;SR;BACKA TOPOLA 2;OMV EVRO DIZEL;218.500;9,832.50;0.00;0.00;1,638.75;RSD;8916381034;2026-06-15;YES;NO;217;OMV-RS;;;;D;9,990.00;Yes;792934;2026-06-02;1;
710111;107258;507;BG 2275 - ZR;2026-06-02 14:08:00;AdBlue;12.00;1,220.16;203.36;00326928;201125;201125;                  ;SR;BESKA 1;AdBlue;101.680;1,220.16;0.00;0.00;203.36;RSD;8916381034;2026-06-15;YES;NO;217;OMV-RS;;;;D;1,488.00;Yes;740828;2026-06-02;1;
710111;107258;507;BG 2275 - ZR;2026-06-04 12:40:00;OMV EVRO DIZEL;43.00;9,395.50;1,565.92;00328440;201735;201735;                  ;SR;BESKA 1;OMV EVRO DIZEL;218.500;9,395.50;0.00;0.00;1,565.92;RSD;8916381034;2026-06-15;YES;NO;217;OMV-RS;;;;D;9,546.00;Yes;724009;2026-06-04;1;
710111;107258;507;BG 2275 - ZR;2026-06-06 07:39:00;OMV EVRO DIZEL;45.00;9,810.00;1,635.00;00067984;202505;202505;                  ;SR;OBILAZNICA 1;OMV EVRO DIZEL;218.000;9,810.00;0.00;0.00;1,635.00;RSD;8916381034;2026-06-15;YES;NO;217;OMV-RS;;;;D;9,990.00;Yes;773910;2026-06-06;1;
710111;107258;507;BG 2275 - ZR;2026-06-08 13:13:00;OMV EVRO DIZEL;42.00;9,156.00;1,526.00;00152097;203185;203185;                  ;SR;DOBANOVCI-SURCIN;OMV EVRO DIZEL;218.000;9,156.00;0.00;0.00;1,526.00;RSD;8916381034;2026-06-15;YES;NO;217;OMV-RS;;;;D;9,324.00;Yes;731336;2026-06-08;1;
710111;107258;507;BG 2275 - ZR;2026-06-11 07:07:00;OMV EVRO DIZEL;42.00;9,156.00;1,526.00;00285783;203966;203966;                  ;SR;OBILAZNICA 1;OMV EVRO DIZEL;218.000;9,156.00;0.00;0.00;1,526.00;RSD;8916381034;2026-06-15;YES;NO;217;OMV-RS;;;;D;9,324.00;Yes;770745;2026-06-11;1;
710111;107258;507;BG 2275 - ZR;2026-06-12 09:06:00;OMV EVRO DIZEL;45.00;9,765.00;1,627.50;00249734;204645;204645;                  ;SR;BACKA TOPOLA 2;OMV EVRO DIZEL;217.000;9,765.00;0.00;0.00;1,627.50;RSD;8916381034;2026-06-15;YES;NO;217;OMV-RS;;;;D;9,990.00;Yes;791013;2026-06-12;1;
710111;107258;507;BG 2275 - ZR;2026-06-13 14:27:00;OMV EVRO DIZEL;43.00;9,245.00;1,540.83;00153550;205387;205387;                  ;SR;DOBANOVCI-SURCIN;OMV EVRO DIZEL;215.000;9,245.00;0.00;0.00;1,540.83;RSD;8916381034;2026-06-15;YES;NO;217;OMV-RS;;;;D;9,460.00;Yes;742744;2026-06-13;1;
710111;107258;507;BG 2275 - ZR;2026-06-16 14:35:00;OMV EVRO DIZEL;44.00;9,460.00;1,576.67;00316223;206147;206147;                  ;SR;DOBANOVCI-SURCIN;OMV EVRO DIZEL;215.000;9,460.00;0.00;0.00;1,576.67;RSD;8916383263;2026-06-21;YES;NO;217;OMV-RS;;;;D;9,680.00;Yes;743602;2026-06-16;1;
710111;107258;507;BG 2275 - ZR;2026-06-23 15:33:00;OMV EVRO DIZEL;41.17;8,686.87;1,447.81;00078658;207643;207643;                  ;SR;OBILAZNICA 1;OMV EVRO DIZEL;211.000;8,686.87;0.00;0.00;1,447.81;RSD;8916386380;2026-06-28;YES;NO;217;OMV-RS;;;;D;8,933.89;Yes;753327;2026-06-23;1;
710111;107258;507;BG 2275 - ZR;2026-07-03 09:29:00;OMV EVRO DIZEL;42.00;8,820.00;1,470.00;00299777;209104;209104;                  ;SR;OBILAZNICA 1;OMV EVRO DIZEL;210.000;8,820.00;0.00;0.00;1,470.00;RSD;8916391266;2026-07-12;YES;NO;217;OMV-RS;;;;D;9,114.00;Yes;792941;2026-07-03;1;
710111;107258;507;BG 2275 - ZR;2026-07-06 15:24:00;OMV EVRO DIZEL;44.00;9,328.00;1,554.67;00017952;209568;209568;                  ;SR;VRBAS;OMV EVRO DIZEL;212.000;9,328.00;0.00;0.00;1,554.67;RSD;8916391266;2026-07-12;YES;NO;117;OMV-RS;;;;D;9,636.00;Yes;752503;2026-07-06;1;
710111;107258;507;BG 2275 - ZR;2026-07-08 16:14:00;OMV EVRO DIZEL;44.00;9,372.00;1,562.00;00356018;210607;210607;                  ;SR;BESKA 1;OMV EVRO DIZEL;213.000;9,372.00;0.00;0.00;1,562.00;RSD;8916391266;2026-07-12;YES;NO;217;OMV-RS;;;;D;9,636.00;Yes;761411;2026-07-08;1;
710111;107258;507;BG 2275 - ZR;2026-07-10 13:03:00;OMV EVRO DIZEL;40.00;8,520.00;1,420.00;00108320;211330;211330;                  ;SR;BESKA 1;OMV EVRO DIZEL;213.000;8,520.00;0.00;0.00;1,420.00;RSD;8916391266;2026-07-12;YES;NO;217;OMV-RS;;;;D;8,760.00;Yes;730405;2026-07-10;1;
710111;107258;507;BG 2275 - ZR;2026-07-14 15:03:00;OMV EVRO DIZEL;42.00;9,030.00;1,505.00;00166355;212053;212053;                  ;SR;DOBANOVCI-SURCIN;OMV EVRO DIZEL;215.000;9,030.00;0.00;0.00;1,505.00;RSD;8916393376;2026-07-15;YES;NO;217;OMV-RS;;;;D;9,240.00;Yes;750403;2026-07-14;1;
710111;107258;507;BG 2275 - ZR;2026-07-15 11:47:00;AdBlue Kanister;1.00;2,299.00;383.17;00022873;212494;212494;                  ;SR;VRBAS;AdBlue Kanister;2,299.000;2,299.00;0.00;0.00;383.17;RSD;8916393376;2026-07-15;YES;NO;117;OMV-RS;;;;D;0.00;No;714736;2026-07-15;1;
710111;107258;507;BG 2275 - ZR;2026-07-18 13:13:00;OMV EVRO DIZEL;41.00;8,938.00;1,489.67;00335596;212725;212725;                  ;SR;DOBANOVCI-SURCIN;OMV EVRO DIZEL;218.000;8,938.00;0.00;0.00;1,489.67;RSD;;;YES;NO;217;OMV-RS;;;;D;9,102.00;Yes;731410;2026-07-18;1;
710111;107258;507;BG 2275 - ZR;2026-07-21 11:05:00;AdBlue;3.00;308.64;51.44;00114709;213276;213276;                  ;SR;BESKA 1;AdBlue;102.880;308.64;0.00;0.00;51.44;RSD;;;NO;NO;217;OMV-RS;;;;D;372.00;Yes;710549;2026-07-21;1;
710111;107258;507;BG 2275 - ZR;2026-07-22 07:27:00;OMV EVRO DIZEL;45.00;9,855.00;1,642.50;00002995;213559;213559;                  ;SR;OBILAZNICA 1;OMV EVRO DIZEL;219.000;9,855.00;0.00;0.00;1,642.50;RSD;;;NO;NO;217;OMV-RS;;;;D;9,990.00;Yes;772712;2026-07-22;1;
710111;107258;507;BG 2275 - ZR;2026-07-24 07:42:00;OMV EVRO DIZEL;42.00;9,240.00;1,540.00;00030765;214304;214304;                  ;SR;BESKA 2;OMV EVRO DIZEL;220.000;9,240.00;0.00;0.00;1,540.00;RSD;;;NO;NO;217;OMV-RS;;;;D;9,324.00;Yes;774231;2026-07-24;1;
710111;107258;507;BG 2275 - ZR;2026-07-25 13:04:00;OMV EVRO DIZEL;43.00;9,503.00;1,583.83;00028740;214963;214963;                  ;SR;VRBAS;OMV EVRO DIZEL;221.000;9,503.00;0.00;0.00;1,583.83;RSD;;;NO;NO;117;OMV-RS;;;;D;9,632.00;Yes;730501;2026-07-25;1;
710111;107258;507;BG 2275 - ZR;2026-07-28 14:05:00;OMV EVRO DIZEL;42.00;9,324.00;1,554.00;00373610;215687;215687;                  ;SR;BESKA 1;OMV EVRO DIZEL;222.000;9,324.00;0.00;0.00;1,554.00;RSD;;;NO;NO;217;OMV-RS;;;;D;9,408.00;Yes;740602;2026-07-28;1;
710111;107258;499;BG 2275 - ZS;2025-10-01 07:45:00;OMV EVRO DIZEL;44.00;8,272.00;1,378.67;00126094;183324;183324;                  ;SR;ADA CIGANLIJA;OMV EVRO DIZEL;188.000;8,272.00;0.00;0.00;1,378.67;RSD;8915397668;2025-10-15;YES;NO;217;OMV-RS;;;;D;8,580.00;Yes;774526;2025-10-01;1;
710111;107258;499;BG 2275 - ZS;2025-10-07 10:28:00;OMV EVRO DIZEL;38.46;7,230.48;1,205.08;00052989;184101;184101;                  ;SR;GORNJI MILANOVAC;OMV EVRO DIZEL;188.000;7,230.48;0.00;0.00;1,205.08;RSD;8915397668;2025-10-15;YES;NO;117;OMV-RS;;;;D;7,499.70;Yes;702845;2025-10-07;1;
710111;107258;499;BG 2275 - ZS;2025-10-14 13:50:00;OMV EVRO DIZEL;44.97;8,454.36;1,409.06;00174307;185004;185004;                  ;SR;BUBANJ POTOK;OMV EVRO DIZEL;188.000;8,454.36;0.00;0.00;1,409.06;RSD;8915397668;2025-10-15;YES;NO;217;OMV-RS;;;;D;8,724.20;Yes;735015;2025-10-14;1;
710111;107258;499;BG 2275 - ZS;2025-10-24 10:32:00;OMV EVRO DIZEL;44.00;8,184.00;1,364.00;00080487;185928;185928;                  ;SR;BUBANJ POTOK;OMV EVRO DIZEL;186.000;8,184.00;0.00;0.00;1,364.00;RSD;8915400359;2025-10-31;YES;NO;217;OMV-RS;;;;D;8,448.00;Yes;703252;2025-10-24;1;
710111;107258;499;BG 2275 - ZS;2025-10-30 07:41:00;OMV EVRO DIZEL;42.51;7,970.63;1,328.44;00082566;186865;186865;                  ;SR;BUBANJ POTOK;OMV EVRO DIZEL;187.500;7,970.63;0.00;0.00;1,328.44;RSD;8915400359;2025-10-31;YES;NO;217;OMV-RS;;;;D;8,204.40;Yes;774207;2025-10-30;1;
710111;107258;499;BG 2275 - ZS;2025-11-06 12:40:00;OMV EVRO DIZEL;43.50;8,308.50;1,384.75;00129337;187700;187700;                  ;SR;KRAGUJEVAC ARS;OMV EVRO DIZEL;191.000;8,308.50;0.00;0.00;1,384.75;RSD;8915402843;2025-11-15;YES;NO;117;OMV-RS;;;;D;8,526.00;Yes;724049;2025-11-06;1;
710111;107258;499;BG 2275 - ZS;2025-11-14 11:12:00;OMV EVRO DIZEL;44.00;8,536.00;1,422.67;00132754;188606;188606;                  ;SR;KRAGUJEVAC ARS;OMV EVRO DIZEL;194.000;8,536.00;0.00;0.00;1,422.67;RSD;8915402843;2025-11-15;YES;NO;117;OMV-RS;;;;D;8,712.00;Yes;711251;2025-11-14;1;
710111;107258;499;BG 2275 - ZS;2025-11-25 11:45:00;OMV EVRO DIZEL;40.52;8,104.00;1,350.67;00137515;189530;189530;                  ;SR;KRAGUJEVAC ARS;OMV EVRO DIZEL;200.000;8,104.00;0.00;0.00;1,350.67;RSD;8915405535;2025-11-30;YES;NO;117;OMV-RS;;;;D;8,266.10;Yes;714609;2025-11-25;1;
710111;107258;499;BG 2275 - ZS;2025-12-03 08:07:00;OMV EVRO DIZEL;44.90;8,845.30;1,474.22;00096176;190459;190459;                  ;SR;BUBANJ POTOK;OMV EVRO DIZEL;197.000;8,845.30;0.00;0.00;1,474.22;RSD;8915408077;2025-12-15;YES;NO;217;OMV-RS;;;;D;9,024.90;Yes;780747;2025-12-03;1;
710111;107258;499;BG 2275 - ZS;2025-12-10 10:16:00;OMV EVRO DIZEL;40.77;7,827.84;1,304.64;00167969;191294;191294;                  ;SR;ADA CIGANLIJA;OMV EVRO DIZEL;192.000;7,827.84;0.00;0.00;1,304.64;RSD;8915408077;2025-12-15;YES;NO;217;OMV-RS;;;;D;8,072.46;Yes;701703;2025-12-10;1;
710111;107258;499;BG 2275 - ZS;2025-12-10 10:16:00;AdBlue Kanister;1.00;999.00;166.50;00167969;191294;191294;                  ;SR;ADA CIGANLIJA;AdBlue Kanister;999.000;999.00;0.00;0.00;166.50;RSD;8915408077;2025-12-15;YES;NO;217;OMV-RS;;;;D;0.00;No;701703;2025-12-10;1;
710111;107258;499;BG 2275 - ZS;2025-12-17 07:19:00;OMV EVRO DIZEL;46.02;8,835.84;1,472.64;00216212;192203;192203;                  ;SR;BUBANJ POTOK;OMV EVRO DIZEL;192.000;8,835.84;0.00;0.00;1,472.64;RSD;8915410794;2025-12-31;YES;NO;217;OMV-RS;;;;D;9,111.96;Yes;771936;2025-12-17;1;
710111;107258;499;BG 2275 - ZS;2025-12-23 16:31:00;OMV EVRO DIZEL;45.83;8,684.79;1,447.46;00220580;193184;193184;                  ;SR;BUBANJ POTOK;OMV EVRO DIZEL;189.500;8,684.79;0.00;0.00;1,447.46;RSD;8915410794;2025-12-31;YES;NO;217;OMV-RS;;;;D;8,982.68;Yes;763127;2025-12-23;1;
710111;107258;499;BG 2275 - ZS;2025-12-30 09:51:00;OMV EVRO DIZEL;42.40;7,950.00;1,325.00;00153454;194026;194026;                  ;SR;KRAGUJEVAC ARS;OMV EVRO DIZEL;187.500;7,950.00;0.00;0.00;1,325.00;RSD;8915410794;2025-12-31;YES;NO;117;OMV-RS;;;;D;8,225.60;Yes;795115;2025-12-30;1;
710111;107258;499;BG 2275 - ZS;2026-01-14 09:21:00;AdBlue Kanister;1.00;2,099.00;349.83;00234177;194794;194794;                  ;SR;BUBANJ POTOK;AdBlue Kanister;2,099.000;2,099.00;0.00;0.00;349.83;RSD;8916351914;2026-01-15;YES;NO;217;OMV-RS;;;;D;0.00;No;792120;2026-01-14;1;
710111;107258;499;BG 2275 - ZS;2026-01-14 09:21:00;OMV EVRO DIZEL;42.53;7,846.79;1,307.80;00234177;194794;194794;                  ;SR;BUBANJ POTOK;OMV EVRO DIZEL;184.500;7,846.79;0.00;0.00;1,307.80;RSD;8916351914;2026-01-15;YES;NO;217;OMV-RS;;;;D;8,123.23;Yes;792120;2026-01-14;1;
710111;107258;499;BG 2275 - ZS;2026-01-21 15:41:00;OMV EVRO DIZEL;45.15;8,375.33;1,395.89;00238944;195654;195654;                  ;SR;BUBANJ POTOK;OMV EVRO DIZEL;185.500;8,375.33;0.00;0.00;1,395.89;RSD;8916354637;2026-01-31;YES;NO;217;OMV-RS;;;;D;8,668.80;Yes;754128;2026-01-21;1;
710111;107258;499;BG 2275 - ZS;2026-01-29 15:31:00;OMV EVRO DIZEL;45.00;8,392.50;1,398.75;00244248;196547;196547;                  ;SR;BUBANJ POTOK;OMV EVRO DIZEL;186.500;8,392.50;0.00;0.00;1,398.75;RSD;8916354637;2026-01-31;YES;NO;217;OMV-RS;;;;D;8,685.00;Yes;753201;2026-01-29;1;
710111;107258;499;BG 2275 - ZS;2026-02-05 11:32:00;OMV EVRO DIZEL;41.85;7,805.03;1,300.84;00168828;197454;197454;                  ;SR;KRAGUJEVAC ARS;OMV EVRO DIZEL;186.500;7,805.03;0.00;0.00;1,300.84;RSD;8916357592;2026-02-15;YES;NO;117;OMV-RS;;;;D;8,077.05;Yes;713213;2026-02-05;1;
710111;107258;499;BG 2275 - ZS;2026-02-12 12:51:00;OMV EVRO DIZEL;46.48;8,784.72;1,464.12;00171675;198342;198342;                  ;SR;KRAGUJEVAC ARS;OMV EVRO DIZEL;189.000;8,784.72;0.00;0.00;1,464.12;RSD;8916357592;2026-02-15;YES;NO;117;OMV-RS;;;;D;9,110.08;Yes;725140;2026-02-12;1;
710111;107258;499;BG 2275 - ZS;2026-02-20 08:35:00;OMV EVRO DIZEL;39.00;7,371.00;1,228.50;00118348;199097;199097;                  ;SR;BUBANJ POTOK;OMV EVRO DIZEL;189.000;7,371.00;0.00;0.00;1,228.50;RSD;8916360516;2026-02-28;YES;NO;217;OMV-RS;;;;D;7,644.00;Yes;783532;2026-02-20;1;
710111;107258;499;BG 2275 - ZS;2026-02-27 08:22:00;OMV EVRO DIZEL;44.30;8,461.30;1,410.22;00263147;200004;200004;                  ;SR;BUBANJ POTOK;OMV EVRO DIZEL;191.000;8,461.30;0.00;0.00;1,410.22;RSD;8916360516;2026-02-28;YES;NO;217;OMV-RS;;;;D;8,771.40;Yes;782214;2026-02-27;1;
710111;107258;499;BG 2275 - ZS;2026-03-05 10:44:00;OMV EVRO DIZEL;42.80;8,260.40;1,376.73;00180390;200860;200860;                  ;SR;KRAGUJEVAC ARS;OMV EVRO DIZEL;193.000;8,260.40;0.00;0.00;1,376.73;RSD;8916363465;2026-03-15;YES;NO;117;OMV-RS;;;;D;8,560.00;Yes;704508;2026-03-05;1;
710111;107258;499;BG 2275 - ZS;2026-03-12 09:29:00;OMV EVRO DIZEL;41.74;8,473.22;1,412.20;00124326;201710;201710;                  ;SR;BUBANJ POTOK;OMV EVRO DIZEL;203.000;8,473.22;0.00;0.00;1,412.20;RSD;8916363465;2026-03-15;YES;NO;217;OMV-RS;;;;D;8,473.22;Yes;792921;2026-03-12;1;
710111;107258;499;BG 2275 - ZS;2026-03-17 15:47:00;OMV EVRO DIZEL;43.50;9,048.00;1,508.00;00126024;202612;202612;                  ;SR;BUBANJ POTOK;OMV EVRO DIZEL;208.000;9,048.00;0.00;0.00;1,508.00;RSD;8916366460;2026-03-31;YES;NO;217;OMV-RS;;;;D;9,048.00;Yes;754732;2026-03-17;1;
710111;107258;499;BG 2275 - ZS;2026-03-24 12:27:00;OMV EVRO DIZEL;44.32;9,395.84;1,565.97;00188192;203502;203502;                  ;SR;KRAGUJEVAC ARS;OMV EVRO DIZEL;212.000;9,395.84;0.00;0.00;1,565.97;RSD;8916366460;2026-03-31;YES;NO;117;OMV-RS;;;;D;9,395.84;Yes;722717;2026-03-24;1;
710111;107258;499;BG 2275 - ZS;2026-04-02 09:25:00;OMV EVRO DIZEL;45.30;9,648.90;1,608.15;00130944;204464;204464;                  ;SR;BUBANJ POTOK;OMV EVRO DIZEL;213.000;9,648.90;0.00;0.00;1,608.15;RSD;8916369392;2026-04-09;YES;NO;217;OMV-RS;;;;D;9,648.90;Yes;792550;2026-04-02;1;
710111;107258;499;BG 2275 - ZS;2026-04-08 20:05:00;OMV EVRO DIZEL;41.21;8,818.94;1,469.82;00291661;205296;205296;                  ;SR;BUBANJ POTOK;OMV EVRO DIZEL;214.000;8,818.94;0.00;0.00;1,469.82;RSD;8916369392;2026-04-09;YES;NO;217;OMV-RS;;;;D;8,818.94;Yes;700605;2026-04-08;1;
710111;107258;499;BG 2275 - ZS;2026-04-17 05:04:00;OMV EVRO DIZEL;42.87;9,302.79;1,550.46;00139017;206199;206199;                  ;SR;PARTIZANSKI PUT;OMV EVRO DIZEL;217.000;9,302.79;0.00;0.00;1,550.46;RSD;8916372386;2026-04-30;YES;NO;217;OMV-RS;;;;D;9,302.79;Yes;750437;2026-04-17;1;
710111;107258;499;BG 2275 - ZS;2026-04-24 07:50:00;OMV EVRO DIZEL;43.02;9,335.34;1,555.89;00298879;207057;207057;                  ;SR;BUBANJ POTOK;OMV EVRO DIZEL;217.000;9,335.34;0.00;0.00;1,555.89;RSD;8916372386;2026-04-30;YES;NO;217;OMV-RS;;;;D;9,335.34;Yes;775024;2026-04-24;1;
710111;107258;499;BG 2275 - ZS;2026-05-01 10:03:00;OMV EVRO DIZEL;39.94;8,826.74;1,471.12;00257632;207871;207871;                  ;SR;ADA CIGANLIJA;OMV EVRO DIZEL;221.000;8,826.74;0.00;0.00;1,471.12;RSD;8916375402;2026-05-15;YES;NO;217;OMV-RS;;;;D;8,826.74;Yes;700359;2026-05-01;1;
710111;107258;499;BG 2275 - ZS;2026-05-08 09:06:00;OMV EVRO DIZEL;39.50;8,729.50;1,454.92;00309059;208670;208670;                  ;SR;BUBANJ POTOK;OMV EVRO DIZEL;221.000;8,729.50;0.00;0.00;1,454.92;RSD;8916375402;2026-05-15;YES;NO;217;OMV-RS;;;;D;8,729.50;Yes;790705;2026-05-08;1;
710111;107258;499;BG 2275 - ZS;2026-05-14 20:47:00;OMV EVRO DIZEL;44.33;9,885.59;1,647.60;00313933;209644;209644;                  ;SR;BUBANJ POTOK;OMV EVRO DIZEL;223.000;9,885.59;0.00;0.00;1,647.60;RSD;8916375402;2026-05-15;YES;NO;217;OMV-RS;;;;D;9,885.59;Yes;704716;2026-05-14;1;
710111;107258;499;BG 2275 - ZS;2026-05-21 14:58:00;OMV EVRO DIZEL;40.00;8,780.00;1,463.33;00212876;210477;210477;                  ;SR;KRAGUJEVAC ARS;OMV EVRO DIZEL;219.500;8,780.00;0.00;0.00;1,463.33;RSD;8916378386;2026-05-31;YES;NO;117;OMV-RS;;;;D;8,920.00;Yes;745831;2026-05-21;1;
710111;107258;499;BG 2275 - ZS;2026-05-28 16:56:00;AdBlue Kanister;1.00;2,599.00;433.17;00179598;211465;211465;                  ;SR;LAPOVO SEVER;AdBlue Kanister;2,599.000;2,599.00;0.00;0.00;433.17;RSD;8916378386;2026-05-31;YES;NO;217;OMV-RS;;;;D;0.00;No;765654;2026-05-28;1;
710111;107258;499;BG 2275 - ZS;2026-05-28 16:56:00;OMV EVRO DIZEL;44.00;9,746.00;1,624.33;00179598;211465;211465;                  ;SR;LAPOVO SEVER;OMV EVRO DIZEL;221.500;9,746.00;0.00;0.00;1,624.33;RSD;8916378386;2026-05-31;YES;NO;217;OMV-RS;;;;D;9,900.00;Yes;765654;2026-05-28;1;
710111;107258;499;BG 2275 - ZS;2026-06-08 08:00:00;OMV EVRO DIZEL;46.50;10,137.00;1,689.50;00056214;213221;213221;                  ;SR;BUBANJ POTOK;OMV EVRO DIZEL;218.000;10,137.00;0.00;0.00;1,689.50;RSD;8916381034;2026-06-15;YES;NO;217;OMV-RS;;;;D;10,323.00;Yes;780047;2026-06-08;1;
710111;107258;499;BG 2275 - ZS;2026-06-11 17:58:00;OMV EVRO DIZEL;42.40;9,243.20;1,540.53;00159719;213139;213139;                  ;SR;BUBANJ POTOK;OMV EVRO DIZEL;218.000;9,243.20;0.00;0.00;1,540.53;RSD;8916381034;2026-06-15;YES;NO;217;OMV-RS;;;;D;9,412.80;Yes;775904;2026-06-11;1;
710111;107258;499;BG 2275 - ZS;2026-06-19 18:57:00;OMV EVRO DIZEL;45.71;9,644.81;1,607.47;00064857;214045;214045;                  ;SR;BUBANJ POTOK;OMV EVRO DIZEL;211.000;9,644.81;0.00;0.00;1,607.47;RSD;8916383263;2026-06-21;YES;NO;217;OMV-RS;;;;D;9,919.07;Yes;785748;2026-06-19;1;
710111;107258;499;BG 2275 - ZS;2026-06-29 12:58:00;OMV EVRO DIZEL;46.00;9,660.00;1,610.00;00071745;214843;214843;                  ;SR;BUBANJ POTOK;OMV EVRO DIZEL;210.000;9,660.00;0.00;0.00;1,610.00;RSD;8916388629;2026-06-30;YES;NO;217;OMV-RS;;;;D;9,982.00;Yes;725820;2026-06-29;1;
710111;107258;499;BG 2275 - ZS;2026-07-07 07:00:00;OMV EVRO DIZEL;44.50;9,434.00;1,572.33;00077325;215790;215790;                  ;SR;BUBANJ POTOK;OMV EVRO DIZEL;212.000;9,434.00;0.00;0.00;1,572.33;RSD;8916391266;2026-07-12;YES;NO;217;OMV-RS;;;;D;9,745.50;Yes;770110;2026-07-07;1;
710111;107258;143;BG 2266 - UF;2024-01-01 10:59:00;EDMAXXM ZIMSKI;38.20;7,750.80;1,291.80;00214424;28880;28880;                  ;SR;ADA CIGANLIJA;EDMAXXM ZIMSKI;202.901;7,750.80;0.00;0.00;1,291.80;RSD;8914352150;2024-01-15;YES;NO;217;OMV-RS;;;;D;0.00;No;710221;2024-01-01;1;
710111;107258;143;BG 2266 - UF;2024-01-17 07:12:00;OMV EVRO DIZEL;36.49;6,695.92;1,115.99;00383161;29542;29542;                  ;SR;ADA CIGANLIJA;OMV EVRO DIZEL;183.500;6,695.92;0.00;0.00;1,115.99;RSD;8914354763;2024-01-31;YES;NO;217;OMV-RS;;;;D;7,079.10;Yes;771541;2024-01-17;1;
710111;107258;143;BG 2266 - UF;2024-01-24 14:19:00;OMV EVRO DIZEL;42.05;7,800.28;1,300.05;00386566;30300;30300;                  ;SR;ADA CIGANLIJA;OMV EVRO DIZEL;185.500;7,800.28;0.00;0.00;1,300.05;RSD;8914354763;2024-01-31;YES;NO;217;OMV-RS;;;;D;8,241.80;Yes;742240;2024-01-24;1;
710111;107258;143;BG 2266 - UF;2024-02-01 11:56:00;OMV EVRO DIZEL;38.10;7,143.75;1,190.62;00390334;30980;30980;                  ;SR;ADA CIGANLIJA;OMV EVRO DIZEL;187.500;7,143.75;0.00;0.00;1,190.62;RSD;8914357027;2024-02-15;YES;NO;217;OMV-RS;;;;D;7,543.80;Yes;715954;2024-02-01;1;
710111;107258;143;BG 2266 - UF;2024-02-07 07:32:00;OMV EVRO DIZEL;39.90;7,561.05;1,260.17;00393837;31640;31640;                  ;SR;ADA CIGANLIJA;OMV EVRO DIZEL;189.500;7,561.05;0.00;0.00;1,260.17;RSD;8914357027;2024-02-15;YES;NO;217;OMV-RS;;;;D;7,980.00;Yes;773607;2024-02-07;1;
710111;107258;143;BG 2266 - UF;2024-02-13 13:24:00;OMV EVRO DIZEL;42.37;8,071.49;1,345.25;00407275;32350;32350;                  ;SR;BESKA 1;OMV EVRO DIZEL;190.500;8,071.49;0.00;0.00;1,345.25;RSD;8914357027;2024-02-15;YES;NO;217;OMV-RS;;;;D;8,558.70;Yes;732432;2024-02-13;1;
710111;107258;143;BG 2266 - UF;2024-02-16 08:31:00;OMV EVRO DIZEL;41.16;8,046.78;1,341.13;00398700;33130;33130;                  ;SR;ADA CIGANLIJA;OMV EVRO DIZEL;195.500;8,046.78;0.00;0.00;1,341.13;RSD;8914359644;2024-02-29;YES;NO;217;OMV-RS;;;;D;8,437.80;Yes;783550;2024-02-16;1;
710111;107258;143;BG 2266 - UF;2024-02-20 12:18:00;OMV EVRO DIZEL;43.57;8,517.94;1,419.66;00411141;33900;33900;                  ;SR;BESKA 1;OMV EVRO DIZEL;195.500;8,517.94;0.00;0.00;1,419.66;RSD;8914359644;2024-02-29;YES;NO;217;OMV-RS;;;;D;8,931.90;Yes;721832;2024-02-20;1;
710111;107258;143;BG 2266 - UF;2024-02-22 15:06:00;OMV EVRO DIZEL;42.98;8,359.61;1,393.27;00223452;34675;34675;                  ;SR;PARTIZANSKI PUT;OMV EVRO DIZEL;194.500;8,359.61;0.00;0.00;1,393.27;RSD;8914359644;2024-02-29;YES;NO;217;OMV-RS;;;;D;8,810.90;Yes;750705;2024-02-22;1;
710111;107258;143;BG 2266 - UF;2024-02-26 12:50:00;OMV EVRO DIZEL;43.64;8,553.44;1,425.57;00403510;35450;35450;                  ;SR;ADA CIGANLIJA;OMV EVRO DIZEL;196.000;8,553.44;0.00;0.00;1,425.57;RSD;8914359644;2024-02-29;YES;NO;217;OMV-RS;;;;D;8,989.80;Yes;725502;2024-02-26;1;
710111;107258;143;BG 2266 - UF;2024-02-29 16:59:00;OMV EVRO DIZEL;42.14;8,259.44;1,376.57;00196688;36180;36180;                  ;SR;KRNJACA 2;OMV EVRO DIZEL;196.000;8,259.44;0.00;0.00;1,376.57;RSD;8914359644;2024-02-29;YES;NO;217;OMV-RS;;;;D;8,680.80;Yes;770010;2024-02-29;1;
710111;107258;143;BG 2266 - UF;2024-03-06 08:46:00;OMV EVRO DIZEL;37.71;7,296.89;1,216.15;00224565;37500;37500;                  ;SR;NOVI SAD;OMV EVRO DIZEL;193.500;7,296.89;0.00;0.00;1,216.15;RSD;8914361928;2024-03-15;YES;NO;217;OMV-RS;;;;D;7,692.80;Yes;784651;2024-03-06;1;
710111;107258;143;BG 2266 - UF;2024-03-08 06:04:00;OMV EVRO DIZEL;41.43;8,016.71;1,336.12;00292016;0;0;                  ;SR;METRO;OMV EVRO DIZEL;193.500;8,016.71;0.00;0.00;1,336.12;RSD;8914361928;2024-03-15;YES;NO;217;OMV-RS;;;;D;8,451.70;Yes;760431;2024-03-08;1;
710111;107258;143;BG 2266 - UF;2024-03-11 06:39:00;OMV EVRO DIZEL;40.99;7,911.07;1,318.51;00293289;0;0;                  ;SR;METRO;OMV EVRO DIZEL;193.000;7,911.07;0.00;0.00;1,318.51;RSD;8914361928;2024-03-15;YES;NO;217;OMV-RS;;;;D;8,280.00;Yes;763921;2024-03-11;1;
710111;107258;143;BG 2266 - UF;2024-03-13 06:40:00;OMV EVRO DIZEL;37.97;7,271.26;1,211.88;00294156;39400;39400;                  ;SR;METRO;OMV EVRO DIZEL;191.500;7,271.26;0.00;0.00;1,211.88;RSD;8914361928;2024-03-15;YES;NO;217;OMV-RS;;;;D;7,669.90;Yes;764051;2024-03-13;1;
710111;107258;143;BG 2266 - UF;2024-03-15 14:05:00;OMV EVRO DIZEL;42.22;8,042.91;1,340.48;00149523;40115;40115;                  ;SR;BESKA 1;OMV EVRO DIZEL;190.500;8,042.91;0.00;0.00;1,340.48;RSD;8914361928;2024-03-15;YES;NO;217;OMV-RS;;;;D;8,528.40;Yes;740556;2024-03-15;1;
710111;107258;143;BG 2266 - UF;2024-03-19 07:26:00;OMV EVRO DIZEL;39.77;7,476.76;1,246.13;00431999;40770;40770;                  ;SR;BESKA 2;OMV EVRO DIZEL;188.000;7,476.76;0.00;0.00;1,246.13;RSD;8914364543;2024-03-31;YES;NO;217;OMV-RS;;;;D;7,914.20;Yes;772704;2024-03-19;1;
710111;107258;143;BG 2266 - UF;2024-03-25 06:12:00;OMV EVRO DIZEL;41.91;7,941.95;1,323.66;00233895;41450;41450;                  ;SR;PARTIZANSKI PUT;OMV EVRO DIZEL;189.500;7,941.95;0.00;0.00;1,323.66;RSD;8914364543;2024-03-31;YES;NO;217;OMV-RS;;;;D;8,423.90;Yes;761251;2024-03-25;1;
710111;107258;143;BG 2266 - UF;2024-03-31 18:08:00;OMV EVRO DIZEL;42.24;8,088.96;1,348.16;00236345;42120;42120;                  ;SR;PARTIZANSKI PUT;OMV EVRO DIZEL;191.500;8,088.96;0.00;0.00;1,348.16;RSD;8914364543;2024-03-31;YES;NO;217;OMV-RS;;;;D;8,574.70;Yes;780838;2024-03-31;1;
710111;107258;143;BG 2266 - UF;2024-04-22 06:09:00;OMV EVRO DIZEL;42.20;8,102.40;1,350.40;00245952;42840;42840;                  ;SR;PARTIZANSKI PUT;OMV EVRO DIZEL;192.000;8,102.40;0.00;0.00;1,350.40;RSD;8914369474;2024-04-30;YES;NO;217;OMV-RS;;;;D;8,693.20;Yes;760936;2024-04-22;1;
710111;107258;143;BG 2266 - UF;2024-05-10 06:51:00;OMV EVRO DIZEL;42.18;8,077.47;1,346.24;00253569;43600;43600;                  ;SR;PARTIZANSKI PUT;OMV EVRO DIZEL;191.500;8,077.47;0.00;0.00;1,346.24;RSD;8914371718;2024-05-15;YES;NO;217;OMV-RS;;;;D;8,646.90;Yes;765156;2024-05-10;1;
710111;107258;143;BG 2266 - UF;2024-05-20 07:02:00;OMV EVRO DIZEL;42.24;8,004.48;1,334.08;00267480;42255;42255;                  ;SR;PARTIZANSKI PUT;OMV EVRO DIZEL;189.500;8,004.48;0.00;0.00;1,334.08;RSD;8914374363;2024-05-31;YES;NO;217;OMV-RS;;;;D;8,490.20;Yes;770243;2024-05-20;1;
710111;107258;143;BG 2266 - UF;2024-05-28 07:06:00;OMV EVRO DIZEL;38.85;7,284.38;1,214.06;00261597;42900;42900;                  ;SR;PARTIZANSKI PUT;OMV EVRO DIZEL;187.500;7,284.38;0.00;0.00;1,214.06;RSD;8914374363;2024-05-31;YES;NO;217;OMV-RS;;;;D;7,808.90;Yes;770647;2024-05-28;1;
710111;107258;143;BG 2266 - UF;2024-06-07 07:12:00;OMV EVRO DIZEL;42.15;7,903.13;1,317.19;00266620;45600;45600;                  ;SR;PARTIZANSKI PUT;OMV EVRO DIZEL;187.500;7,903.13;0.00;0.00;1,317.19;RSD;8914376641;2024-06-15;YES;NO;217;OMV-RS;;;;D;8,472.20;Yes;771246;2024-06-07;1;
710111;107258;143;BG 2266 - UF;2024-06-14 07:08:00;OMV EVRO DIZEL;37.59;6,972.95;1,162.16;00270443;46200;46200;                  ;SR;PARTIZANSKI PUT;OMV EVRO DIZEL;185.500;6,972.95;0.00;0.00;1,162.16;RSD;8914376641;2024-06-15;YES;NO;217;OMV-RS;;;;D;7,480.40;Yes;770830;2024-06-14;1;
710111;107258;143;BG 2266 - UF;2024-06-22 06:32:00;OMV EVRO DIZEL;40.27;7,671.44;1,278.57;00274576;46800;46800;                  ;SR;PARTIZANSKI PUT;OMV EVRO DIZEL;190.500;7,671.44;0.00;0.00;1,278.57;RSD;8914379249;2024-06-30;YES;NO;217;OMV-RS;;;;D;8,174.80;Yes;763301;2024-06-22;1;
710111;107258;143;BG 2266 - UF;2024-06-28 07:31:00;OMV EVRO DIZEL;40.68;7,830.90;1,305.15;00285594;47450;47450;                  ;SR;ADA CIGANLIJA;OMV EVRO DIZEL;192.500;7,830.90;0.00;0.00;1,305.15;RSD;8914379249;2024-06-30;YES;NO;217;OMV-RS;;;;D;8,258.00;Yes;773211;2024-06-28;1;
710111;107258;143;BG 2266 - UF;2024-07-08 07:22:00;OMV EVRO DIZEL;38.94;7,690.65;1,281.77;00484578;48050;48050;                  ;SR;ADA CIGANLIJA;OMV EVRO DIZEL;197.500;7,690.65;0.00;0.00;1,281.77;RSD;8914381538;2024-07-15;YES;NO;217;OMV-RS;;;;D;8,099.50;Yes;772217;2024-07-08;1;
710111;107258;143;BG 2266 - UF;2024-07-17 07:32:00;OMV EVRO DIZEL;41.30;7,970.90;1,328.48;00292720;48600;48600;                  ;SR;ADA CIGANLIJA;OMV EVRO DIZEL;193.000;7,970.90;0.00;0.00;1,328.48;RSD;8914384146;2024-07-31;YES;NO;217;OMV-RS;;;;D;8,590.40;Yes;773253;2024-07-17;1;
710111;107258;143;BG 2266 - UF;2024-07-25 07:19:00;OMV EVRO DIZEL;40.90;7,771.00;1,295.17;00296057;49250;49250;                  ;SR;ADA CIGANLIJA;OMV EVRO DIZEL;190.000;7,771.00;0.00;0.00;1,295.17;RSD;8914384146;2024-07-31;YES;NO;217;OMV-RS;;;;D;8,384.50;Yes;771914;2024-07-25;1;
710111;107258;143;BG 2266 - UF;2024-08-03 07:30:00;OMV EVRO DIZEL;41.69;7,796.03;1,299.34;00300065;49950;49950;                  ;SR;ADA CIGANLIJA;OMV EVRO DIZEL;187.000;7,796.03;0.00;0.00;1,299.34;RSD;8914386444;2024-08-15;YES;NO;217;OMV-RS;;;;D;8,379.70;Yes;773058;2024-08-03;1;
710111;107258;143;BG 2266 - UF;2024-08-14 07:33:00;OMV EVRO DIZEL;40.50;7,452.00;1,242.00;00506458;50600;50600;                  ;SR;ADA CIGANLIJA;OMV EVRO DIZEL;184.000;7,452.00;0.00;0.00;1,242.00;RSD;8914386444;2024-08-15;YES;NO;217;OMV-RS;;;;D;8,019.00;Yes;773359;2024-08-14;1;
710111;107258;143;BG 2266 - UF;2024-09-06 06:28:00;OMV EVRO DIZEL;46.21;8,317.80;1,386.30;00308341;51133;51133;                  ;SR;PARTIZANSKI PUT;OMV EVRO DIZEL;180.000;8,317.80;0.00;0.00;1,386.30;RSD;8914391411;2024-09-15;YES;NO;217;OMV-RS;;;;D;8,964.70;Yes;762820;2024-09-06;1;
710111;107258;143;BG 2266 - UF;2024-09-17 07:29:00;OMV EVRO DIZEL;41.06;7,288.15;1,214.69;00524530;52050;52050;                  ;SR;ADA CIGANLIJA;OMV EVRO DIZEL;177.500;7,288.15;0.00;0.00;1,214.69;RSD;8914394055;2024-09-30;YES;NO;217;OMV-RS;;;;D;7,842.50;Yes;772950;2024-09-17;1;
710111;107258;143;BG 2266 - UF;2024-09-19 07:22:00;OMV EVRO DIZEL;41.90;7,437.25;1,239.54;00525828;52800;52800;                  ;SR;ADA CIGANLIJA;OMV EVRO DIZEL;177.500;7,437.25;0.00;0.00;1,239.54;RSD;8914394055;2024-09-30;YES;NO;217;OMV-RS;;;;D;8,002.90;Yes;772241;2024-09-19;1;
710111;107258;143;BG 2266 - UF;2024-09-26 07:28:00;OMV EVRO DIZEL;38.91;6,906.53;1,151.09;00529098;53500;53500;                  ;SR;ADA CIGANLIJA;OMV EVRO DIZEL;177.500;6,906.53;0.00;0.00;1,151.09;RSD;8914394055;2024-09-30;YES;NO;217;OMV-RS;;;;D;7,392.90;Yes;772851;2024-09-26;1;
710111;107258;143;BG 2266 - UF;2024-09-30 07:22:00;OMV EVRO DIZEL;43.07;7,644.93;1,274.15;00530750;54300;54300;                  ;SR;ADA CIGANLIJA;OMV EVRO DIZEL;177.500;7,644.93;0.00;0.00;1,274.15;RSD;8914394055;2024-09-30;YES;NO;217;OMV-RS;;;;D;8,183.30;Yes;772209;2024-09-30;1;
710111;107258;143;BG 2266 - UF;2024-10-05 08:28:00;OMV EVRO DIZEL;39.81;7,106.09;1,184.35;00565343;55050;55050;                  ;SR;BESKA 2;OMV EVRO DIZEL;178.500;7,106.09;0.00;0.00;1,184.35;RSD;8914396403;2024-10-15;YES;NO;217;OMV-RS;;;;D;7,603.70;Yes;782820;2024-10-05;1;
710111;107258;143;BG 2266 - UF;2024-10-08 15:18:00;OMV EVRO DIZEL;43.51;7,766.54;1,294.42;00285993;55750;55750;                  ;SR;BATAJNICA;OMV EVRO DIZEL;178.500;7,766.54;0.00;0.00;1,294.42;RSD;8914396403;2024-10-15;YES;NO;217;OMV-RS;;;;D;8,310.40;Yes;751842;2024-10-08;1;
710111;107258;143;BG 2266 - UF;2024-10-15 08:27:00;OMV EVRO DIZEL;41.93;7,840.91;1,306.82;00571349;55600;55600;                  ;SR;BESKA 2;OMV EVRO DIZEL;187.000;7,840.91;0.00;0.00;1,306.82;RSD;8914396403;2024-10-15;YES;NO;217;OMV-RS;;;;D;8,134.40;Yes;782821;2024-10-15;1;
710111;107258;143;BG 2266 - UF;2024-10-18 07:22:00;OMV EVRO DIZEL;42.44;7,936.28;1,322.71;00540073;57270;57270;                  ;SR;ADA CIGANLIJA;OMV EVRO DIZEL;187.000;7,936.28;0.00;0.00;1,322.71;RSD;8914399056;2024-10-31;YES;NO;217;OMV-RS;;;;D;8,233.40;Yes;772238;2024-10-18;1;
710111;107258;143;BG 2266 - UF;2024-10-24 07:21:00;OMV EVRO DIZEL;39.28;7,384.64;1,230.77;00543352;58000;58000;                  ;SR;ADA CIGANLIJA;OMV EVRO DIZEL;188.000;7,384.64;0.00;0.00;1,230.77;RSD;8914399056;2024-10-31;YES;NO;217;OMV-RS;;;;D;7,659.60;Yes;772203;2024-10-24;1;
710111;107258;143;BG 2266 - UF;2024-10-31 13:54:00;OMV EVRO DIZEL;44.27;8,234.22;1,372.37;00535708;58700;58700;                  ;SR;KRNJACA;OMV EVRO DIZEL;186.000;8,234.22;0.00;0.00;1,372.37;RSD;8914399056;2024-10-31;YES;NO;217;OMV-RS;;;;D;8,544.10;Yes;735437;2024-10-31;1;
710111;107258;143;BG 2266 - UF;2024-11-12 10:42:00;OMV EVRO DIZEL;42.31;7,954.28;1,325.71;00553743;59450;59450;                  ;SR;ADA CIGANLIJA;OMV EVRO DIZEL;188.000;7,954.28;0.00;0.00;1,325.71;RSD;8914401397;2024-11-15;YES;NO;217;OMV-RS;;;;D;8,208.10;Yes;704236;2024-11-12;1;
710111;107258;143;BG 2266 - UF;2024-11-21 07:19:00;OMV EVRO DIZEL;41.60;7,820.80;1,303.47;00558439;60150;60150;                  ;SR;ADA CIGANLIJA;OMV EVRO DIZEL;188.000;7,820.80;0.00;0.00;1,303.47;RSD;8914404050;2024-11-30;YES;NO;217;OMV-RS;;;;D;8,070.40;Yes;771925;2024-11-21;1;
710111;107258;143;BG 2266 - UF;2024-12-02 14:52:00;OMV EVRO DIZEL;43.12;8,235.92;1,372.65;00529381;0;0;                  ;SR;JURIJA GAGARINA;OMV EVRO DIZEL;191.000;8,235.92;0.00;0.00;1,372.65;RSD;8914406383;2024-12-15;YES;NO;217;OMV-RS;;;;D;8,494.60;Yes;745213;2024-12-02;1;
710111;107258;143;BG 2266 - UF;2024-12-11 06:54:00;OMV EVRO DIZEL;42.63;8,057.07;1,342.84;00568125;61600;61600;                  ;SR;ADA CIGANLIJA;OMV EVRO DIZEL;189.000;8,057.07;0.00;0.00;1,342.84;RSD;8914406383;2024-12-15;YES;NO;217;OMV-RS;;;;D;8,355.50;Yes;765542;2024-12-11;1;
710111;107258;143;BG 2266 - UF;2024-12-20 07:02:00;OMV EVRO DIZEL;40.06;7,571.34;1,261.89;00571748;62300;62300;                  ;SR;ADA CIGANLIJA;OMV EVRO DIZEL;189.000;7,571.34;0.00;0.00;1,261.89;RSD;8914409008;2024-12-31;YES;NO;217;OMV-RS;;;;D;7,851.80;Yes;770333;2024-12-20;1;
710111;107258;143;BG 2266 - UF;2025-01-04 09:05:00;OMV EVRO DIZEL;39.39;7,562.88;1,260.48;00578601;62900;62900;                  ;SR;ADA CIGANLIJA;OMV EVRO DIZEL;192.000;7,562.88;0.00;0.00;1,260.48;RSD;8915352029;2025-01-15;YES;NO;217;OMV-RS;;;;D;7,838.60;Yes;790701;2025-01-04;1;
710111;107258;143;BG 2266 - UF;2025-01-20 06:59:00;OMV EVRO DIZEL;43.23;8,559.54;1,426.59;00371706;63650;63650;                  ;SR;ADA CIGANLIJA;OMV EVRO DIZEL;198.000;8,559.54;0.00;0.00;1,426.59;RSD;8915354647;2025-01-31;YES;NO;217;OMV-RS;;;;D;8,818.90;Yes;770116;2025-01-20;1;
710111;107258;143;BG 2266 - UF;2025-01-28 10:13:00;OMV EVRO DIZEL;41.24;8,165.52;1,360.92;00001356;64300;64300;                  ;SR;ADA CIGANLIJA;OMV EVRO DIZEL;198.000;8,165.52;0.00;0.00;1,360.92;RSD;8915354647;2025-01-31;YES;NO;217;OMV-RS;;;;D;8,413.00;Yes;701534;2025-01-28;1;
710111;107258;143;BG 2266 - UF;2025-02-08 07:07:00;OMV EVRO DIZEL;42.63;8,312.85;1,385.47;00004291;65048;65048;                  ;SR;PARTIZANSKI PUT;OMV EVRO DIZEL;195.000;8,312.85;0.00;0.00;1,385.47;RSD;8915359791;2025-02-28;YES;NO;217;OMV-RS;;;;D;8,568.63;Yes;770909;2025-02-08;1;
710111;107258;143;BG 2266 - UF;2025-02-17 12:56:00;EDMAXXM ZIMSKI;40.26;8,933.70;1,488.95;00003316;65650;65650;                  ;SR;BESKA 2;EDMAXXM ZIMSKI;221.900;8,933.70;0.00;0.00;1,488.95;RSD;8915359791;2025-02-28;YES;NO;217;OMV-RS;;;;D;0.00;No;725904;2025-02-17;1;
710111;107258;143;BG 2266 - UF;2025-02-22 00:55:00;OMV EVRO DIZEL;40.27;8,054.00;1,342.33;00007770;68550;68550;                  ;SR;BACKA TOPOLA;OMV EVRO DIZEL;200.000;8,054.00;0.00;0.00;1,342.33;RSD;8915359791;2025-02-28;YES;NO;217;OMV-RS;;;;D;8,215.10;Yes;705757;2025-02-22;1;
710111;107258;143;BG 2266 - UF;2025-03-01 06:17:00;OMV EVRO DIZEL;42.72;8,501.28;1,416.88;00018071;69218;69218;                  ;SR;ADA CIGANLIJA;OMV EVRO DIZEL;199.000;8,501.28;0.00;0.00;1,416.88;RSD;8915362134;2025-03-15;YES;NO;217;OMV-RS;;;;D;8,672.20;Yes;762045;2025-03-01;1;
710111;107258;143;BG 2266 - UF;2025-03-08 15:35:00;OMV EVRO DIZEL;46.21;8,983.22;1,497.20;00024389;69955;69955;                  ;SR;JURIJA GAGARINA;OMV EVRO DIZEL;194.400;8,983.22;0.00;0.00;1,497.20;RSD;8915362134;2025-03-15;YES;NO;217;OMV-RS;;;;D;9,242.00;Yes;753511;2025-03-08;1;
710111;107258;143;BG 2266 - UF;2025-03-20 15:49:00;OMV EVRO DIZEL;43.40;8,289.40;1,381.57;00027624;70750;70750;                  ;SR;BULEVAR;OMV EVRO DIZEL;191.000;8,289.40;0.00;0.00;1,381.57;RSD;8915364775;2025-03-31;YES;NO;117;OMV-RS;;;;D;8,549.80;Yes;755321;2025-03-20;1;
710111;107258;143;BG 2266 - UF;2025-03-31 07:38:00;OMV EVRO DIZEL;42.08;7,995.20;1,332.53;00031439;71500;71500;                  ;SR;ADA CIGANLIJA;OMV EVRO DIZEL;190.000;7,995.20;0.00;0.00;1,332.53;RSD;8915364775;2025-03-31;YES;NO;217;OMV-RS;;;;D;8,247.70;Yes;774232;2025-03-31;1;
710111;107258;143;BG 2266 - UF;2025-04-08 16:36:00;OMV EVRO DIZEL;44.67;8,487.30;1,414.55;00037480;72200;72200;                  ;SR;BULEVAR;OMV EVRO DIZEL;190.000;8,487.30;0.00;0.00;1,414.55;RSD;8915367133;2025-04-15;YES;NO;117;OMV-RS;;;;D;8,755.30;Yes;764040;2025-04-08;1;
710111;107258;143;BG 2266 - UF;2025-04-16 16:50:00;OMV EVRO DIZEL;43.29;8,051.94;1,341.99;00050006;78800;78800;                  ;SR;BUBANJ POTOK;OMV EVRO DIZEL;186.000;8,051.94;0.00;0.00;1,341.99;RSD;8915369797;2025-04-30;YES;NO;217;OMV-RS;;;;D;8,311.70;Yes;765113;2025-04-16;1;
710111;107258;143;BG 2266 - UF;2025-04-26 15:49:00;OMV EVRO DIZEL;42.80;7,832.40;1,305.40;00047312;73650;73650;                  ;SR;BULEVAR;OMV EVRO DIZEL;183.000;7,832.40;0.00;0.00;1,305.40;RSD;8915369797;2025-04-30;YES;NO;117;OMV-RS;;;;D;8,089.20;Yes;755445;2025-04-26;1;
710111;107258;143;BG 2266 - UF;2025-05-12 07:12:00;OMV EVRO DIZEL;38.47;6,924.60;1,154.10;00050486;0;0;                  ;SR;ADA CIGANLIJA;OMV EVRO DIZEL;180.000;6,924.60;0.00;0.00;1,154.10;RSD;8915372197;2025-05-15;YES;NO;217;OMV-RS;;;;D;7,155.40;Yes;771301;2025-05-12;1;
710111;107258;143;BG 2266 - UF;2025-05-19 06:57:00;OMV EVRO DIZEL;41.66;7,540.46;1,256.74;00053443;75000;75000;                  ;SR;ADA CIGANLIJA;OMV EVRO DIZEL;181.000;7,540.46;0.00;0.00;1,256.74;RSD;8915374857;2025-05-31;YES;NO;217;OMV-RS;;;;D;7,790.40;Yes;765803;2025-05-19;1;
710111;107258;143;BG 2266 - UF;2025-05-27 16:51:00;OMV EVRO DIZEL;44.96;8,137.76;1,356.29;00076818;75700;75700;                  ;SR;BUBANJ POTOK;OMV EVRO DIZEL;181.000;8,137.76;0.00;0.00;1,356.29;RSD;8915374857;2025-05-31;YES;NO;217;OMV-RS;;;;D;8,407.50;Yes;765127;2025-05-27;1;
710111;107258;143;BG 2266 - UF;2025-06-10 16:29:00;OMV EVRO DIZEL;42.84;7,754.04;1,292.34;00086816;76410;76410;                  ;SR;BUBANJ POTOK;OMV EVRO DIZEL;181.000;7,754.04;0.00;0.00;1,292.34;RSD;8915377281;2025-06-15;YES;NO;217;OMV-RS;;;;D;8,011.10;Yes;762933;2025-06-10;1;
710111;107258;143;BG 2266 - UF;2025-06-19 07:20:00;OMV EVRO DIZEL;40.12;7,341.96;1,223.66;00070644;77000;77000;                  ;SR;ADA CIGANLIJA;OMV EVRO DIZEL;183.000;7,341.96;0.00;0.00;1,223.66;RSD;8915379951;2025-06-30;YES;NO;217;OMV-RS;;;;D;7,582.70;Yes;772107;2025-06-19;1;
710111;107258;143;BG 2266 - UF;2025-06-26 07:16:00;OMV EVRO DIZEL;38.75;7,207.50;1,201.25;00074870;77620;77620;                  ;SR;ADA CIGANLIJA;OMV EVRO DIZEL;186.000;7,207.50;0.00;0.00;1,201.25;RSD;8915379951;2025-06-30;YES;NO;217;OMV-RS;;;;D;7,440.00;Yes;771622;2025-06-26;1;
710111;107258;143;BG 2266 - UF;2025-07-04 07:00:00;OMV EVRO DIZEL;41.98;7,892.24;1,315.37;00080752;78300;78300;                  ;SR;ADA CIGANLIJA;OMV EVRO DIZEL;188.000;7,892.24;0.00;0.00;1,315.37;RSD;8915382357;2025-07-15;YES;NO;217;OMV-RS;;;;D;8,144.10;Yes;770056;2025-07-04;1;
710111;107258;143;BG 2266 - UF;2025-07-11 07:36:00;OMV EVRO DIZEL;38.65;7,266.20;1,211.03;00083318;78900;78900;                  ;SR;ADA CIGANLIJA;OMV EVRO DIZEL;188.000;7,266.20;0.00;0.00;1,211.03;RSD;8915382357;2025-07-15;YES;NO;217;OMV-RS;;;;D;7,498.10;Yes;773639;2025-07-11;1;
710111;107258;143;BG 2266 - UF;2025-07-18 07:21:00;OMV EVRO DIZEL;39.23;7,453.70;1,242.28;00087395;79500;79500;                  ;SR;ADA CIGANLIJA;OMV EVRO DIZEL;190.000;7,453.70;0.00;0.00;1,242.28;RSD;8915385043;2025-07-31;YES;NO;217;OMV-RS;;;;D;7,689.10;Yes;772140;2025-07-18;1;
710111;107258;143;BG 2266 - UF;2025-07-28 08:54:00;ED MAXXMOTION;45.70;9,958.00;1,659.67;00047039;0;0;                  ;SR;OBILAZNICA 1;ED MAXXMOTION;217.899;9,958.00;0.00;0.00;1,659.67;RSD;8915385043;2025-07-31;YES;NO;217;OMV-RS;;;;D;0.00;No;785411;2025-07-28;1;
710111;107258;143;BG 2266 - UF;2025-08-05 09:58:00;OMV EVRO DIZEL;43.58;8,280.20;1,380.03;00096825;80900;80900;                  ;SR;ADA CIGANLIJA;OMV EVRO DIZEL;190.000;8,280.20;0.00;0.00;1,380.03;RSD;8915387463;2025-08-15;YES;NO;217;OMV-RS;;;;D;8,541.70;Yes;795841;2025-08-05;1;
710111;107258;143;BG 2266 - UF;2025-08-14 16:10:00;OMV EVRO DIZEL;46.14;8,582.04;1,430.34;00133094;0;0;                  ;SR;BUBANJ POTOK;OMV EVRO DIZEL;186.000;8,582.04;0.00;0.00;1,430.34;RSD;8915387463;2025-08-15;YES;NO;217;OMV-RS;;;;D;8,905.00;Yes;761023;2025-08-14;1;
710111;107258;143;BG 2266 - UF;2025-09-06 08:07:00;OMV EVRO DIZEL;40.21;7,519.27;1,253.21;00149604;82212;82212;                  ;SR;BUBANJ POTOK;OMV EVRO DIZEL;187.000;7,519.27;0.00;0.00;1,253.21;RSD;8915392542;2025-09-15;YES;NO;217;OMV-RS;;;;D;7,800.70;Yes;780748;2025-09-06;1;
710111;107258;143;BG 2266 - UF;2025-09-13 06:54:00;OMV EVRO DIZEL;40.00;7,480.00;1,246.67;00112624;82935;82935;                  ;SR;ADA CIGANLIJA;OMV EVRO DIZEL;187.000;7,480.00;0.00;0.00;1,246.67;RSD;8915392542;2025-09-15;YES;NO;217;OMV-RS;;;;D;7,760.00;Yes;765442;2025-09-13;1;
710111;107258;143;BG 2266 - UF;2025-09-20 07:25:00;OMV EVRO DIZEL;37.42;7,034.96;1,172.49;00120805;83500;83500;                  ;SR;ADA CIGANLIJA;OMV EVRO DIZEL;188.000;7,034.96;0.00;0.00;1,172.49;RSD;8915395222;2025-09-30;YES;NO;217;OMV-RS;;;;D;7,296.90;Yes;772605;2025-09-20;1;
710111;107258;28;BG 1461 - DX;2024-01-03 06:14:00;OMV EVRO DIZEL;31.88;5,881.86;980.31;00170850;0;0;                  ;SR;PANCEVO 1;OMV EVRO DIZEL;184.500;5,881.86;0.00;0.00;980.31;RSD;8914352150;2024-01-15;YES;NO;117;OMV-RS;;;;D;6,216.60;Yes;761427;2024-01-03;1;
710111;107258;28;BG 1461 - DX;2024-01-19 12:34:00;OMV EVRO DIZEL;40.00;7,340.00;1,223.33;00394558;0;0;                  ;SR;BESKA 1;OMV EVRO DIZEL;183.500;7,340.00;0.00;0.00;1,223.33;RSD;8914354763;2024-01-31;YES;NO;217;OMV-RS;;;;D;7,760.00;Yes;723451;2024-01-19;1;
710111;107258;28;BG 1461 - DX;2024-02-05 06:29:00;OMV EVRO DIZEL;36.07;6,835.27;1,139.21;00249382;0;0;                  ;SR;PANCEVO 1;OMV EVRO DIZEL;189.500;6,835.27;0.00;0.00;1,139.21;RSD;8914357027;2024-02-15;YES;NO;117;OMV-RS;;;;D;7,214.00;Yes;762952;2024-02-05;1;
710111;107258;28;BG 1461 - DX;2024-02-08 09:31:00;OMV EVRO DIZEL;36.24;6,867.48;1,144.58;00138301;0;0;                  ;SR;BESKA 2;OMV EVRO DIZEL;189.500;6,867.48;0.00;0.00;1,144.58;RSD;8914357027;2024-02-15;YES;NO;217;OMV-RS;;;;D;7,248.00;Yes;793141;2024-02-08;1;
710111;107258;28;BG 1461 - DX;2024-03-23 08:31:00;OMV EVRO DIZEL;40.00;7,580.00;1,263.33;00358747;0;0;                  ;SR;OBILAZNICA 1;OMV EVRO DIZEL;189.500;7,580.00;0.00;0.00;1,263.33;RSD;8914364543;2024-03-31;YES;NO;217;OMV-RS;;;;D;8,040.00;Yes;783202;2024-03-23;1;
710111;107258;28;BG 1461 - DX;2024-04-08 06:25:00;OMV EVRO DIZEL;38.61;7,413.12;1,235.52;00194258;0;0;                  ;SR;PANCEVO 1;OMV EVRO DIZEL;192.000;7,413.12;0.00;0.00;1,235.52;RSD;8914366835;2024-04-15;YES;NO;117;OMV-RS;;;;D;7,953.70;Yes;762557;2024-04-08;1;
710111;107258;28;BG 1461 - DX;2024-04-24 06:25:00;OMV EVRO DIZEL;40.00;7,680.00;1,280.00;00246613;0;0;                  ;SR;PARTIZANSKI PUT;OMV EVRO DIZEL;192.000;7,680.00;0.00;0.00;1,280.00;RSD;8914369474;2024-04-30;YES;NO;217;OMV-RS;;;;D;8,240.00;Yes;762543;2024-04-24;1;
710111;107258;28;BG 1461 - DX;2024-04-26 15:58:00;OMV EVRO DIZEL;36.34;6,977.28;1,162.88;00247618;0;0;                  ;SR;PARTIZANSKI PUT;OMV EVRO DIZEL;192.000;6,977.28;0.00;0.00;1,162.88;RSD;8914369474;2024-04-30;YES;NO;217;OMV-RS;;;;D;7,486.00;Yes;755821;2024-04-26;1;
710111;107258;28;BG 1461 - DX;2024-05-16 12:24:00;OMV EVRO DIZEL;44.18;8,372.11;1,395.35;00050242;0;0;                  ;SR;BUBANJ POTOK;OMV EVRO DIZEL;189.500;8,372.11;0.00;0.00;1,395.35;RSD;8914374363;2024-05-31;YES;NO;217;OMV-RS;;;;D;8,968.50;Yes;722409;2024-05-16;1;
710111;107258;28;BG 1461 - DX;2024-05-20 06:32:00;OMV EVRO DIZEL;34.87;6,607.87;1,101.31;00257806;0;0;                  ;SR;PARTIZANSKI PUT;OMV EVRO DIZEL;189.500;6,607.87;0.00;0.00;1,101.31;RSD;8914374363;2024-05-31;YES;NO;217;OMV-RS;;;;D;7,008.90;Yes;763216;2024-05-20;1;
710111;107258;28;BG 1461 - DX;2024-05-24 06:26:00;OMV EVRO DIZEL;40.66;7,623.75;1,270.62;00259577;0;0;                  ;SR;PARTIZANSKI PUT;OMV EVRO DIZEL;187.500;7,623.75;0.00;0.00;1,270.62;RSD;8914374363;2024-05-31;YES;NO;217;OMV-RS;;;;D;8,172.70;Yes;762651;2024-05-24;1;
710111;107258;28;BG 1461 - DX;2024-05-27 06:16:00;OMV EVRO DIZEL;38.15;7,153.13;1,192.19;00299405;0;0;                  ;SR;PANCEVO 1;OMV EVRO DIZEL;187.500;7,153.13;0.00;0.00;1,192.19;RSD;8914374363;2024-05-31;YES;NO;117;OMV-RS;;;;D;7,668.20;Yes;761640;2024-05-27;1;
710111;107258;28;BG 1461 - DX;2024-05-30 06:29:00;OMV EVRO DIZEL;34.30;6,431.25;1,071.87;00262606;0;0;                  ;SR;PARTIZANSKI PUT;OMV EVRO DIZEL;187.500;6,431.25;0.00;0.00;1,071.87;RSD;8914374363;2024-05-31;YES;NO;217;OMV-RS;;;;D;6,894.30;Yes;762919;2024-05-30;1;
710111;107258;28;BG 1461 - DX;2024-06-04 06:38:00;OMV EVRO DIZEL;36.73;6,886.88;1,147.81;00264875;0;0;                  ;SR;PARTIZANSKI PUT;OMV EVRO DIZEL;187.500;6,886.88;0.00;0.00;1,147.81;RSD;8914376641;2024-06-15;YES;NO;217;OMV-RS;;;;D;7,382.70;Yes;763849;2024-06-04;1;
710111;107258;28;BG 1461 - DX;2024-06-13 06:27:00;OMV EVRO DIZEL;35.55;6,594.53;1,099.09;00269740;0;0;                  ;SR;PARTIZANSKI PUT;OMV EVRO DIZEL;185.500;6,594.53;0.00;0.00;1,099.09;RSD;8914376641;2024-06-15;YES;NO;217;OMV-RS;;;;D;7,074.50;Yes;762745;2024-06-13;1;
710111;107258;28;BG 1461 - DX;2024-06-17 06:38:00;OMV EVRO DIZEL;41.25;7,734.38;1,289.06;00272000;0;0;                  ;SR;PARTIZANSKI PUT;OMV EVRO DIZEL;187.500;7,734.38;0.00;0.00;1,289.06;RSD;8914379249;2024-06-30;YES;NO;217;OMV-RS;;;;D;8,291.30;Yes;763827;2024-06-17;1;
710111;107258;28;BG 1461 - DX;2024-06-20 06:10:00;OMV EVRO DIZEL;46.43;8,705.63;1,450.94;00309805;0;0;                  ;SR;PANCEVO 1;OMV EVRO DIZEL;187.500;8,705.63;0.00;0.00;1,450.94;RSD;8914379249;2024-06-30;YES;NO;117;OMV-RS;;;;D;9,332.40;Yes;761034;2024-06-20;1;
710111;107258;28;BG 1461 - DX;2024-06-22 19:03:00;OMV EVRO DIZEL;43.46;8,279.13;1,379.85;00277086;0;0;                  ;SR;PARTIZANSKI PUT;OMV EVRO DIZEL;190.500;8,279.13;0.00;0.00;1,379.85;RSD;8914379249;2024-06-30;YES;NO;217;OMV-RS;;;;D;8,822.40;Yes;790401;2024-06-22;1;
710111;107258;28;BG 1461 - DX;2024-06-27 06:25:00;OMV EVRO DIZEL;35.41;6,781.02;1,130.17;00276579;0;0;                  ;SR;PARTIZANSKI PUT;OMV EVRO DIZEL;191.500;6,781.02;0.00;0.00;1,130.17;RSD;8914379249;2024-06-30;YES;NO;217;OMV-RS;;;;D;7,188.20;Yes;762516;2024-06-27;1;
710111;107258;28;BG 1461 - DX;2024-07-01 09:32:00;OMV EVRO DIZEL;33.04;6,360.20;1,060.03;00357494;0;0;                  ;SR;POZAREVAC;OMV EVRO DIZEL;192.500;6,360.20;0.00;0.00;1,060.03;RSD;8914381538;2024-07-15;YES;NO;117;OMV-RS;;;;D;6,773.20;Yes;793243;2024-07-01;1;
710111;107258;28;BG 1461 - DX;2024-07-19 06:03:00;OMV EVRO DIZEL;36.67;7,040.64;1,173.44;00286437;0;0;                  ;SR;PARTIZANSKI PUT;OMV EVRO DIZEL;192.000;7,040.64;0.00;0.00;1,173.44;RSD;8914384146;2024-07-31;YES;NO;217;OMV-RS;;;;D;7,627.40;Yes;760354;2024-07-19;1;
710111;107258;28;BG 1461 - DX;2024-07-23 06:06:00;OMV EVRO DIZEL;38.85;7,381.50;1,230.25;00324820;0;0;                  ;SR;PANCEVO 1;OMV EVRO DIZEL;190.000;7,381.50;0.00;0.00;1,230.25;RSD;8914384146;2024-07-31;YES;NO;117;OMV-RS;;;;D;7,964.30;Yes;760654;2024-07-23;1;
710111;107258;28;BG 1461 - DX;2024-08-13 06:38:00;OMV EVRO DIZEL;38.36;7,058.24;1,176.37;00297410;0;0;                  ;SR;PARTIZANSKI PUT;OMV EVRO DIZEL;184.000;7,058.24;0.00;0.00;1,176.37;RSD;8914386444;2024-08-15;YES;NO;217;OMV-RS;;;;D;7,595.30;Yes;763827;2024-08-13;1;
710111;107258;28;BG 1461 - DX;2024-08-19 06:31:00;OMV EVRO DIZEL;45.55;8,381.20;1,396.87;00299994;0;0;                  ;SR;PARTIZANSKI PUT;OMV EVRO DIZEL;184.000;8,381.20;0.00;0.00;1,396.87;RSD;8914389074;2024-08-31;YES;NO;217;OMV-RS;;;;D;9,018.90;Yes;763123;2024-08-19;1;
710111;107258;28;BG 1461 - DX;2024-08-26 11:29:00;OMV EVRO DIZEL;42.48;7,688.88;1,281.48;00470039;0;0;                  ;SR;JURIJA GAGARINA;OMV EVRO DIZEL;181.000;7,688.88;0.00;0.00;1,281.48;RSD;8914389074;2024-08-31;YES;NO;217;OMV-RS;;;;D;8,283.60;Yes;712916;2024-08-26;1;
710111;107258;28;BG 1461 - DX;2024-10-09 19:49:00;OMV EVRO DIZEL;39.70;7,304.80;1,217.47;00535097;149636;149636;                  ;SR;ADA CIGANLIJA;OMV EVRO DIZEL;184.000;7,304.80;0.00;0.00;1,217.47;RSD;8914396403;2024-10-15;YES;NO;217;OMV-RS;;;;D;7,582.70;Yes;795009;2024-10-09;1;
710111;107258;28;BG 1461 - DX;2024-10-18 15:10:00;OMV EVRO DIZEL;41.95;7,886.60;1,314.43;00012954;150356;150356;                  ;SR;BULEVAR;OMV EVRO DIZEL;188.000;7,886.60;0.00;0.00;1,314.43;RSD;8914399056;2024-10-31;YES;NO;117;OMV-RS;;;;D;8,180.30;Yes;751032;2024-10-18;1;
710111;107258;28;BG 1461 - DX;2024-10-30 14:48:00;OMV EVRO DIZEL;45.00;8,370.00;1,395.00;00263912;151084;151084;                  ;SR;JURIJA GAGARINA;OMV EVRO DIZEL;186.000;8,370.00;0.00;0.00;1,395.00;RSD;8914399056;2024-10-31;YES;NO;217;OMV-RS;;;;D;8,685.00;Yes;744836;2024-10-30;1;
710111;107258;28;BG 1461 - DX;2024-11-08 17:35:00;OMV EVRO DIZEL;43.22;8,125.36;1,354.23;00515309;151816;151816;                  ;SR;JURIJA GAGARINA;OMV EVRO DIZEL;188.000;8,125.36;0.00;0.00;1,354.23;RSD;8914401397;2024-11-15;YES;NO;217;OMV-RS;;;;D;8,384.70;Yes;773547;2024-11-08;1;
710111;107258;28;BG 1461 - DX;2025-01-06 16:36:00;OMV EVRO DIZEL;40.00;7,680.00;1,280.00;00109850;152361;152361;                  ;SR;JURIJA GAGARINA;OMV EVRO DIZEL;192.000;7,680.00;0.00;0.00;1,280.00;RSD;8915352029;2025-01-15;YES;NO;217;OMV-RS;;;;D;7,960.00;Yes;763652;2025-01-06;1;
710111;107258;28;BG 1461 - DX;2025-01-18 17:22:00;OMV EVRO DIZEL;47.35;9,375.30;1,562.55;00556171;153006;153006;                  ;SR;JURIJA GAGARINA;OMV EVRO DIZEL;198.000;9,375.30;0.00;0.00;1,562.55;RSD;8915354647;2025-01-31;YES;NO;217;OMV-RS;;;;D;9,659.40;Yes;772229;2025-01-18;1;
710111;107258;28;BG 1461 - DX;2025-01-29 14:13:00;OMV EVRO DIZEL;43.01;8,515.98;1,419.33;00001803;153690;153690;                  ;SR;ADA CIGANLIJA;OMV EVRO DIZEL;198.000;8,515.98;0.00;0.00;1,419.33;RSD;8915354647;2025-01-31;YES;NO;217;OMV-RS;;;;D;8,774.00;Yes;741530;2025-01-29;1;
710111;107258;28;BG 1461 - DX;2025-02-06 19:58:00;OMV EVRO DIZEL;44.12;8,603.40;1,433.90;00008438;154329;154329;                  ;SR;JURIJA GAGARINA;OMV EVRO DIZEL;195.000;8,603.40;0.00;0.00;1,433.90;RSD;8915357106;2025-02-15;YES;NO;217;OMV-RS;;;;D;8,868.10;Yes;795840;2025-02-06;1;
710111;107258;28;BG 1461 - DX;2025-02-16 13:51:00;OMV EVRO DIZEL;46.11;9,222.00;1,537.00;00011773;154954;154954;                  ;SR;ADA CIGANLIJA;OMV EVRO DIZEL;200.000;9,222.00;0.00;0.00;1,537.00;RSD;8915359791;2025-02-28;YES;NO;217;OMV-RS;;;;D;9,360.30;Yes;735430;2025-02-16;1;
710111;107258;28;BG 1461 - DX;2025-02-28 15:45:00;OMV EVRO DIZEL;34.74;6,913.26;1,152.21;00019775;155509;155509;                  ;SR;JURIJA GAGARINA;OMV EVRO DIZEL;199.000;6,913.26;0.00;0.00;1,152.21;RSD;8915359791;2025-02-28;YES;NO;217;OMV-RS;;;;D;7,052.20;Yes;754524;2025-02-28;1;
710111;107258;28;BG 1461 - DX;2025-03-04 15:01:00;OMV EVRO DIZEL;40.84;8,127.16;1,354.53;00019563;156081;156081;                  ;SR;BULEVAR;OMV EVRO DIZEL;199.000;8,127.16;0.00;0.00;1,354.53;RSD;8915362134;2025-03-15;YES;NO;117;OMV-RS;;;;D;8,290.50;Yes;750502;2025-03-04;1;
710111;107258;28;BG 1461 - DX;2025-03-13 06:59:00;OMV EVRO DIZEL;33.28;6,469.63;1,078.27;00029051;156610;156610;                  ;SR;BUBANJ POTOK;OMV EVRO DIZEL;194.400;6,469.63;0.00;0.00;1,078.27;RSD;8915362134;2025-03-15;YES;NO;217;OMV-RS;;;;D;6,656.00;Yes;765948;2025-03-13;1;
710111;107258;28;BG 1461 - DX;2025-03-21 06:29:00;OMV EVRO DIZEL;41.65;7,955.15;1,325.86;00019978;157335;157335;                  ;SR;KRNJACA;OMV EVRO DIZEL;191.000;7,955.15;0.00;0.00;1,325.86;RSD;8915364775;2025-03-31;YES;NO;217;OMV-RS;;;;D;8,205.10;Yes;763225;2025-03-21;1;
710111;107258;28;BG 1461 - DX;2025-04-02 12:33:00;OMV EVRO DIZEL;33.63;6,389.70;1,064.95;00027346;0;0;                  ;SR;LAPOVO JUG;OMV EVRO DIZEL;190.000;6,389.70;0.00;0.00;1,064.95;RSD;8915367133;2025-04-15;YES;NO;217;OMV-RS;;;;D;6,591.50;Yes;723349;2025-04-02;1;
710111;107258;28;BG 1461 - DX;2025-04-14 18:27:00;OMV EVRO DIZEL;38.10;7,086.60;1,181.10;00037845;0;0;                  ;SR;PARTIZANSKI PUT;OMV EVRO DIZEL;186.000;7,086.60;0.00;0.00;1,181.10;RSD;8915367133;2025-04-15;YES;NO;217;OMV-RS;;;;D;7,315.20;Yes;782944;2025-04-14;1;
710111;107258;28;BG 1461 - DX;2025-04-26 17:44:00;OMV EVRO DIZEL;40.22;7,360.26;1,226.71;00003299;0;0;                  ;SR;KOVIN;OMV EVRO DIZEL;183.000;7,360.26;0.00;0.00;1,226.71;RSD;8915369797;2025-04-30;YES;NO;117;OMV-RS;;;;D;7,601.60;Yes;774533;2025-04-26;1;
710111;107258;28;BG 1461 - DX;2025-05-06 05:46:00;OMV EVRO DIZEL;37.09;6,750.38;1,125.06;00035678;0;0;                  ;SR;PANCEVO 1;OMV EVRO DIZEL;182.000;6,750.38;0.00;0.00;1,125.06;RSD;8915372197;2025-05-15;YES;NO;117;OMV-RS;;;;D;6,972.90;Yes;755027;2025-05-06;1;
710111;107258;28;BG 1461 - DX;2025-05-09 06:50:00;OMV EVRO DIZEL;39.52;7,192.64;1,198.77;00026133;0;0;                  ;SR;BUBANJ POTOK;OMV EVRO DIZEL;182.000;7,192.64;0.00;0.00;1,198.77;RSD;8915372197;2025-05-15;YES;NO;217;OMV-RS;;;;D;7,429.80;Yes;765403;2025-05-09;1;
710111;107258;28;BG 1461 - DX;2025-05-17 16:46:00;OMV EVRO DIZEL;41.70;7,547.70;1,257.95;00042300;0;0;                  ;SR;KOVIN;OMV EVRO DIZEL;181.000;7,547.70;0.00;0.00;1,257.95;RSD;8915374857;2025-05-31;YES;NO;117;OMV-RS;;;;D;7,797.90;Yes;764735;2025-05-17;1;
710111;107258;28;BG 1461 - DX;2025-05-30 06:15:00;OMV EVRO DIZEL;37.68;6,820.08;1,136.68;00029017;0;0;                  ;SR;PANCEVO 1;OMV EVRO DIZEL;181.000;6,820.08;0.00;0.00;1,136.68;RSD;8915374857;2025-05-31;YES;NO;117;OMV-RS;;;;D;7,046.20;Yes;761552;2025-05-30;1;
710111;107258;28;BG 1461 - DX;2025-07-12 18:22:00;OMV EVRO DIZEL;47.41;9,007.90;1,501.32;00086047;164256;164256;                  ;SR;JURIJA GAGARINA;OMV EVRO DIZEL;190.000;9,007.90;0.00;0.00;1,501.32;RSD;8915382357;2025-07-15;YES;NO;217;OMV-RS;;;;D;9,292.40;Yes;782238;2025-07-12;1;
710111;107258;28;BG 1461 - DX;2025-07-26 09:43:00;OMV EVRO DIZEL;44.77;8,506.30;1,417.72;00036038;165452;165452;                  ;SR;JURIJA GAGARINA;OMV EVRO DIZEL;190.000;8,506.30;0.00;0.00;1,417.72;RSD;8915385043;2025-07-31;YES;NO;217;OMV-RS;;;;D;8,774.90;Yes;794410;2025-07-26;1;
710111;107258;28;BG 1461 - DX;2025-07-31 18:58:00;OMV EVRO DIZEL;42.19;8,016.10;1,336.02;00064233;0;0;                  ;SR;RAZANJ;OMV EVRO DIZEL;190.000;8,016.10;0.00;0.00;1,336.02;RSD;8915385043;2025-07-31;YES;NO;217;OMV-RS;;;;D;8,269.20;Yes;785835;2025-07-31;1;
710111;107258;28;BG 1461 - DX;2025-08-07 16:53:00;OMV EVRO DIZEL;43.37;8,240.30;1,373.38;00097075;0;0;                  ;SR;VRANJE;OMV EVRO DIZEL;190.000;8,240.30;0.00;0.00;1,373.38;RSD;8915387463;2025-08-15;YES;NO;117;OMV-RS;;;;D;8,500.50;Yes;765320;2025-08-07;1;
710111;107258;28;BG 1461 - DX;2025-08-11 16:28:00;OMV EVRO DIZEL;45.05;8,379.30;1,396.55;00099636;0;0;                  ;SR;VRANJE;OMV EVRO DIZEL;186.000;8,379.30;0.00;0.00;1,396.55;RSD;8915387463;2025-08-15;YES;NO;117;OMV-RS;;;;D;8,694.70;Yes;762844;2025-08-11;1;
710111;107258;28;BG 1461 - DX;2025-09-15 10:05:00;OMV EVRO DIZEL;38.29;7,160.23;1,193.37;00146428;0;0;                  ;SR;LAPOVO JUG;OMV EVRO DIZEL;187.000;7,160.23;0.00;0.00;1,193.37;RSD;8915392542;2025-09-15;YES;NO;217;OMV-RS;;;;D;7,428.30;Yes;700539;2025-09-15;1;
710111;107258;28;BG 1461 - DX;2025-09-17 06:13:00;OMV EVRO DIZEL;39.88;7,457.56;1,242.93;00098552;0;0;                  ;SR;PANCEVO 1;OMV EVRO DIZEL;187.000;7,457.56;0.00;0.00;1,242.93;RSD;8915395222;2025-09-30;YES;NO;117;OMV-RS;;;;D;7,736.70;Yes;761337;2025-09-17;1;
710111;107258;325;BG 2521 - SF;2025-10-02 08:07:00;OMV EVRO DIZEL;21.99;4,134.12;689.02;00069712;0;0;                  ;SR;RUMA;OMV EVRO DIZEL;188.000;4,134.12;0.00;0.00;689.02;RSD;8915397668;2025-10-15;YES;NO;217;OMV-RS;;;;D;4,288.10;Yes;780753;2025-10-02;1;
710111;107258;325;BG 2521 - SF;2025-10-06 08:06:00;OMV EVRO DIZEL;25.55;4,803.40;800.57;00132918;0;0;                  ;SR;RUMA;OMV EVRO DIZEL;188.000;4,803.40;0.00;0.00;800.57;RSD;8915397668;2025-10-15;YES;NO;217;OMV-RS;;;;D;4,982.30;Yes;780633;2025-10-06;1;
710111;107258;325;BG 2521 - SF;2025-10-08 07:58:00;OMV EVRO DIZEL;24.77;4,656.76;776.13;00071147;0;0;                  ;SR;RUMA;OMV EVRO DIZEL;188.000;4,656.76;0.00;0.00;776.13;RSD;8915397668;2025-10-15;YES;NO;217;OMV-RS;;;;D;4,830.20;Yes;775858;2025-10-08;1;
710111;107258;325;BG 2521 - SF;2025-10-16 11:34:00;ED MAXXMOTION;31.20;6,361.70;1,060.28;00133611;0;0;                  ;SR;ADA CIGANLIJA;ED MAXXMOTION;203.901;6,361.70;0.00;0.00;1,060.28;RSD;8915400359;2025-10-31;YES;NO;217;OMV-RS;;;;D;0.00;No;713435;2025-10-16;1;
710111;107258;325;BG 2521 - SF;2025-11-20 12:01:00;ED MAXXMOTION;41.75;9,264.30;1,544.05;00156778;0;0;                  ;SR;RUMA;ED MAXXMOTION;221.899;9,264.30;0.00;0.00;1,544.05;RSD;8915405535;2025-11-30;YES;NO;217;OMV-RS;;;;D;0.00;No;720152;2025-11-20;1;
710111;107258;325;BG 2521 - SF;2025-12-15 08:14:00;OMV EVRO DIZEL;37.78;7,253.76;1,208.96;00099947;0;0;                  ;SR;BUBANJ POTOK;OMV EVRO DIZEL;192.000;7,253.76;0.00;0.00;1,208.96;RSD;8915408077;2025-12-15;YES;NO;217;OMV-RS;;;;D;7,480.44;Yes;781419;2025-12-15;1;
710111;107258;325;BG 2521 - SF;2025-12-19 11:16:00;OMV EVRO DIZEL;26.48;5,070.92;845.15;00163201;0;0;                  ;SR;ADA CIGANLIJA;OMV EVRO DIZEL;191.500;5,070.92;0.00;0.00;845.15;RSD;8915410794;2025-12-31;YES;NO;217;OMV-RS;;;;D;5,243.04;Yes;711650;2025-12-19;1;
710111;107258;325;BG 2521 - SF;2026-01-28 10:12:00;OMV EVRO DIZEL;46.01;8,580.87;1,430.14;00178998;0;0;                  ;SR;JURIJA GAGARINA;OMV EVRO DIZEL;186.500;8,580.87;0.00;0.00;1,430.14;RSD;8916354637;2026-01-31;YES;NO;217;OMV-RS;;;;D;8,879.93;Yes;701220;2026-01-28;1;
710111;107258;325;BG 2521 - SF;2026-05-29 06:45:00;OMV EVRO DIZEL;22.23;4,923.95;820.66;00153698;141805;141805;                  ;SR;BUBANJ POTOK;OMV EVRO DIZEL;221.500;4,923.95;0.00;0.00;820.66;RSD;8916378386;2026-05-31;YES;NO;217;OMV-RS;;;;D;5,001.75;Yes;764641;2026-05-29;1;
710111;107258;325;BG 2521 - SF;2026-05-29 11:45:00;OMV EVRO DIZEL;34.00;7,531.00;1,255.17;00048376;0;0;                  ;SR;LAPOVO SEVER;OMV EVRO DIZEL;221.500;7,531.00;0.00;0.00;1,255.17;RSD;8916378386;2026-05-31;YES;NO;217;OMV-RS;;;;D;7,650.00;Yes;714524;2026-05-29;1;
710111;107258;325;BG 2521 - SF;2026-07-13 10:52:00;OMV EVRO DIZEL;30.82;6,626.30;1,104.38;00005185;0;0;                  ;SR;ADA CIGANLIJA;OMV EVRO DIZEL;215.000;6,626.30;0.00;0.00;1,104.38;RSD;8916393376;2026-07-15;YES;NO;217;OMV-RS;;;;D;6,780.40;Yes;705244;2026-07-13;1;
710111;107258;101;BG 2013 - VK;2024-01-31 08:17:00;OMV EVRO DIZEL;90.00;16,875.00;2,812.50;00380208;338545;338545;                  ;SR;LAPOVO JUG;OMV EVRO DIZEL;187.500;16,875.00;0.00;0.00;2,812.50;RSD;8914354763;2024-01-31;YES;NO;217;OMV-RS;;;;D;17,820.00;Yes;781819;2024-01-31;1;
710111;107258;101;BG 2013 - VK;2024-02-02 07:54:00;OMV EVRO DIZEL;95.00;17,907.50;2,984.58;00336855;0;0;                  ;SR;OBILAZNICA 1;OMV EVRO DIZEL;188.500;17,907.50;0.00;0.00;2,984.58;RSD;8914357027;2024-02-15;YES;NO;217;OMV-RS;;;;D;18,810.00;Yes;775427;2024-02-02;1;
710111;107258;101;BG 2013 - VK;2024-03-11 11:49:00;OMV EVRO DIZEL;117.00;22,581.00;3,763.50;00168434;356265;356265;                  ;SR;CACAK;OMV EVRO DIZEL;193.000;22,581.00;0.00;0.00;3,763.50;RSD;8914361928;2024-03-15;YES;NO;217;OMV-RS;;;;D;23,634.00;Yes;714943;2024-03-11;1;
710111;107258;101;BG 2013 - VK;2024-04-16 15:06:00;OMV EVRO DIZEL;145.16;27,870.72;4,645.12;00372326;0;0;                  ;SR;OBILAZNICA 1;OMV EVRO DIZEL;192.000;27,870.72;0.00;0.00;4,645.12;RSD;8914369474;2024-04-30;YES;NO;217;OMV-RS;;;;D;29,903.00;Yes;750639;2024-04-16;1;
710111;107258;101;BG 2013 - VK;2024-05-26 10:13:00;OMV EVRO DIZEL;104.84;19,657.50;3,276.25;00181976;300260;300260;                  ;SR;RUMA;OMV EVRO DIZEL;187.500;19,657.50;0.00;0.00;3,276.25;RSD;8914374363;2024-05-31;YES;NO;217;OMV-RS;;;;D;21,072.80;Yes;701400;2024-05-26;1;
710111;107258;101;BG 2013 - VK;2024-06-04 08:16:00;OMV EVRO DIZEL;92.00;17,250.00;2,875.00;00400354;0;0;                  ;SR;OBILAZNICA 1;OMV EVRO DIZEL;187.500;17,250.00;0.00;0.00;2,875.00;RSD;8914376641;2024-06-15;YES;NO;217;OMV-RS;;;;D;18,492.00;Yes;781646;2024-06-04;1;
710111;107258;101;BG 2013 - VK;2024-07-08 11:48:00;OMV EVRO DIZEL;116.00;22,910.00;3,818.33;00484927;340950;340950;                  ;SR;ALEKSINAC;OMV EVRO DIZEL;197.500;22,910.00;0.00;0.00;3,818.33;RSD;8914381538;2024-07-15;YES;NO;217;OMV-RS;;;;D;24,128.00;Yes;714815;2024-07-08;1;
710111;107258;101;BG 2013 - VK;2024-07-08 11:55:00;AdBlue;31.81;2,203.80;367.30;00484935;0;0;                  ;SR;ALEKSINAC;AdBlue;69.280;2,203.80;0.00;0.00;367.30;RSD;8914381538;2024-07-15;YES;NO;217;OMV-RS;;;;D;3,944.40;Yes;715537;2024-07-08;1;
710111;107258;101;BG 2013 - VK;2024-07-17 10:15:00;OMV EVRO DIZEL;96.16;18,558.88;3,093.15;00059706;341296;341296;                  ;SR;DOLJEVAC;OMV EVRO DIZEL;193.000;18,558.88;0.00;0.00;3,093.15;RSD;8914384146;2024-07-31;YES;NO;217;OMV-RS;;;;D;20,001.30;Yes;701530;2024-07-17;1;
710111;107258;101;BG 2013 - VK;2024-09-09 08:41:00;OMV EVRO DIZEL;66.00;11,880.00;1,980.00;00274925;341583;341583;                  ;SR;METRO;OMV EVRO DIZEL;180.000;11,880.00;0.00;0.00;1,980.00;RSD;8914391411;2024-09-15;YES;NO;217;OMV-RS;;;;D;12,804.00;Yes;784154;2024-09-09;1;
710111;107258;101;BG 2013 - VK;2024-09-20 09:46:00;OMV EVRO DIZEL;103.00;18,282.50;3,047.08;00392185;0;0;                  ;SR;ZRENJANIN 2;OMV EVRO DIZEL;177.500;18,282.50;0.00;0.00;3,047.08;RSD;8914394055;2024-09-30;YES;NO;117;OMV-RS;;;;D;19,673.00;Yes;794707;2024-09-20;1;
710111;107258;101;BG 2013 - VK;2024-09-24 14:54:00;OMV EVRO DIZEL;84.75;15,043.13;2,507.19;00394379;0;0;                  ;SR;ZRENJANIN 2;OMV EVRO DIZEL;177.500;15,043.13;0.00;0.00;2,507.19;RSD;8914394055;2024-09-30;YES;NO;117;OMV-RS;;;;D;16,102.50;Yes;745425;2024-09-24;1;
710111;107258;101;BG 2013 - VK;2024-12-18 12:07:00;OMV EVRO DIZEL;70.00;13,230.00;2,205.00;00046443;0;0;                  ;SR;DOBANOVCI-SURCIN;OMV EVRO DIZEL;189.000;13,230.00;0.00;0.00;2,205.00;RSD;8914409008;2024-12-31;YES;NO;217;OMV-RS;;;;D;13,720.00;Yes;720747;2024-12-18;1;
710111;107258;101;BG 2013 - VK;2025-02-13 10:46:00;OMV EVRO DIZEL;100.00;19,800.00;3,300.00;00067842;342747;342747;                  ;SR;DOBANOVCI-SURCIN;OMV EVRO DIZEL;198.000;19,800.00;0.00;0.00;3,300.00;RSD;8915359791;2025-02-28;YES;NO;217;OMV-RS;;;;D;20,100.00;Yes;704556;2025-02-13;1;
710111;107258;101;BG 2013 - VK;2025-04-05 14:31:00;OMV EVRO DIZEL;101.00;19,190.00;3,198.33;00088776;0;0;                  ;SR;DOBANOVCI-SURCIN;OMV EVRO DIZEL;190.000;19,190.00;0.00;0.00;3,198.33;RSD;8915367133;2025-04-15;YES;NO;217;OMV-RS;;;;D;19,796.00;Yes;742953;2025-04-05;1;
710111;107258;101;BG 2013 - VK;2025-05-26 12:03:00;OMV EVRO DIZEL;100.02;18,103.62;3,017.27;00053818;343385;343385;                  ;SR;UZICE;OMV EVRO DIZEL;181.000;18,103.62;0.00;0.00;3,017.27;RSD;8915374857;2025-05-31;YES;NO;117;OMV-RS;;;;D;18,703.70;Yes;720349;2025-05-26;1;
710111;107258;101;BG 2013 - VK;2025-08-21 13:55:00;AdBlue;29.84;2,843.16;473.86;00086202;0;0;                  ;SR;LAPOVO JUG;AdBlue;95.280;2,843.16;0.00;0.00;473.86;RSD;8915390137;2025-08-31;YES;NO;217;OMV-RS;;;;D;3,998.60;Yes;735515;2025-08-21;1;
710111;107258;101;BG 2013 - VK;2025-08-21 13:55:00;OMV EVRO DIZEL;109.45;20,248.25;3,374.71;00086202;0;0;                  ;SR;LAPOVO JUG;OMV EVRO DIZEL;185.000;20,248.25;0.00;0.00;3,374.71;RSD;8915390137;2025-08-31;YES;NO;217;OMV-RS;;;;D;21,014.40;Yes;735515;2025-08-21;1;
710111;107258;101;BG 2013 - VK;2025-09-17 09:21:00;OMV EVRO DIZEL;100.00;18,700.00;3,116.67;00172807;0;0;                  ;SR;DOBANOVCI-SURCIN;OMV EVRO DIZEL;187.000;18,700.00;0.00;0.00;3,116.67;RSD;8915395222;2025-09-30;YES;NO;217;OMV-RS;;;;D;19,400.00;Yes;792201;2025-09-17;1;
